security_no,symbol,isin,isin_derived,isin_matches_derived,name_en,name_he,symbol_he,sub_type,issuer_id,yahoo_ticker
103010,TTAM,IL0001030100,IL0001030100,True,TIV TAAM,טיב טעם,טטעמ,Shares,103,TTAM.TA
106013,CNGL,IL0001060131,IL0001060131,True,CANADA GLOBAL,קנדה גלובל,קנגל,Shares,106,CNGL.TA
1080456,RIMO,IL0010804560,IL0010804560,True,RIMONI,רימוני,רמני,Shares,76,RIMO.TA
1080522,AUIS,IL0010805229,IL0010805229,True,AUSTRALIA ISR,אוסטרליה ישראל,אסיש,Shares,1001,AUIS.TA
1080597,GLTL,IL0010805971,IL0010805971,True,GILAT TELECOM,גילת טלקום,גלטל,Shares,1006,GLTL.TA
1080613,ANLT,IL0010806136,IL0010806136,True,ANALYST,אנליסט,אנלסט,Shares,1008,ANLT.TA
1080753,ILX,IL0010807530,IL0010807530,True,ILEX MEDICAL,אילקס מדיקל,אילקס,Shares,1019,ILX.TA
1080837,SHAN,IL0010808371,IL0010808371,True,SHANIV,שניב,שניב,Shares,1025,SHAN.TA
1080928,ININ,IL0010809288,IL0010809288,True,INTER INDSTRIES,אינטר תעשיות,אנתע,Shares,1028,ININ.TA
1080985,ISRO,IL0010809858,IL0010809858,True,ISROTEL,ישרוטל,ישרטל,Shares,1032,ISRO.TA
1081009,REKA,IL0010810096,IL0010810096,True,REKAH,רקח,רקח,Shares,1033,REKA.TA
1081074,ISTA,IL0010810740,IL0010810740,True,ISSTA,איסתא,אסתא,Shares,1036,ISTA.TA
1081116,ELRL,IL0010811169,IL0010811169,True,ELBIT REAL EST,"אלביט נדל""ן",אלנל,Shares,1039,ELRL.TA
1081124,ESLT,IL0010811243,IL0010811243,True,ELBIT SYSTEMS,אלביט מערכות,אלבמע,Shares,1040,ESLT.TA
1081165,MGDL,IL0010811656,IL0010811656,True,MIGDAL INSUR.,מגדל ביטוח,מגדל,Shares,1041,MGDL.TA
1081439,LUDN,IL0010814395,IL0010814395,True,LUDAN,לודן,לודן,Shares,1050,LUDN.TA
1081561,BSEN,IL0010815616,IL0010815616,True,BET SHEMESH,בית שמש,מנבש,Shares,1054,BSEN.TA
1081603,PLSN,IL0010816036,IL0010816036,True,PLASSON INDUS,פלסאון תעשיות,פלסון,Shares,1057,PLSN.TA
1081686,SMT,IL0010816861,IL0010816861,True,SUMMIT,סאמיט,סמט,Shares,1060,SMT.TA
1081843,MTAV,IL0010818438,IL0010818438,True,MEITAV INVEST,מיטב השקעות,מיטב,Shares,1064,MTAV.TA
1081942,SKBN,IL0010819428,IL0010819428,True,SHIKUN & BINUI,שיכון ובינוי,שוב,Shares,1068,SKBN.TA
1081983,GPAY-M,IL0010819832,IL0010819832,True,GLOBAL PAY-M,גלובל פיי-ש,גפיי-ש,Shares,1070,GPAY-M.TA
1082007,SHOM,IL0010820079,IL0010820079,True,SHOHAM BUSINESS,שוהם ביזנס,שוהם,Shares,1071,SHOM.TA
1082114,APLP,IL0010821143,IL0010821143,True,APOLLO POWER,אפולו פאוור,אפלפ,Shares,1074,APLP.TA
1082346,BHNY,IL0010823461,IL0010823461,True,BEEIO HONEY,ביו דבש,בדבש,Shares,2093,BHNY.TA
1082353,SNCM,IL0010823537,IL0010823537,True,SUNY COMMUN,סאני תקשורת,סנתק,Shares,2009,SNCM.TA
1082379,TSEM,IL0010823792,IL0010823792,True,TOWER,טאואר,טאואר,Shares,2028,TSEM.TA
1082510,GILT,IL0010825102,IL0010825102,True,GILAT,גילת,גילת,Shares,2030,GILT.TA
1082585,TFRLF,IL0010825854,IL0010825854,True,TEFRON,תפרון,תפרן,Shares,2076,TFRLF.TA
1082635,ELLO,IL0010826357,IL0010826357,True,ELLOMAY,אלומיי,אלומ,Shares,2101,ELLO.TA
1082726,TATT,IL0010827264,IL0010827264,True,TAT TECHNO,תאת טכנו,תאתטכ,Shares,2110,TATT.TA
1082858,WILC,IL0010828585,IL0010828585,True,WILLI FOOD INTE,ויליפוד אינטרנש,וילפ,Shares,2123,WILC.TA
1082965,AUDC,IL0010829658,IL0010829658,True,AUDIOCODES,אודיוקודס,אודק,Shares,2134,AUDC.TA
1083377,TOPG,IL0010833775,IL0010833775,True,TOP GROUP,טופ גרופ,טופג,Shares,1081,TOPG.TA
1083419,AGRD,IL0010834195,IL0010834195,True,AUTONOMOUS,אוטונומוס,אגרד,Shares,1082,AGRD.TA
1083443,GLDE,IL0010834435,IL0010834435,True,GOLDEN ENERGY,גולדן אנרג'י,גלדא,Shares,2156,GLDE.TA
1083484,PTNR,IL0010834849,IL0010834849,True,PARTNER,פרטנר,פרטנר,Shares,2095,PTNR.TA
1083831,UNIT,IL0010838311,IL0010838311,True,UNITRONICS,יוניטרוניקס,יונט,Shares,2170,UNIT.TA
1083856,ALAR,IL0010838568,IL0010838568,True,ALARUM,אלארום,אלאר,Shares,1091,ALAR.TA
1083930,NXGN-M,IL0010839301,IL0010839301,True,NEXTGEN-M,נקסט ג'ן-ש,נקגן-ש,Shares,1092,NXGN-M.TA
1083955,QLTU,IL0010839558,IL0010839558,True,QUALITAU,קווליטאו,קלטו,Shares,1093,QLTU.TA
1084128,DLEKG,IL0010841281,IL0010841281,True,DELEK GROUP,דלק קבוצה,דלקקב,Shares,1095,DLEKG.TA
1084367,TKUN-M,IL0010843675,IL0010843675,True,TIKUN OLAM CA-M,תיקון עולם קנ-ש,תקונ-ש,Shares,1102,TKUN-M.TA
1084482,IBIU,IL0010844822,IL0010844822,True,IBI UNDERWRIT,איביאי חיתום,אבאנ,Shares,1106,IBIU.TA
1084557,NVMI,IL0010845571,IL0010845571,True,NOVA,נובה,נובה,Shares,2177,NVMI.TA
1084698,HLAN,IL0010846983,IL0010846983,True,HILAN,חילן,חילן,Shares,1110,HLAN.TA
1084953,SNEL,IL0010849532,IL0010849532,True,SYNEL,סינאל,סנאל,Shares,1115,SNEL.TA
1085208,CGEN,IL0010852080,IL0010852080,True,COMPUGEN,קומפיוגן,קמפג,Shares,2188,CGEN.TA
1085265,ARAN,IL0010852650,IL0010852650,True,ARAN,ארן,ארן,Shares,1122,ARAN.TA
1085497,XTLB,IL0010854979,IL0010854979,True,XTL BIO,אקס טי אל,אקסבי,Shares,2190,XTLB.TA
1086230,ORTC,IL0010862303,IL0010862303,True,O.R.T.,או.אר.טי,ארטכ,Shares,1135,ORTC.TA
1087022,FOX,IL0010870223,IL0010870223,True,FOX,פוקס,פוקס,Shares,1140,FOX.TA
1087824,ELAL,IL0010878242,IL0010878242,True,EL AL,אל על,אלעל,Shares,1152,ELAL.TA
1090117,SPNTC,IL0010901176,IL0010901176,True,SPUNTECH,ספאנטק,ספנטק,Shares,1182,SPNTC.TA
1090141,TGI,IL0010901416,IL0010901416,True,TGI,טי.ג'י.איי,טגאי,Shares,1185,TGI.TA
1090281,NTV.B1-I,IL0010902810,IL0010902810,True,NETIVIM.B1-I,נתיבים אגח א-רמ,נתב.ק1רמ,Corporate Bonds TASE UP,1191,NTV-B1-I.TA
1090315,DIMRI,IL0010903156,IL0010903156,True,DIMRI,דמרי,דמרי,Shares,1193,DIMRI.TA
1090364,ELSPC,IL0010903644,IL0010903644,True,ELSPEC,אלספק,אלספק,Shares,1194,ELSPC.TA
1090943,RMN,IL0010909435,IL0010909435,True,RAM ON,רם און,רמאן,Shares,1209,RMN.TA
1091065,MTRN,IL0010910656,IL0010910656,True,MAYTRONICS,מיטרוניקס,מטרן,Shares,1212,MTRN.TA
1091248,LPHL,IL0010912488,IL0010912488,True,LAPIDOT HEL PU,לפידות חלץ יהש,לפחל,Participating unit ,1216,LPHL.TA
1091354,AFPR,IL0010913544,IL0010913544,True,AFI PROPERTIES,אפי נכסים,אפנכ,Shares,1172,AFPR.TA
1091651,ARD,IL0010916513,IL0010916513,True,ARAD,ארד,ארד,Shares,1219,ARD.TA
1091685,PCBT,IL0010916851,IL0010916851,True,P.C.B TEC,פיסיבי טכנ,פסבט,Shares,1221,PCBT.TA
1091933,GRIN,IL0010919335,IL0010919335,True,GOLAN INDUS,גולן תעשיות,גלתע,Shares,1226,GRIN.TA
1092204,AMRK,IL0010922040,IL0010922040,True,AMIR MARK.,עמיר שיווק,עמשק,Shares,1232,AMRK.TA
1092345,SCC,IL0010923451,IL0010923451,True,SPACE COM,חלל תקשורת,חלל,Shares,1132,SCC.TA
1092725,SARN,IL0010927254,IL0010927254,True,SARINE TECH,שרין טכנו,שרין,Shares,2226,SARN.TA
1092840,PPIL,IL0010928401,IL0010928401,True,PLASTOFIL,פלסטופיל,פפיל,Shares,1240,PPIL.TA
1093202,DRAL,IL0010932023,IL0010932023,True,DOR ALON,דור אלון,דראל,Shares,1072,DRAL.TA
1093558,UNVO-M,IL0010935588,IL0010935588,True,UNIVO-M,יוניבו-ש,יונב-ש,Shares,2230,UNVO-M.TA
1094044,ELCRE,IL0010940448,IL0010940448,True,ELECTRA REAL E.,אלקטרה נדלן,אלקנד,Shares,1264,ELCRE.TA
1094119,KMDA,IL0010941198,IL0010941198,True,KAMADA,קמהדע,קמדע,Shares,1267,KMDA.TA
1094283,BRMG,IL0010942832,IL0010942832,True,BRIMAG,ברימאג,ברמג,Shares,1269,BRMG.TA
1094390,AMD,IL0010943905,IL0010943905,True,AMIAD,עמיעד,עמעד,Shares,2234,AMD.TA
1094473,CANF,IL0010944739,IL0010944739,True,CAN FITE BIO,כן פייט ביופרמה,כנפב,Shares,1272,CANF.TA
1094515,BRAM,IL0010945157,IL0010945157,True,BRAM INDUS,ברם תעשיות,ברם,Shares,1274,BRAM.TA
1094986,OPAL,IL0010949860,IL0010949860,True,OPAL BALANCE,אופל בלאנס,אופל,Shares,1287,OPAL.TA
1095223,BOLT,IL0010952237,IL0010952237,True,BIOLIGHT,ביולייט,בולט,Shares,1293,BOLT.TA
1095264,CAMT,IL0010952641,IL0010952641,True,CAMTEK,קמטק,קמטק,Shares,2174,CAMT.TA
1095405,HDST-M,IL0010954050,IL0010954050,True,HADASIT BIO-M,הדסית ביו-ש,הדסת-ש,Shares,1294,HDST-M.TA
1095785,NXTM,IL0010957855,IL0010957855,True,NEXTCOM,נקסטקום,נקסט,Shares,1298,NXTM.TA
1095819,PERI,IL0010958192,IL0010958192,True,PERION NETWORK,פריון נטוורק,פריון,Shares,2240,PERI.TA
1095835,ARPT,IL0010958358,IL0010958358,True,AIRPORT CITY,ארפורט סיטי,ארפט,Shares,1300,ARPT.TA
1095892,GNGR,IL0010958929,IL0010958929,True,GINEGAR,גניגר,גנגר,Shares,1301,GNGR.TA
1096007,CNZN-M,IL0010960073,IL0010960073,True,CANZON-M,קנזון-ש,קנזנ-ש,Shares,1304,CNZN-M.TA
1096049,BIOV,IL0010960495,IL0010960495,True,BIO VIEW,ביו ויו,בויו,Shares,1305,BIOV.TA
1096106,ATRY,IL0010961063,IL0010961063,True,ATREYU CAP,אטראו שוקי הון,אטרא,Shares,1307,ATRY.TA
1096148,GOLF,IL0010961485,IL0010961485,True,GOLF,גולף,גולף,Shares,1310,GOLF.TA
1096890,BLWV-M,IL0010968902,IL0010968902,True,BLUE WAVE-M,בלו וייב-ש,בלוב-ש,Shares,1318,BLWV-M.TA
1097054,IBIS,IL0010970544,IL0010970544,True,IBI SILVER,איביאי סילבר,אבאס,Shares,1320,IBIS.TA
1097146,CPTP,IL0010971468,IL0010971468,True,CAPITAL POINT,קפיטל פוינט,קפטל,Shares,1325,CPTP.TA
1097229,TMIS,IL0010972292,IL0010972292,True,THEMIS,תמיס,תמיס,Shares,1289,TMIS.TA
1097260,BIG,IL0010972607,IL0010972607,True,BIG,ביג,ביג,Shares,1327,BIG.TA
1097278,AMOT,IL0010972789,IL0010972789,True,AMOT,אמות,אמות,Shares,1328,AMOT.TA
1097344,SPRG,IL0010973449,IL0010973449,True,SPRING,ספרינג,ספרג,Shares,1329,SPRG.TA
1097708,CPI0536,IL0010977085,IL0010977085,True,ILCPI4 05/36,ממשל צמודה 0536,ממצמ0536,Government Bonds,954,CPI0536.TA
1097948,AFRE,IL0010979487,IL0010979487,True,AFRICA RESIDENC,אפריקה מגורים,אפמג,Shares,1338,AFRE.TA
1098565,BLSR,IL0010985658,IL0010985658,True,BLUE SQ REAL ES,רבוע נדלן,רבנד,Shares,1349,BLSR.TA
1098755,SNFL,IL0010987555,IL0010987555,True,SUNFLOWER,סאנפלאואר,סנפל,Shares,1062,SNFL.TA
1098920,RIT1,IL0010989205,IL0010989205,True,REIT 1,ריט 1,ריט1,Shares,1357,RIT1.TA
1099456,GOI1026,IL0010994569,IL0010994569,True,ILGOV6.25 10/26,ממשל שקלית 1026,ממשק1026,Government Bonds,926,GOI1026.TA
1099654,ALLT,IL0010996549,IL0010996549,True,ALLOT,אלוט,אלוט,Shares,2252,ALLT.TA
1099761,PTX,IL0010997612,IL0010997612,True,PETROTX PU,פטרוטקס יהש,פטקס,Participating unit ,1369,PTX.TA
1099787,JEEN,IL0010997877,IL0010997877,True,JEEN AI TECH,ג'ין טכנולוגיות,גיין,Shares,1370,JEEN.TA
1100007,PAZ,IL0011000077,IL0011000077,True,PAZ ENERGY,פז אנרגיה,פז,Shares,1363,PAZ.TA
1100718,BWAY,IL0011007189,IL0011007189,True,BRAINSWAY,בריינסוויי,ברינ,Shares,1386,BWAY.TA
1100908,MKR.B6-I,IL0011009086,IL0011009086,True,MKOROT B6-I,מקורות אגח 6-רמ,מקר.ק6רמ,Corporate Bonds TASE UP,1150,MKR-B6-I.TA
1100957,AVGL,IL0011009573,IL0011009573,True,AVGOL,אבגול,אבגל,Shares,1390,AVGL.TA
1101450,ALMD,IL0011014508,IL0011014508,True,ALLMED SOLUTION,אולמד סולושנס,אלמד,Shares,1393,ALMD.TA
1101518,BLRX,IL0011015182,IL0011015182,True,BIOLINE RX,ביוליין,ביול,Shares,1394,BLRX.TA
1101534,CEL,IL0011015349,IL0011015349,True,CELLCOM,סלקום,סלקם,Shares,2066,CEL.TA
1101567,ALOL.B1I,IL0011015679,IL0011015679,True,ALON OIL B1-I,אלון דלק אגא-רמ,אדל.ק1רמ,Corporate Bonds TASE UP,2202,ALOL-B1I.TA
1101666,ABRA,IL0011016669,IL0011016669,True,ABRA,אברא,אברא,Shares,1397,ABRA.TA
1102128,PRSK,IL0011021289,IL0011021289,True,PRASHKOVSKY,פרשקובסקי,פרשק,Shares,1330,PRSK.TA
1102219,FRDN,IL0011022196,IL0011022196,True,FRIDENSON,פרידנזון,פרדנ,Shares,1403,FRDN.TA
1102532,CILO,IL0011025322,IL0011025322,True,CIELO-BLU,צילו-בלו,צילו,Shares,1331,CILO.TA
1103084,NGL.B1-I,IL0011030843,IL0011030843,True,GAS LUNES B1-I,נתיביגז אגחא-רמ,נתג.ק1רמ,Corporate Bonds TASE UP,1418,NGL-B1-I.TA
1103506,ORIN,IL0011035065,IL0011035065,True,ORIAN,אוריין,אורן,Shares,1425,ORIN.TA
1103571,SHNP,IL0011035719,IL0011035719,True,SCHNAPP,שנפ,שנפ,Shares,1427,SHNP.TA
1103852,ICHO,IL0011038523,IL0011038523,True,IC HOTELS,ישראל קנדה מלונ,יקנמ,Shares,1435,ICHO.TA
1103878,RVL,IL0011038788,IL0011038788,True,RAVAL,רבל,רבל,Shares,1436,RVL.TA
1104249,RMLI,IL0011042491,IL0011042491,True,RAMI LEVI,רמי לוי,רמלי,Shares,1445,RMLI.TA
1104280,CBI,IL0011042806,IL0011042806,True,CLAL BIOTECH,כלל ביוטכנו,כללבי,Shares,1447,CBI.TA
1104363,BARI,IL0011043630,IL0011043630,True,BARAK INVEST,ברק בית השקעות,ברקב,Shares,1344,BARI.TA
1104488,MGOR,IL0011044885,IL0011044885,True,MEGA OR,מגה אור,מגאר,Shares,1450,MGOR.TA
1104496,ORAD,IL0011044968,IL0011044968,True,ORAD,אורד,אורד,Shares,1451,ORAD.TA
1104744,GAON,IL0011047441,IL0011047441,True,GAON,גאון אחזקות,גאון,Shares,1452,GAON.TA
1104785,HMAM,IL0011047854,IL0011047854,True,HAMAMA,חממה סחר,חממה,Shares,1453,HMAM.TA
1104959,MSBI,IL0011049595,IL0011049595,True,HAMASHBIR 365,המשביר 365,משבי,Shares,1459,MSBI.TA
1105022,TIGBUR,IL0011050221,IL0011050221,True,TGBR,תיגבור קבוצה,תגבר,Shares,1460,TIGBUR.TA
1105055,EVGN,IL0011050551,IL0011050551,True,EVOGENE,אבוג'ן,אבגן,Shares,1461,EVGN.TA
1105097,NTML,IL0011050973,IL0011050973,True,NETO MALINDA,נטו מלינדה,נטמל,Shares,1463,NTML.TA
1105139,BBLS,IL0011051393,IL0011051393,True,BUBBLES,באבלס,בבלס,Shares,1465,BBLS.TA
1105162,WNBZ-L,IL0011051625,IL0011051625,True,WIND BU-L,ווינד באז-ס,ונבז-ס,Shares,1466,WNBZ-L.TA
1105196,MSHR,IL0011051963,IL0011051963,True,MISHORIM,מישורים,מישר,Shares,1467,MSHR.TA
1105535,KRNV.B1,IL0011055352,IL0011055352,True,KARDEN NV B1,קרדן אןוי אגח א,קרנו.ק1,Corporate Bonds,1154,KRNV-B1.TA
1105907,ARNG,IL0011059073,IL0011059073,True,AIRENGY TECH,אייראנג'י טק,ארנג,Shares,1473,ARNG.TA
1106376,INCR,IL0011063760,IL0011063760,True,INTERCURE,אינטרקיור,אנקר,Shares,1480,INCR.TA
1106749,MSLA,IL0011067498,IL0011067498,True,MASLAVI,מצלאוי,מצלא,Shares,1484,MSLA.TA
1108638,MLD-M,CY0106902113,IL0011086381,False,MIRLAND-M,מירלנד-ש,מרלד-ס,Shares,1502,MLD-M.TA
1109495,PLAZ.B1,IL0011094955,IL0011094955,True,PLAZA CENTRS B1,פלאזה סנט אגח א,פלזס.ק1,Corporate Bonds,1476,PLAZ-B1.TA
1109503,PLAZ.B2,IL0011095036,IL0011095036,True,PLAZA CENTRS B2,פלאזה סנט אגח ב,פלזס.ק2,Corporate Bonds,1476,PLAZ-B2.TA
1109644,SLARL,IL0011096448,IL0011096448,True,SELLA REAL EST,סלע נדלן,סלענד,Shares,1514,SLARL.TA
1109917,PLAZ-L,NL0011882741,IL0011099178,False,PLAZA CENTERS-L,פלאזה סנטר -ס,פלזס-ס,Shares,1476,PLAZ-L.TA
1109966,VTNA,IL0011099665,IL0011099665,True,VITANIA,ויתניה,ותנה,Shares,1515,VTNA.TA
111013,YBRD,IL0001110134,IL0001110134,True,Y.B RENEWAL,י.ב התחדשות,יבהמ,Shares,111,YBRD.TA
1110915,ADAMA.B2,IL0011109159,IL0011109159,True,ADAMA .B2,אדמה אגח ב,אדמה.ק2,Corporate Bonds,1063,ADAMA-B2.TA
1113034,KRNV.B2,IL0011130346,IL0011130346,True,KARDAN N.V. B2,קרדן אןוי אגח ב,קרנו.ק2,Corporate Bonds,1154,KRNV-B2.TA
1118116,GEFR,IL0011181166,IL0011181166,True,GEFFEN R&R,גפן מגורים,גפנמ,Shares,1532,GEFR.TA
1118447,KARE,IL0011184475,IL0011184475,True,KARDAN REAL ES,קרדן נדלן,קרנז,Shares,1083,KARE.TA
1119478,AZRG,IL0011194789,IL0011194789,True,AZRIELI GROUP,עזריאלי קבוצה,עזרל,Shares,1420,AZRG.TA
1119833,GLEN-M,IL0011198335,IL0011198335,True,GLOBE PU-M,גלוב יהש-ש,גלאנ-ש,Participating unit ,1548,GLEN-M.TA
1119924,ISOP,IL0011199242,IL0011199242,True,ISRAEL OP PU,הזדמנות יהש,הזיש,Participating unit ,1551,ISOP.TA
1120161,EFNC-M,IL0011201618,IL0011201618,True,ERECH FINANCEM,ערך פיננסים-ש,עפנכ-ש,Shares,1550,EFNC-M.TA
1120583,CPI0841,IL0011205833,IL0011205833,True,ILCPI2.75% 0841,ממשל צמודה 0841,ממצמ0841,Government Bonds,954,CPI0841.TA
1121474,ILDR,IL0011214744,IL0011214744,True,ILD RENEWAL,הכשרה התחדשות,הכשע,Shares,1561,ILDR.TA
1121730,PLUR,US72942G2030,IL0011217309,False,PLURI,פלורי,פלור,Shares,1569,PLUR.TA
1122654,STRG,IL0011226540,IL0011226540,True,STORAGE DROP,סטורג' דרופ,סטרג,Shares,1562,STRG.TA
1123017,LPSN,US5381463091,IL0011230179,False,LIVEPERSON,לייבפרסון,לפסן,Shares,1579,LPSN.TA
1123355,ENRG,IL0011233553,IL0011233553,True,ENERGIX,אנרג'יקס,אנרג,Shares,1581,ENRG.TA
1123777,VCTR,IL0011237778,IL0011237778,True,VICTORY,ויקטורי,וקטר,Shares,1583,VCTR.TA
1123850,CRSM,IL0011238503,IL0011238503,True,CARASSO MOTORS,קרסו מוטורס,קרסמ,Shares,1585,CRSM.TA
1124346,MKR.B8-I,IL0011243461,IL0011243461,True,MKOROT B8-I,מקורות אגח 8-רמ,מקר.ק8רמ,Corporate Bonds TASE UP,1150,MKR-B8-I.TA
1125400,GOI0142,IL0011254005,IL0011254005,True,ILGOV5.5 01/42,ממשל שקלית 0142,ממשק0142,Government Bonds,926,GOI0142.TA
1125509,NGL.B3-I,IL0011255093,IL0011255093,True,GAS LUNES B3-I,נתיביגז אגחג-רמ,נתמ.ק3רמ,Corporate Bonds TASE UP,1418,NGL-B3-I.TA
1129444,MNIN,IL0011294449,IL0011294449,True,MENDELSON IF,מנדלסוןתשת,מנתש,Shares,1247,MNIN.TA
1129493,TOEN,IL0011294936,IL0011294936,True,TOMER ENERGY,תומר אנרגיה,תמאנ,Shares,1609,TOEN.TA
1129501,IDIN,IL0011295016,IL0011295016,True,IDI INSUR,איידיאיי ביטוח,אדבט,Shares,1608,IDIN.TA
1129543,OPK,US68375N1037,IL0011295438,False,OPKO HEALTH,אופקו הלת',אפקו,Shares,1610,OPK.TA
1131523,MDTR,IL0011315236,IL0011315236,True,MEDITR TOWER,מגדלי תיכון,מגתכ,Shares,1614,MDTR.TA
1131556,SKLN,CA83084Y1007,IL0011315566,False,SKYLINE,סקייליין,סקלן,Shares,1613,SKLN.TA
1131697,AMX,IL0011316978,IL0011316978,True,AUTOMAX,אוטומקס,אמקס,Shares,2280,AMX.TA
1132315,ASHG,IL0011323156,IL0011323156,True,ASHTROM GROUP,אשטרום קבוצה,אשקב,Shares,1618,ASHG.TA
1132356,INRM,IL0011323560,IL0011323560,True,INROM CONST,אינרום,אנרם,Shares,1616,INRM.TA
1133131,ARSP.B4,IL0011331316,IL0011331316,True,AEROSPACE IN B4,תעש אוירית אגחד,תעא.ק4,Corporate Bonds,1457,ARSP-B4.TA
1133149,AMOT.B4,IL0011331498,IL0011331498,True,AMOT B4,אמות אגח ד,אמות.ק4,Corporate Bonds,1328,AMOT-B4.TA
1133487,ARPT.B5,IL0011334872,IL0011334872,True,AIRPORT B5,ארפורט אגח ה,ארפט.ק5,Corporate Bonds,1300,ARPT-B5.TA
1133875,SPEN,IL0011338758,IL0011338758,True,SHAPIR ENG,שפיר הנדסה,שפהנ,Shares,1633,SPEN.TA
1134048,HRIS.B10,IL0011340481,IL0011340481,True,HAREL ISSUE B10,הראל הנפק אגח י,הרהנ.ק10,Corporate Bonds,1367,HRIS-B10.TA
1134139,KEN,SG9999012629,IL0011341398,False,KENON,קנון,קנון,Shares,1635,KEN.TA
1134402,ORA,US6866881021,IL0011344020,False,ORMAT TECHNO,אורמת טכנו,ארמת,Shares,2250,ORA.TA
1134865,CPI0545,IL0011348658,IL0011348658,True,ILCPI 1% 0545,ממשל צמודה 0545,ממצמ0545,Government Bonds,954,CPI0545.TA
1134881,ELDT,IL0011348815,IL0011348815,True,ELDAN TRANS,אלדן תחבורה,אלדת,Shares,1636,ELDT.TA
1135417,PNCP.B5,IL0011354177,IL0011354177,True,PHONIX CAP B5,פניקס הון אגח ה,פנהס.ק5,Corporate Bonds,1527,PNCP-B5.TA
1135706,ORON,IL0011357063,IL0011357063,True,ORON GROUP,אורון קבוצה,אורנ,Shares,1644,ORON.TA
1135888,SKBN.B8,IL0011358889,IL0011358889,True,SHIKUN BIN B8,שכון ובי אגח 8,שוב.ק8,Corporate Bonds,1068,SKBN-B8.TA
1136316,HRIS.B11,IL0011363160,IL0011363160,True,HAREL ISSUE B11,הראל הנפ אגח יא,הרהנ.ק11,Corporate Bonds,1367,HRIS-B11.TA
1136365,LCTX,US53566P1093,IL0011363657,False,LINEAGE THERAP,ליניאג תרפיוטיק,לינג,Shares,1651,LCTX.TA
1136464,CRSM.B1,IL0011364648,IL0011364648,True,CARASSO MOT B1,קרסו מוט' אגח א,קרסמ.ק1,Corporate Bonds,1585,CRSM-B1.TA
1136753,RIT1.B5,IL0011367534,IL0011367534,True,REIT 1 B5,ריט 1 אגח ה,ריט1.ק5,Corporate Bonds,1357,RIT1-B5.TA
1136829,ALMA,IL0011368292,IL0011368292,True,ALMOGIM,אלמוגים,אלמה,Shares,1553,ALMA.TA
1137975,TZRS.B3,IL0011379752,IL0011379752,True,THE ZARASAI B3,דה זראסאי אגח ג,דזרס.ק3,Corporate Bonds,1604,TZRS-B3.TA
1138163,HRIS.B12,IL0011381634,IL0011381634,True,HAREL ISSUE B12,הראל הנפ אגח יב,הרהנ.ק12,Corporate Bonds,1367,HRIS-B12.TA
1138171,HRIS.B13,IL0011381717,IL0011381717,True,HAREL ISSUE B13,הראל הנפ אגח יג,הרהנ.ק13,Corporate Bonds,1367,HRIS-B13.TA
1138379,SHGR,IL0011383796,IL0011383796,True,SHAGRIR,שגריר,שגרר,Shares,1664,SHGR.TA
1138544,RIT1.B6,IL0011385445,IL0011385445,True,REIT 1 B6,ריט 1 אגח ו,ריט1.ק6,Corporate Bonds,1357,RIT1-B6.TA
1138650,AZRL.B4,IL0011386500,IL0011386500,True,AZRIELI B4,עזריאלי אגח ד,עזרל.ק4,Corporate Bonds,1420,AZRL-B4.TA
1138825,DIF.11-I,IL0011388258,IL0011388258,True,DIRECTINS B11-I,ביט ישיראגיא-רמ,בטש.11-מ,Corporate Bonds TASE UP,1089,DIF-11-I.TA
1138940,SMT.B8,IL0011389405,IL0011389405,True,SUMMIT B8,סאמיט אגח ח,סמט.ק8,Corporate Bonds,1060,SMT-B8.TA
1138973,SLARL.B3,IL0011389736,IL0011389736,True,SELLA REALES B3,סלע נדלן אגח ג,סלענד.ק3,Corporate Bonds,1514,SLARL-B3.TA
1138999,MTM.B1-I,IL0011389991,IL0011389991,True,"MT""M . B1-I","מת""ם אגח א -רמ",מתם.ק1רמ,Corporate Bonds TASE UP,1666,MTM-B1-I.TA
1139195,MGRT,IL0011391955,IL0011391955,True,MGURIT,מגוריט,מריט,Shares,1668,MGRT.TA
1139344,GOI0327,IL0011393449,IL0011393449,True,ILGOV 2.0 03/27,ממשל שקלית 0327,ממשק0327,Government Bonds,926,GOI0327.TA
1139542,PAZ.B6,IL0011395428,IL0011395428,True,PAZ ENERGY B6,פז אנרגיה אגח ו,פז.ק6,Corporate Bonds,1363,PAZ-B6.TA
1139617,OVRS,IL0011396178,IL0011396178,True,OVERSEAS,אוברסיז,אובר,Shares,1671,OVRS.TA
1139716,LVPR.B2,IL0011397168,IL0011397168,True,LEVINSTEIN P B2,לוינשט נכ אגח ב,לשנכ.ק2,Corporate Bonds,1536,LVPR-B2.TA
1139864,RTPT,IL0011398646,IL0011398646,True,RATIO PETROL PU,רציו פטרול יהש,רצפט,Participating unit ,1672,RTPT.TA
1139898,SPNR.B2,IL0011398984,IL0011398984,True,SPENCER B2,ספנסר אגח ב,ספנר.ק2,Corporate Bonds,1628,SPNR-B2.TA
1139955,MDPR,CY0100361019,IL0011399552,False,MEDIPOWER 0.1$,מדיפאואר,מדפר,Shares,1433,MDPR.TA
1140102,ASHG.B3,IL0011401028,IL0011401028,True,ASHTROM GRUP B3,אשטרום קב אגח ג,אשקב.ק3,Corporate Bonds,1618,ASHG-B3.TA
1140151,NVLG,IL0011401515,IL0011401515,True,NOVOLOG,נובולוג,נבלג,Shares,1677,NVLG.TA
1140193,GOI0347,IL0011401937,IL0011401937,True,ILGOV 3.75 3/47,ממשל שקלית 0347,ממשק0347,Government Bonds,926,GOI0347.TA
1140276,RPL.B3-I,IL0011402760,IL0011402760,True,RAFAEL B3-I,רפאל אגח ג-רמ,רפל.ק3רמ,Corporate Bonds TASE UP,1315,RPL-B3-I.TA
1140284,RPL.B4-I,IL0011402844,IL0011402844,True,REFAEL B4-I,רפאל אגח ד-רמ,רפל.ק4רמ,Corporate Bonds TASE UP,1315,RPL-B4-I.TA
1140573,MNRT,IL0011405730,IL0011405730,True,MENIVIM REIT,מניבים ריט,מנרט,Shares,1679,MNRT.TA
1140607,BLSR.B6,IL0011406076,IL0011406076,True,BLUE SQREES B6,רבוע נדלן אגח ו,רבנד.ק6,Corporate Bonds,1349,BLSR-B6.TA
1140615,BLSR.B7,IL0011406159,IL0011406159,True,BLUE SQ REES B7,רבוע נדלן אגח ז,רבנד.ק7,Corporate Bonds,1349,BLSR-B7.TA
1140847,CPI0527,IL0011408478,IL0011408478,True,ILCPI0.75% 0527,ממשל צמודה 0527,ממצמ0527,Government Bonds,954,CPI0527.TA
1140946,LSCO,IL0011409468,IL0011409468,True,LESICO,לסיכו,לסכו,Shares,1680,LSCO.TA
1141050,BIG.B9,IL0011410508,IL0011410508,True,BIG B9,ביג אגח ט,ביג.ק9,Corporate Bonds,1327,BIG-B9.TA
1141316,GKL,IL0011413163,IL0011413163,True,GLOBAL KNAFAIM,גלובל כנפיים,גלכנ,Shares,1559,GKL.TA
1141324,ORMP,US68403P2039,IL0011413247,False,ORAMED PHARM,אורמד פארמ,ארמד,Shares,1691,ORMP.TA
1141332,TMRP.B1,IL0011413320,IL0011413320,True,TAMAR PETRO B1,תמר פטרו אגח א,תמרפ.ק1,Corporate Bonds,1689,TMRP-B1.TA
1141357,TMRP,IL0011413577,IL0011413577,True,TAMAR PET,תמר פטרוליום,תמרפ,Shares,1689,TMRP.TA
1141464,MRIN,IL0011414641,IL0011414641,True,MORE INVEST,מור השקעות,מרהש,Shares,1692,MRIN.TA
1141571,OPCE,IL0011415713,IL0011415713,True,OPC ENERGY,או פי סי אנרגיה,אפסא,Shares,1682,OPCE.TA
1141696,MGOR.B7,IL0011416968,IL0011416968,True,MEGA OR B7,מגה אור אגח ז,מגאר.ק7,Corporate Bonds,1450,MGOR-B7.TA
1141829,CRSM.B3,IL0011418295,IL0011418295,True,CARASSO MOT B3,קרסו מוט' אגח ג,קרסמ.ק3,Corporate Bonds,1585,CRSM-B3.TA
1141852,FTEU.B3,IL0011418527,IL0011418527,True,FATTAL EURO B3,פתאל אירו אגח ג,פתאר.ק3,Corporate Bonds,1661,FTEU-B3.TA
1141951,SPEN.B2,IL0011419517,IL0011419517,True,SHAPIR ENG B2,שפיר הנדס אגח ב,שפהנ.ק2,Corporate Bonds,1633,SPEN-B2.TA
1141969,NVPT,IL0011419699,IL0011419699,True,NAVITAS PTRO PU,נאוויטס פטר יהש,נאפט,Participating unit ,1688,NVPT.TA
1142231,AFPR.B8,IL0011422313,IL0011422313,True,AFI PROP B8,אפי נכסים אגח ח,אפנכ.ק8,Corporate Bonds,1172,AFPR-B8.TA
1142421,YACO,IL0011424210,IL0011424210,True,YACOBI GROUP,יעקובי קבוצה,יעקב,Shares,1703,YACO.TA
1142454,ELMR,IL0011424541,IL0011424541,True,ELMOR,אלמור חשמל,אלמר,Shares,1704,ELMR.TA
1142538,IBITEC.F,IL0011425381,IL0011425381,True,IBITEC FUND,איביאי טכ עילית,אבאטכ.קט,HiTech Fund,1715,IBITEC-F.TA
1142587,HLMS,IL0011425878,IL0011425878,True,HOLMES PLACE,הולמס פלייס,הלמס,Shares,1706,HLMS.TA
1142595,PAZ.B7,IL0011425951,IL0011425951,True,PAZ ENERGY B7,פז אנרגיה אגח ז,פז.ק7,Corporate Bonds,1363,PAZ-B7.TA
1142629,GRON.B7,IL0011426298,IL0011426298,True,GIRON B7,גירון אגח ז,גירון.ק7,Corporate Bonds,1130,GRON-B7.TA
1143080,CEL.B12,IL0011430803,IL0011430803,True,CELCOM B12,סלקום אגח יב,סלקם.ק12,Corporate Bonds,2066,CEL-B12.TA
1143122,HRIS.B14,IL0011431223,IL0011431223,True,HAREL ISSUE B14,הראל הנפ אגח יד,הרהנ.ק14,Corporate Bonds,1367,HRIS-B14.TA
1143130,HRIS.B15,IL0011431306,IL0011431306,True,HAREL ISSUE B15,הראל הנפ אגח טו,הרהנ.ק15,Corporate Bonds,1367,HRIS-B15.TA
1143379,ORIN.B2,IL0011433799,IL0011433799,True,ORIAN B2,אוריין אגח ב,אורן.ק2,Corporate Bonds,1425,ORIN-B2.TA
1143395,SMT.B10,IL0011433955,IL0011433955,True,SUMMIT B10,סאמיט אגח י,סמט.ק10,Corporate Bonds,1060,SMT-B10.TA
1143411,MNMO.B5,IL0011434110,IL0011434110,True,MNORAMIV HO B5,מנורה הון התח ה,מנמה.ק5,Corporate Bonds,1431,MNMO-B5.TA
1143429,FTAL,IL0011434292,IL0011434292,True,FATTAL HOLD,פתאל החזקות,פתאל,Shares,1621,FTAL.TA
1143585,AMDR.B1,IL0011435851,IL0011435851,True,AMIDAR B1,עמידר אגח א,עמדר.ק1,Corporate Bonds,1728,AMDR-B1.TA
1143619,RANI,IL0011436198,IL0011436198,True,RANI ZIM,רני צים,רנצם,Shares,1588,RANI.TA
1143635,HGGE,IL0011436354,IL0011436354,True,HAGAG EURO,חג'ג' אירופה,חגגא,Shares,1722,HGGE.TA
1143700,TCH.F1,IL0011437006,IL0011437006,True,Tachlit SAL (40) TA 35 IL,"תכלית סל (40) ת""א 35",תכל.ס1,ETF Fund - Equity,1734,TCH-F1.TA
1143718,TCH.F2,IL0011437188,IL0011437188,True,Tachlit SAL (40) TA 125 IL,"תכלית סל (40) ת""א 125",תכל.ס2,ETF Fund - Equity,1734,TCH-F2.TA
1143726,TCH.F3,IL0011437261,IL0011437261,True,Tachlit SAL (40) INDEX ISRAEL BANKS IL,תכלית סל (40) אינדקס בנקים ישראל,תכל.ס3,ETF Fund - Equity,1734,TCH-F3.TA
1143734,TCH.F4,IL0011437345,IL0011437345,True,Tachlit SAL (4A) NASDAQ 100 Currency-Hedged,"תכלית סל (4A)י NASDAQ 100 מנוטרלת מט""ח",תכל.ס4,ETF Fund - Equity,1734,TCH-F4.TA
1143742,TCH.F5,IL0011437428,IL0011437428,True,Tachlit SAL (4A) Hang Seng China 100 Currency-Hedged,"תכלית סל (4A)י Hang Seng China מנוטרלת מט""ח",תכל.ס5,ETF Fund - Equity,1734,TCH-F5.TA
1143767,TCH.F7,IL0011437675,IL0011437675,True,Tachlit SAL (40) EURO STOXX 50 Currency-Hedged,"תכלית סל (4A)י EURO STOXX 50 מנוטרלת מט""ח",תכל.ס7,ETF Fund - Equity,1734,TCH-F7.TA
1143783,TCH.F9,IL0011437832,IL0011437832,True,Tachlit SAL (40) TA 90 IL,"תכלית סל (40) ת""א 90",תכל.ס9,ETF Fund - Equity,1734,TCH-F9.TA
1143791,TCH.F10,IL0011437915,IL0011437915,True,Tachlit SAL (00) Tel Bond 20 CPI-Linked IL,תכלית סל (00) תל בונד 20 צמודות,תכל.ס10,ETF - Bonds,1734,TCH-F10.TA
1143817,TCH.F11,IL0011438178,IL0011438178,True,Tachlit SAL (4A) S&P 500 Currency-Hedged,"תכלית סל (4A)י S&P 500 מנוטרלת מט""ח",תכל.ס11,ETF Fund - Equity,1734,TCH-F11.TA
1143825,TCH.F12,IL0011438251,IL0011438251,True,Tachlit SAL (4A) DAX Currency-Hedged,"תכלית סל (4A)י DAX מנוטרלת מט""ח",תכל.ס12,ETF Fund - Equity,1734,TCH-F12.TA
1143833,TCH.F101,IL0011438335,IL0011438335,True,Tachlit SAL (4A) STOXX Europe 600 EURO Hedged,תכלית סל (4A)י STOXX Europe 600 מנוטרלת אירו,תכל.ס101,ETF Fund - Equity,1734,TCH-F101.TA
1143841,TCH.F50,IL0011438418,IL0011438418,True,Tachlit SAL (4D) S&P Financial,תכלית סל (4D) ‏S&P Financial,תכל.ס50,ETF Fund - Equity,1734,TCH-F50.TA
1143858,TCH.F51,IL0011438582,IL0011438582,True,Tachlit SAL (4A) S&P Industrial Currency-Hedged,"תכלית סל (4A)י S&P Industrial מנוטרלת מט""ח",תכל.ס51,ETF Fund - Equity,1734,TCH-F51.TA
1143866,TCH.F102,IL0011438665,IL0011438665,True,Tachlit SAL (4A) MSCI World U.S.D Hedged,תכלית סל (4A)י MSCI World מנוטרלת דולר,תכל.ס102,ETF Fund - Equity,1734,TCH-F102.TA
1143882,TCH.F52,IL0011438822,IL0011438822,True,Tachlit SAL (4A) comp S&PConsumer (50%) S&PStaples (50%) Currency-Hedged Monthly,"תכלית סל (4A) משולבת S&P Consumer י(50%) S&P Staples י(50%) מנוטרלת מט""ח חודשי",תכל.ס52,ETF Fund - Equity,1734,TCH-F52.TA
1143957,TCH.F55,IL0011439572,IL0011439572,True,Tachlit SAL (4D) S&P Consumer Discretionary,תכלית סל (4D) ‏S&P Consumer Discretionary,תכל.ס55,ETF Fund - Equity,1734,TCH-F55.TA
1143965,TCH.F56,IL0011439655,IL0011439655,True,Tachlit SAL (4A) S&P Technology Currency-Hedged,"תכלית סל (4A)י S&P Technology מנוטרלת מט""ח",תכל.ס56,ETF Fund - Equity,1734,TCH-F56.TA
1143981,TCH.F57,IL0011439812,IL0011439812,True,Tachlit SAL (4D) S&P Consumer Staples,תכלית סל (4D) ‏S&P Consumer Staples,תכל.ס57,ETF Fund - Equity,1734,TCH-F57.TA
1143999,TCH.F58,IL0011439994,IL0011439994,True,Tachlit SAL (4D) S&P Health Care,תכלית סל (4D) ‏S&P Health Care,תכל.ס58,ETF Fund - Equity,1734,TCH-F58.TA
1144013,TCH.F104,IL0011440133,IL0011440133,True,Tachlit SAL (0B) Tel Bond-Composite IL,תכלית סל (0B) תל בונד מאגר,תכל.ס104,ETF - Bonds,1734,TCH-F104.TA
1144054,TCH.F108,IL0011440547,IL0011440547,True,Tachlit SAL (4A) CAC 40 Currency-Hedged,"תכלית סל (4A)י CAC 40 מנוטרלת מט""ח",תכל.ס108,ETF Fund - Equity,1734,TCH-F108.TA
1144104,TCH.F113,IL0011441040,IL0011441040,True,Tachlit SAL (4D) DAX,תכלית סל (4D) ‏‏‏DAX,תכל.ס113,ETF Fund - Equity,1734,TCH-F113.TA
1144112,TCH.F114,IL0011441123,IL0011441123,True,Tachlit SAL (4D) MSCI India,תכלית סל (4D)‏ MSCI India,תכל.ס114,ETF Fund - Equity,1734,TCH-F114.TA
1144161,TCH.F118,IL0011441610,IL0011441610,True,Tachlit SAL (40) TA Finance IL,"תכלית סל (40) ת""א פיננסים",תכל.ס118,ETF Fund - Equity,1734,TCH-F118.TA
1144237,TCH.F124,IL0011442378,IL0011442378,True,Tachlit SAL (4D) MSCI AC World,תכלית סל (4D) ‏‏‏MSCI AC World,תכל.ס124,ETF Fund - Equity,1734,TCH-F124.TA
1144252,TCH.F63,IL0011442527,IL0011442527,True,Tachlit SAL (4D) ISE Cyber Security,תכלית סל (4D) ‏ISE Cyber Security,תכל.ס63,ETF Fund - Equity,1734,TCH-F63.TA
1144260,TCH.F64,IL0011442600,IL0011442600,True,Tachlit SAL (00)(!) Tel Bond-Yield NIS IL,תכלית סל (00)(!) תל בונד תשואות שקל,תכל.ס64,ETF - Bonds,1734,TCH-F64.TA
1144278,TCH.F65,IL0011442782,IL0011442782,True,Tachlit SAL (4D) S&P Energy,תכלית סל (4D) ‏S&P Energy,תכל.ס65,ETF Fund - Equity,1734,TCH-F65.TA
1144310,TCH.F69,IL0011443103,IL0011443103,True,Tachlit SAL (4D) S&P Aerospace & Defense,תכלית סל (4D) ‏S&P Aerospace & Defense,תכל.ס69,ETF Fund - Equity,1734,TCH-F69.TA
1144336,TCH.F71,IL0011443368,IL0011443368,True,Tachlit SAL (4A) MSCI AC World U.S.D Hedged,תכלית סל (4A) ‏‏MSCI AC World מנוטרלת דולר,תכל.ס71,ETF Fund - Equity,1734,TCH-F71.TA
1144377,TCH.F75,IL0011443772,IL0011443772,True,Tachlit SAL (00)(!) Tel Bond-Global Shekel IL,תכלית סל (00)(!) תל בונד גלובל שקלי,תכל.ס75,ETF - Bonds,1734,TCH-F75.TA
1144385,TCH.F76,IL0011443855,IL0011443855,True,Tachlit SAL (4D) S&P 500,תכלית סל (4D) ‏‏S&P 500,תכל.ס76,ETF Fund - Equity,1734,TCH-F76.TA
1144401,TCH.F77,IL0011444010,IL0011444010,True,Tachlit SAL (4D) NASDAQ 100,תכלית סל (4D) ‏‏‏NASDAQ 100,תכל.ס77,ETF Fund - Equity,1734,TCH-F77.TA
1144419,TCH.F78,IL0011444192,IL0011444192,True,Tachlit SAL (4D) NIKKEI 225,תכלית סל (4D) ‏‏‏‏NIKKEI 225,תכל.ס78,ETF Fund - Equity,1734,TCH-F78.TA
1144427,TCH.F79,IL0011444275,IL0011444275,True,Tachlit SAL (4D) EURO STOXX 50,תכלית סל (4D) ‏‏EURO STOXX 50,תכל.ס79,ETF Fund - Equity,1734,TCH-F79.TA
1144450,TCH.F128,IL0011444507,IL0011444507,True,Tachlit SAL (4D) MSCI Emerging Markets,תכלית סל (4D) ‏‏‏MSCI Emerging Markets,תכל.ס128,ETF Fund - Equity,1734,TCH-F128.TA
1144468,TCH.F129,IL0011444689,IL0011444689,True,Tachlit SAL (4A) NIKKEI 225 Currency-Hedged,"תכלית סל (4A)י NIKKEI 225 מנוטרלת מט""ח",תכל.ס129,ETF Fund - Equity,1734,TCH-F129.TA
1144484,TCH.F131,IL0011444846,IL0011444846,True,Tachlit SAL (4D) Russell 2000,תכלית סל (4D) ‏‏‏Russell 2000,תכל.ס131,ETF Fund - Equity,1734,TCH-F131.TA
1144518,TCH.F134,IL0011445181,IL0011445181,True,Tachlit SAL (4D) composite US Equity Monthly,תכלית סל (4D) משולבת מניות ארהב חודשי,תכל.ס134,ETF Fund - Equity,1734,TCH-F134.TA
1144526,TCH.F80,IL0011445264,IL0011445264,True,Tachlit SAL (4D) NASDAQ Biotechnology,תכלית סל (4D) ‏‏‏NASDAQ Biotechnology,תכל.ס80,ETF Fund - Equity,1734,TCH-F80.TA
1144534,TCH.F81,IL0011445348,IL0011445348,True,Tachlit SAL (4D) Future Bloomberg Brent Crude,תכלית סל (4D) חוזה Bloomberg Brent Crude,תכל.ס81,ETF - Bonds,1734,TCH-F81.TA
1144542,TCH.F82,IL0011445421,IL0011445421,True,Tachlit SAL (4D) Future Bloomberg Silver,תכלית סל (4D) חוזה ‏Bloomberg Silver,תכל.ס82,ETF - Bonds,1734,TCH-F82.TA
1144559,TCH.F83,IL0011445595,IL0011445595,True,Tachlit SAL (40) TA REAL-ESTATE IL,"תכלית סל (40) ת""א נדל""ן",תכל.ס83,ETF Fund - Equity,1734,TCH-F83.TA
1144575,TCH.F85,IL0011445751,IL0011445751,True,Tachlit SAL (40) TA Growth IL,"תכלית סל (40) ת""א צמיחה",תכל.ס85,ETF Fund - Equity,1734,TCH-F85.TA
1144591,TCH.F87,IL0011445918,IL0011445918,True,Tachlit SAL (00) Tel Gov-CPI-Linked 0-2 Years IL,תכלית סל (00) תל גוב-צמודות 0-2,תכל.ס87,ETF - Bonds,1734,TCH-F87.TA
1144609,TCH.F88,IL0011446098,IL0011446098,True,Tachlit SAL (00) Tel Gov-Non-Linked Fixed Int 0-2 Years IL,תכלית סל (00) תל גוב-שקלי 0-2,תכל.ס88,ETF - Bonds,1734,TCH-F88.TA
1144633,TCH.F91,IL0011446338,IL0011446338,True,Tachlit SAL (00) Tel Gov-Short Term Treasury Bill IL,"תכלית סל (00) תל גוב-מק""מ",תכל.ס91,ETF - Bonds,1734,TCH-F91.TA
1144658,TCH.F93,IL0011446585,IL0011446585,True,Tachlit SAL (60) Leveraged*2 TA 35 Monthly IL,"תכלית סל (60) ממונפת ת""א 35 פי 2 חודשי",תכל.ס93,ETF Fund - Equity,1734,TCH-F93.TA
1144666,TCH.F94,IL0011446668,IL0011446668,True,Tachlit SAL (4D) LBMA Gold Price AM,תכלית סל (4D) ‏‏‏LBMA Gold Price AM,תכל.ס94,ETF - Bonds,1734,TCH-F94.TA
1144690,TCH.F97,IL0011446908,IL0011446908,True,Tachlit SAL (00) Tel Bond-CPI Linked SmallCap IL,תכלית סל (00) תל בונד צמודות-יתר,תכל.ס97,ETF - Bonds,1734,TCH-F97.TA
1144708,TCH.F98,IL0011447088,IL0011447088,True,Tachlit SAL (60) Long Leveraged*3 TA 35 Monthly IL,"תכלית סל (60) ממונפת ת""א 35 פי 3 חודשי",תכל.ס98,ETF Fund - Equity,1734,TCH-F98.TA
1144716,TCH.F99,IL0011447161,IL0011447161,True,Tachlit SAL (60) Short Leveraged*2 TA 35 Monthly IL,"תכלית סל (60) ממונפת בחסר ת""א 35 פי 2 חודשי",תכל.ס99,ETF Fund - Equity,1734,TCH-F99.TA
1144724,TCH.F100,IL0011447245,IL0011447245,True,Tachlit SAL (4D) STOXX Europe 600,תכלית סל (4D)י STOXX Europe 600,תכל.ס100,ETF Fund - Equity,1734,TCH-F100.TA
1144773,UNMI,IL0011447732,IL0011447732,True,UNIVERSAL,יוניברסל מוטורס,יומי,Shares,2072,UNMI.TA
1144807,TCH.F136,IL0011448078,IL0011448078,True,Tachlit SAL (40) TA Oil & GAS IL,"תכלית סל (40) ת""א נפט וגז",תכל.ס136,ETF Fund - Equity,1734,TCH-F136.TA
1144823,TCH.F138,IL0011448235,IL0011448235,True,Tachlit SAL (00) Tel Bond-CPI Linked Bank Without COCO IL,תכלית סל (00) תל בונד צמודות-בנקים ללא COCO,תכל.ס138,ETF - Bonds,1734,TCH-F138.TA
1144831,TCH.F139,IL0011448318,IL0011448318,True,Tachlit SAL (4A) DJ Internet Composite Currency-Hedged,"תכלית סל (4A) ‏‏‏DJ Internet Composite מנוטרלת מט""ח",תכל.ס139,ETF Fund - Equity,1734,TCH-F139.TA
1144849,TCH.F140,IL0011448490,IL0011448490,True,Tachlit SAL (4A) S&P Financial Currency-Hedged,"תכלית סל (4A)י S&P Financial מנוטרלת מט""ח",תכל.ס140,ETF Fund - Equity,1734,TCH-F140.TA
1144856,TCH.F141,IL0011448565,IL0011448565,True,Tachlit SAL (4A) FTSE 250 Currency-Hedged,"תכלית סל (4A)י FTSE 250 מנוטרלת מט""ח",תכל.ס141,ETF Fund - Equity,1734,TCH-F141.TA
1144906,TCH.F146,IL0011449068,IL0011449068,True,Tachlit SAL (4D) S&P 500 Dividend Aristocrats,תכלית סל (4D) ‏‏‏S&P 500 Dividend Aristocrats,תכל.ס146,ETF Fund - Equity,1734,TCH-F146.TA
1144914,TCH.F147,IL0011449142,IL0011449142,True,Tachlit SAL (4A) S&P 500 Dividend Aristocrats Currency-Hedged,"תכלית סל (4A)י S&P 500 Dividend Aristocrats מנוטרלת מט""ח",תכל.ס147,ETF Fund - Equity,1734,TCH-F147.TA
1144948,TCH.F150,IL0011449480,IL0011449480,True,Tachlit SAL (4A) IPOX 100 US Currency-Hedged,"תכלית סל (4A)י IPOX 100 US מנוטרלת מט""ח",תכל.ס150,ETF Fund - Equity,1734,TCH-F150.TA
1144955,TCH.F151,IL0011449555,IL0011449555,True,Tachlit SAL (4A) S&P MidCap 400 Currency-Hedged,"תכלית סל (4A)י S&P MidCap 400 מנוטרלת מט""ח",תכל.ס151,ETF Fund - Equity,1734,TCH-F151.TA
1144971,TCH.F14,IL0011449712,IL0011449712,True,Tachlit SAL (00) Tel Gov-Non-Linked IL,תכלית סל (00) תל גוב-לא צמודות,תכל.ס14,ETF - Bonds,1734,TCH-F14.TA
1144997,TCH.F16,IL0011449977,IL0011449977,True,Tachlit SAL (4D) composite Gov. Bond (80%) Foreign Equity (20%) Monthly IL,תכלית סל (4D) משולבת ‏‏אגח ממשלתי (80%) מניות חול (20%) חודשי,תכל.ס16,ETF - Bonds,1734,TCH-F16.TA
1145036,TCH.F20,IL0011450363,IL0011450363,True,Tachlit SAL (40) TEL DIV IL,תכלית סל (40) תל דיב,תכל.ס20,ETF Fund - Equity,1734,TCH-F20.TA
1145044,TCH.F21,IL0011450447,IL0011450447,True,Tachlit SAL (40) SME60 IL,"תכלית סל (40) ת""א SME60",תכל.ס21,ETF Fund - Equity,1734,TCH-F21.TA
1145085,TCH.F25,IL0011450850,IL0011450850,True,Tachlit SAL (00) Tel Gov-CPI-Linked 2-5 Years IL,תכלית סל (00) תל גוב-צמודות 2-5,תכל.ס25,ETF - Bonds,1734,TCH-F25.TA
1145093,TCH.F26,IL0011450934,IL0011450934,True,Tachlit SAL (00) Tel Bond 40 CPI-Linked IL,תכלית סל (00) תל בונד 40 צמודות,תכל.ס26,ETF - Bonds,1734,TCH-F26.TA
1145101,TCH.F27,IL0011451015,IL0011451015,True,Tachlit SAL (00) Tel Bond 60 CPI-Linked IL,תכלית סל (00) תל בונד 60 צמודות,תכל.ס27,ETF - Bonds,1734,TCH-F27.TA
1145127,TCH.F29,IL0011451270,IL0011451270,True,Tachlit SAL (4A) FTSE 100 Currency-Hedged,"תכלית סל (4A)י FTSE 100 מנוטרלת מט""ח",תכל.ס29,ETF Fund - Equity,1734,TCH-F29.TA
1145150,TCH.F31,IL0011451502,IL0011451502,True,Tachlit SAL (00) Tel Gov-Non-Linked Fixed Int 2-5 Years IL,תכלית סל (00) תל גוב-שקלי 2-5,תכל.ס31,ETF - Bonds,1734,TCH-F31.TA
1145168,TCH.F32,IL0011451684,IL0011451684,True,Tachlit SAL (00) Tel Gov-Non-Linked Fixed Int 5+ Years IL,תכלית סל (00) תל גוב-שקלי 5+,תכל.ס32,ETF - Bonds,1734,TCH-F32.TA
1145176,TCH.F33,IL0011451767,IL0011451767,True,Tachlit SAL (00) Tel Gov-CPI-Linked 5-10 Years IL,תכלית סל (00) תל גוב-צמודות 5-10,תכל.ס33,ETF - Bonds,1734,TCH-F33.TA
1145184,TCH.F34,IL0011451841,IL0011451841,True,Tachlit SAL (00) Tel Bond-Shekel IL,תכלית סל (00) תל בונד שקלי,תכל.ס34,ETF - Bonds,1734,TCH-F34.TA
1145234,TCH.F39,IL0011452344,IL0011452344,True,Tachlit SAL (4A) Russell 2000 Currency-Hedged,"תכלית סל (4A)י Russell 2000 מנוטרלת מט""ח",תכל.ס39,ETF Fund - Equity,1734,TCH-F39.TA
1145242,TCH.F40,IL0011452427,IL0011452427,True,Tachlit SAL (4A) composite INT. Equity Currency-Hedged Monthly,"תכלית סל (4A) משולבת מניות חול מנוטרלת מט""ח חודשי",תכל.ס40,ETF Fund - Equity,1734,TCH-F40.TA
1145259,TCH.F41,IL0011452591,IL0011452591,True,Tachlit SAL (00)(!) Tel Bond-Yields Linked IL,תכלית סל (00)(!) תל בונד-תשואות צמודות,תכל.ס41,ETF - Bonds,1734,TCH-F41.TA
1145283,TCH.F44,IL0011452831,IL0011452831,True,Tachlit SAL (4D) MDAX,תכלית סל (4D)‏ MDAX,תכל.ס44,ETF Fund - Equity,1734,TCH-F44.TA
1145309,TCH.F46,IL0011453094,IL0011453094,True,Tachlit SAL (4D) MDAX Currency-Hedged,"תכלית סל (4A)י MDAX מנוטרלת מט""ח",תכל.ס46,ETF Fund - Equity,1734,TCH-F46.TA
1145333,TCH.F49,IL0011453334,IL0011453334,True,Tachlit SAL (4A) S&P Health Care Currency-Hedged,"תכלית סל (4A)י S&P Health Care מנוטרלת מט""ח",תכל.ס49,ETF Fund - Equity,1734,TCH-F49.TA
1145564,IPC.B1,IL0011455644,IL0011455644,True,ISRAEL PORTS B1,נמלי ישראל אגחא,חני.ק1,Corporate Bonds,1739,IPC-B1.TA
1145572,IPC.B2,IL0011455727,IL0011455727,True,ISRAEL PORTS B2,נמלי ישראל אגחב,חני.ק2,Corporate Bonds,1739,IPC-B2.TA
1145713,KSM.F60,IL0011457137,IL0011457137,True,KSM ETF (4D) Russell 2000,קסם Russell 2000 (4D) ETF,קסם.ס60,ETF Fund - Equity,1733,KSM-F60.TA
1145739,KSM.F62,IL0011457392,IL0011457392,True,KSM ETF (00) Tel Gov-CPI-Linked 5-10,קסם ETFי (00) תל גוב- צמודות 5-10,קסם.ס62,ETF - Bonds,1733,KSM-F62.TA
1145747,KSM.F63,IL0011457475,IL0011457475,True,KSM ETF (4D)(!) MSCI India,קסם MSCI India (!)(4D) ETF,קסם.ס63,ETF Fund - Equity,1733,KSM-F63.TA
1145754,KSM.F64,IL0011457541,IL0011457541,True,KSM ETF (4D)(!) KOSPI 200,קסם KOSPI 200 (!)(4D) ETF,קסם.ס64,ETF Fund - Equity,1733,KSM-F64.TA
1145804,KSM.F67,IL0011458044,IL0011458044,True,KSM ETF (4D) MSCI World,קסם MSCI World (4D) ETF,קסם.ס67,ETF Fund - Equity,1733,KSM-F67.TA
1145812,KSM.F68,IL0011458127,IL0011458127,True,KSM ETF (4D) MSCI Emerging Markets,קסם MSCI Emerging Markets (4D) ETF,קסם.ס68,ETF Fund - Equity,1733,KSM-F68.TA
1145820,KSM.F6,IL0011458200,IL0011458200,True,KSM ETF (4D) LBMA Gold Price PM USD,קסם LBMA Gold Price PM USD (4D) ETF,קסם.ס6,ETF - Bonds,1733,KSM-F6.TA
1145838,KSM.F69,IL0011458382,IL0011458382,True,KSM ETF (4D) MSCI AC Far East EX Japan,קסם MSCI AC Far East EX Japan (4D) ETF,קסם.ס69,ETF Fund - Equity,1733,KSM-F69.TA
1145879,KSM.F9,IL0011458796,IL0011458796,True,KSM ETF (4D) DJ Health Care Titans 30,קסם DJ Health Care Titans 30 (4D) ETF,קסם.ס9,ETF Fund - Equity,1733,KSM-F9.TA
1145887,KSM.F10,IL0011458879,IL0011458879,True,KSM ETF (4D) ISE Clean Edge Water,קסם ISE Clean Edge Water (4D) ETF,קסם.ס10,ETF Fund - Equity,1733,KSM-F10.TA
1145903,KSM.F12,IL0011459034,IL0011459034,True,KSM ETF (4D) S&P Energy,קסם S&P Energy (4D) ETF,קסם.ס12,ETF Fund - Equity,1733,KSM-F12.TA
1145911,KSM.F13,IL0011459117,IL0011459117,True,KSM ETF (4A) Tel-Div IL,קסם 4A) ETF) תל דיב,קסם.ס13,ETF Fund - Equity,1733,KSM-F13.TA
1145929,KSM.F14,IL0011459299,IL0011459299,True,KSM ETF (4D) Bloomberg Brent Crude Future,קסם ETFי (4D) חוזה Bloomberg Brent Crude,קסם.ס14,ETF - Bonds,1733,KSM-F14.TA
1145945,KSM.F16,IL0011459455,IL0011459455,True,KSM ETF (4A) NIKKEI 225 Currency Hedged,"קסם NIKKEI 225 (4A) ETF מנוטרלת מט""ח",קסם.ס16,ETF Fund - Equity,1733,KSM-F16.TA
1145952,KSM.F17,IL0011459521,IL0011459521,True,KSM ETF (4A) EURO STOXX 50 Currency Hedged,"קסם EURO STOXX 50 (4A) ETF מנוטרלת מט""ח",קסם.ס17,ETF Fund - Equity,1733,KSM-F17.TA
1145960,KSM.F18,IL0011459604,IL0011459604,True,KSM ETF (00) Tel Bond-20 CPI Linked IL,קסם ETFי (00) תל בונד 20 צמודות,קסם.ס18,ETF - Bonds,1733,KSM-F18.TA
1145994,KSM.F21,IL0011459943,IL0011459943,True,KSM ETF (4A) TA-Growth IL,"קסם 4A) ETF) ת""א צמיחה",קסם.ס21,ETF Fund - Equity,1733,KSM-F21.TA
1146000,KSM.F22,IL0011460008,IL0011460008,True,KSM ETF (4D) STOXX Europe MID 200,קסם STOXX Europe MID 200 (4D) ETF,קסם.ס22,ETF Fund - Equity,1733,KSM-F22.TA
1146059,KSM.F27,IL0011460594,IL0011460594,True,KSM ETF (6A) Short Leveraged TA-35 x2 Monthly IL,"קסם 6A) ETF) ממונפת בחסר ת""א 35 פי 2 חודשי",קסם.ס27,ETF Fund - Equity,1733,KSM-F27.TA
1146067,KSM.F28,IL0011460677,IL0011460677,True,KSM ETF (4D) DJ US Dividend,קסם DJ US Dividend (4D) ETF,קסם.ס28,ETF Fund - Equity,1733,KSM-F28.TA
1146091,KSM.F31,IL0011460917,IL0011460917,True,KSM ETF(!)(4D) IBOVESPA,קסם IBOVESPA(!)(4D) ETF,קסם.ס31,ETF Fund - Equity,1733,KSM-F31.TA
1146125,KSM.F34,IL0011461253,IL0011461253,True,KSM ETF (4A) TA-Insurance IL,"קסם 4A) ETF) ת""א-ביטוח",קסם.ס34,ETF Fund - Equity,1733,KSM-F34.TA
1146133,KSM.F35,IL0011461337,IL0011461337,True,KSM ETF (00) Tel Gov-CPI-Linked 0-2,קסם ETFי (00) תל גוב- צמודות 0-2,קסם.ס35,ETF - Bonds,1733,KSM-F35.TA
1146141,KSM.F120,IL0011461410,IL0011461410,True,KSM ETF (4A) NASDAQ US BuyBack Achievers Currency Hedged,"קסם NASDAQ US BuyBack Achievers (4A) ETF מנוטרלת מט""ח",קסם.ס120,ETF Fund - Equity,1733,KSM-F120.TA
1146158,KSM.F36,IL0011461584,IL0011461584,True,KSM ETF (00) Tel Gov-CPI-Linked 2-5,קסם ETFי (00) תל גוב- צמודות 2-5,קסם.ס36,ETF - Bonds,1733,KSM-F36.TA
1146166,KSM.F37,IL0011461667,IL0011461667,True,KSM ETF (00) Tel Gov-Shekel 0-2,קסם ETFי (00) תל גוב - שקלי 0-2,קסם.ס37,ETF - Bonds,1733,KSM-F37.TA
1146174,KSM.F38,IL0011461741,IL0011461741,True,KSM ETF (00) Tel Gov-Shekel 5+,קסם ETFי (00) תל גוב- שקלי 5+,קסם.ס38,ETF - Bonds,1733,KSM-F38.TA
1146182,KSM.F121,IL0011461824,IL0011461824,True,KSM ETF (4A) STOXX Europe 600 Euro Hedged,קסם STOXX Europe 600 (4A) ETF מנוטרלת אירו,קסם.ס121,ETF Fund - Equity,1733,KSM-F121.TA
1146190,KSM.F39,IL0011461907,IL0011461907,True,KSM ETF (00) Tel Gov-Shekel 2-5,קסם ETFי (00) תל גוב- שקלי 2-5,קסם.ס39,ETF - Bonds,1733,KSM-F39.TA
1146208,KSM.F122,IL0011462087,IL0011462087,True,KSM ETF (4D) STOXX Europe 600,קסם STOXX Europe 600 (4D) ETF,קסם.ס122,ETF Fund - Equity,1733,KSM-F122.TA
1146216,KSM.F40,IL0011462160,IL0011462160,True,KSM ETF (00) Tel Bond-40 CPI Linked IL,קסם ETFי (00) תל בונד 40 צמודות,קסם.ס40,ETF - Bonds,1733,KSM-F40.TA
1146224,KSM.F123,IL0011462244,IL0011462244,True,KSM ETF (4D) NASDAQ US BuyBack Achievers,קסם NASDAQ US BuyBack Achievers (4D) ETF,קסם.ס123,ETF Fund - Equity,1733,KSM-F123.TA
1146232,KSM.F41,IL0011462327,IL0011462327,True,KSM ETF (00) Tel Bond-60 CPI Linked IL,קסם ETFי (00) תל בונד 60 צמודות,קסם.ס41,ETF - Bonds,1733,KSM-F41.TA
1146240,KSM.F124,IL0011462400,IL0011462400,True,KSM ETF (4A) STOXX Europe MID 200 Euro Hedged,קסם STOXX Europe MID 200 (4A) ETF מנוטרלת אירו,קסם.ס124,ETF Fund - Equity,1733,KSM-F124.TA
1146257,KSM.F42,IL0011462574,IL0011462574,True,KSM ETF (00) Tel Gov-CPI Linked,קסם ETFי (00) תל גוב-צמודות,קסם.ס42,ETF - Bonds,1733,KSM-F42.TA
1146265,KSM.F125,IL0011462657,IL0011462657,True,KSM ETF (4A) Composite Euro Equity Monthly Euro Hedged,קסם 4A) ETF) משולבת מניות אירופה חודשי מנוטרלת אירו,קסם.ס125,ETF Fund - Equity,1733,KSM-F125.TA
1146273,KSM.F43,IL0011462731,IL0011462731,True,KSM ETF (00) Tel Gov T-Bills (MAKAM),"קסם ETFי (00) תל גוב- מק""מ",קסם.ס43,ETF - Bonds,1733,KSM-F43.TA
1146281,KSM.F126,IL0011462814,IL0011462814,True,KSM ETF (00) Tel Bond-CPI Linked Bank Without COCO IL,קסם ETFי (00) תל בונד צמודות- בנקים ללא COCO,קסם.ס126,ETF - Bonds,1733,KSM-F126.TA
1146307,KSM.F127,IL0011463077,IL0011463077,True,KSM ETF (4A) STOXX Europe 600 Banks Euro Hedged,קסם STOXX Europe 600 Banks (4A) ETF מנוטרלת אירו,קסם.ס127,ETF Fund - Equity,1733,KSM-F127.TA
1146331,KSM.F72,IL0011463317,IL0011463317,True,KSM ETF (4A) TA-90 IL,"קסם 4A) ETF) ת""א 90",קסם.ס72,ETF Fund - Equity,1733,KSM-F72.TA
1146356,KSM.F74,IL0011463564,IL0011463564,True,KSM ETF (4A) TA-125 IL,"קסם 4A) ETF) ת""א 125",קסם.ס74,ETF Fund - Equity,1733,KSM-F74.TA
1146364,KSM.F75,IL0011463648,IL0011463648,True,KSM ETF (4A) TA Global-BlueTech IL,"קסם 4A) ETF) ת""א גלובל בלוטק",קסם.ס75,ETF Fund - Equity,1733,KSM-F75.TA
1146372,KSM.F128,IL0011463721,IL0011463721,True,KSM ETF (4D) MDAX,קסם MDAX (4D) ETF,קסם.ס128,ETF Fund - Equity,1733,KSM-F128.TA
1146380,KSM.F46,IL0011463804,IL0011463804,True,KSM ETF (6A) Leveraged TA-35 x3 Monthly IL,"קסם 6A) ETF) ממונפת ת""א 35 פי 3 חודשי",קסם.ס46,ETF Fund - Equity,1733,KSM-F46.TA
1146406,KSM.F76,IL0011464067,IL0011464067,True,KSM ETF (4D) EURO STOXX 50,קסם EURO STOXX 50 (4D) ETF,קסם.ס76,ETF Fund - Equity,1733,KSM-F76.TA
1146414,KSM.F48,IL0011464141,IL0011464141,True,KSM ETF (00) Tel Bond-Shekel IL,קסם ETFי (00) תל בונד שקלי,קסם.ס48,ETF - Bonds,1733,KSM-F48.TA
1146422,KSM.F49,IL0011464224,IL0011464224,True,KSM ETF (4A) LBMA Gold Price PM USD Currency Hedged,"קסם LBMA Gold Price PM USD (4A) ETF מנוטרלת מט""ח",קסם.ס49,ETF - Bonds,1733,KSM-F49.TA
1146430,KSM.F77,IL0011464307,IL0011464307,True,KSM ETF (4A) Index Israeli Banks IL,קסם 4A) ETF) אינדקס בנקים ישראל,קסם.ס77,ETF Fund - Equity,1733,KSM-F77.TA
1146448,KSM.F78,IL0011464489,IL0011464489,True,KSM ETF (4D) DJ Industrial Average,קסם DJ Industrial Average (4D) ETF,קסם.ס78,ETF Fund - Equity,1733,KSM-F78.TA
1146455,KSM.F50,IL0011464554,IL0011464554,True,KSM ETF (00) Short Tel Bond-40 CPI Linked (666.27) IL,קסם ETFי (00) חסר תל בונד 40 צמודות (666.27),קסם.ס50,ETF - Bonds,1733,KSM-F50.TA
1146471,KSM.F80,IL0011464711,IL0011464711,True,KSM ETF (4D) S&P 500,קסם S&P 500 (4D) ETF,קסם.ס80,ETF Fund - Equity,1733,KSM-F80.TA
1146497,KSM.F51,IL0011464976,IL0011464976,True,KSM ETF (4D) FTSE 100,קסם FTSE 100 (4D) ETF,קסם.ס51,ETF Fund - Equity,1733,KSM-F51.TA
1146505,KSM.F52,IL0011465056,IL0011465056,True,KSM ETF (4D) NASDAQ 100,קסם NASDAQ 100 (4D) ETF,קסם.ס52,ETF Fund - Equity,1733,KSM-F52.TA
1146513,KSM.F53,IL0011465130,IL0011465130,True,KSM ETF (4D) DAX,קסם DAX (4D) ETF,קסם.ס53,ETF Fund - Equity,1733,KSM-F53.TA
1146521,KSM.F54,IL0011465213,IL0011465213,True,KSM ETF (4D) FTSE China 50,קסם FTSE China 50 (4D) ETF,קסם.ס54,ETF Fund - Equity,1733,KSM-F54.TA
1146539,KSM.F55,IL0011465395,IL0011465395,True,KSM ETF (4A) TA-SME60 IL,"קסם 4A) ETF) ת""א SME60",קסם.ס55,ETF Fund - Equity,1733,KSM-F55.TA
1146547,KSM.F56,IL0011465478,IL0011465478,True,KSM ETF (4A) TA-RealEstate IL,"קסם 4A) ETF) ת""א נדל""ן",קסם.ס56,ETF Fund - Equity,1733,KSM-F56.TA
1146554,KSM.F57,IL0011465544,IL0011465544,True,KSM ETF (4A) TA-Finance IL,"קסם 4A) ETF) ת""א פיננסים",קסם.ס57,ETF Fund - Equity,1733,KSM-F57.TA
1146562,KSM.F58,IL0011465627,IL0011465627,True,KSM ETF (00) Tel Gov-Shekel,קסם ETFי (00) תל גוב- שקלי,קסם.ס58,ETF - Bonds,1733,KSM-F58.TA
1146570,KSM.F59,IL0011465700,IL0011465700,True,KSM ETF (4A) TA-35 IL,"קסם 4A) ETF) ת""א 35",קסם.ס59,ETF Fund - Equity,1733,KSM-F59.TA
1146588,KSM.F129,IL0011465882,IL0011465882,True,KSM ETF (4A) MDAX Currency Hedged,"קסם MDAX (4A) ETF מנוטרלת מט""ח",קסם.ס129,ETF Fund - Equity,1733,KSM-F129.TA
1146604,KSM.F82,IL0011466047,IL0011466047,True,KSM ETF (4A) S&P 500 Currency Hedged,"קסם S&P 500 (4A) ETF מנוטרלת מט""ח",קסם.ס82,ETF Fund - Equity,1733,KSM-F82.TA
1146612,KSM.F83,IL0011466120,IL0011466120,True,KSM ETF (4A) NASDAQ 100 Currency Hedged,"קסם NASDAQ 100 (4A) ETF מנוטרלת מט""ח",קסם.ס83,ETF Fund - Equity,1733,KSM-F83.TA
1146620,KSM.F84,IL0011466203,IL0011466203,True,KSM ETF (4A) Bloomberg Brent Crude Currency Hedged Future,"קסם ETFי (4A) חוזה Bloomberg Brent Crude מנוטרלת מט""ח",קסם.ס84,ETF - Bonds,1733,KSM-F84.TA
1146638,KSM.F85,IL0011466385,IL0011466385,True,KSM ETF (0A) Comp Tel-Gov (65%) Cor Bond IL (35%) Monthly,קסם ETFי (0A) משולבת תל גוב-כללי (65%) וקונצרני ישראל (35%) חודשי,קסם.ס85,ETF - Bonds,1733,KSM-F85.TA
1146646,KSM.F86,IL0011466468,IL0011466468,True,KSM ETF (0A) Tel-Gov,קסם 0A) ETF) תל גוב-כללי,קסם.ס86,ETF - Bonds,1733,KSM-F86.TA
1146661,KSM.F88,IL0011466617,IL0011466617,True,KSM ETF (2A) Composite Gen Bond IL (90%) IL Equity (10%) Monthly,קסם 2A) ETF) משולבת אגח כללי ישראל (90%) ומניות ישראל (10%) חודשי,קסם.ס88,ETF - Bonds,1733,KSM-F88.TA
1146679,KSM.F89,IL0011466799,IL0011466799,True,KSM ETF (4D) MSCI AC World,קסם MSCI AC World (4D) ETF,קסם.ס89,ETF Fund - Equity,1733,KSM-F89.TA
1146687,KSM.F90,IL0011466872,IL0011466872,True,KSM ETF (4A) Hang Seng China Currency Hedged,"קסם Hang Seng China (4A) ETF מנוטרלת מט""ח",קסם.ס90,ETF Fund - Equity,1733,KSM-F90.TA
1146695,KSM.F91,IL0011466955,IL0011466955,True,KSM ETF (2A) Composite Gen Bond IL (80%) Equity (20%) Monthly,קסם 2A) ETF) משולבת אגח כללי ישראל (80%) ומניות (20%) חודשי,קסם.ס91,ETF - Bonds,1733,KSM-F91.TA
1146703,KSM.F92,IL0011467037,IL0011467037,True,KSM ETF (4A) DAX Currency Hedged,"קסם DAX (4A) ETF מנוטרלת מט""ח",קסם.ס92,ETF Fund - Equity,1733,KSM-F92.TA
1146729,KSM.F94,IL0011467292,IL0011467292,True,KSM ETF (4A) Russell 2000 Currency Hedged,"קסם Russell 2000 (4A) ETF מנוטרלת מט""ח",קסם.ס94,ETF Fund - Equity,1733,KSM-F94.TA
1146737,KSM.F95,IL0011467375,IL0011467375,True,KSM ETF (4A) MSCI Emerging Markets Dollar Hedged,קסם MSCI Emerging Markets (4A) ETF מנוטרלת דולר,קסם.ס95,ETF Fund - Equity,1733,KSM-F95.TA
1146745,KSM.F96,IL0011467458,IL0011467458,True,"KSM ETF (6A) Short TA-35 (5,337.49) IL","קסם 6A) ETF) חסר ת""א 35 (5,337.49)",קסם.ס96,ETF Fund - Equity,1733,KSM-F96.TA
1146786,KSM.F132,IL0011467862,IL0011467862,True,KSM ETF (4D) S&P Financial,קסם S&P Financial (4D) ETF,קסם.ס132,ETF Fund - Equity,1733,KSM-F132.TA
1146794,KSM.F134,IL0011467946,IL0011467946,True,KSM ETF (4D) S&P Consumer Discretionary,קסם S&P Consumer Discretionary (4D) ETF,קסם.ס134,ETF Fund - Equity,1733,KSM-F134.TA
1146810,KSM.F139,IL0011468100,IL0011468100,True,KSM ETF (4A) DJ Internet Composite Currency Hedged,"קסם DJ Internet Composite (4A) ETF מנוטרלת מט""ח",קסם.ס139,ETF Fund - Equity,1733,KSM-F139.TA
1146828,KSM.F140,IL0011468282,IL0011468282,True,KSM ETF (4A) Composite MidCap Equity Monthly Currency Hedged,"קסם 4A) ETF) משולבת מניות MidCap מפותחות חודשי מנוטרלת מט""ח",קסם.ס140,ETF Fund - Equity,1733,KSM-F140.TA
1146885,KSM.F103,IL0011468852,IL0011468852,True,KSM ETF (4A) TA-Oil&Gas IL,"קסם 4A) ETF) ת""א נפט וגז",קסם.ס103,ETF Fund - Equity,1733,KSM-F103.TA
1146919,KSM.F106,IL0011469199,IL0011469199,True,KSM ETF (0D) iBoxx US Liquid Investment Grade Top 30,קסם iBoxx US Liquid Investment Grade Top 30 (0D) ETF,קסם.ס106,ETF - Bonds,1733,KSM-F106.TA
1146927,KSM.F107,IL0011469272,IL0011469272,True,KSM ETF (00) Tel Bond-CPI Linked IL,קסם ETFי (00) תל בונד צמודות,קסם.ס107,ETF - Bonds,1733,KSM-F107.TA
1146935,KSM.F108,IL0011469355,IL0011469355,True,KSM ETF (00) Tel Bond-CPI Linked SmallCap IL,קסם ETFי (00) תל בונד צמודות-יתר,קסם.ס108,ETF - Bonds,1733,KSM-F108.TA
1146943,KSM.F109,IL0011469439,IL0011469439,True,KSM ETF (4D) S&P Homebuilders,קסם S&P Homebuilders (4D) ETF,קסם.ס109,ETF Fund - Equity,1733,KSM-F109.TA
1146950,KSM.F110,IL0011469504,IL0011469504,True,KSM ETF (00)(!) Tel Bond-Yields CPI Linked IL,קסם ETFי (00)(!) תל בונד-תשואות צמודות,קסם.ס110,ETF - Bonds,1733,KSM-F110.TA
1146968,KSM.F111,IL0011469686,IL0011469686,True,KSM ETF (6D) Leveraged S&P 500 x3 Monthly,קסם 6D) ETF) ממונפת S&P 500 פי 3 חודשי,קסם.ס111,ETF Fund - Equity,1733,KSM-F111.TA
1146976,KSM.F112,IL0011469769,IL0011469769,True,KSM ETF (6D) Leveraged NASDAQ 100 x3 Monthly,קסם 6D) ETF) ממונפת NASDAQ 100 פי 3 חודשי,קסם.ס112,ETF Fund - Equity,1733,KSM-F112.TA
1146984,KSM.F113,IL0011469843,IL0011469843,True,KSM ETF (6D) Leveraged DAX x3 Monthly,קסם 6D) ETF) ממונפת DAX פי 3 חודשי,קסם.ס113,ETF Fund - Equity,1733,KSM-F113.TA
1146992,KSM.F114,IL0011469926,IL0011469926,True,KSM ETF (6D) Short Leveraged S&P 500 x2 Monthly,קסם 6D) ETF) ממונפת בחסר S&P 500 פי 2 חודשי,קסם.ס114,ETF Fund - Equity,1733,KSM-F114.TA
1147008,KSM.F115,IL0011470080,IL0011470080,True,KSM ETF (6D) Short Leveraged NASDAQ 100 x2 Monthly,קסם 6D) ETF) ממונפת בחסר NASDAQ 100 פי 2 חודשי,קסם.ס115,ETF Fund - Equity,1733,KSM-F115.TA
1147016,KSM.F116,IL0011470163,IL0011470163,True,KSM ETF (6D) Short Leveraged DAX x2 Monthly,קסם 6D) ETF) ממונפת בחסר DAX פי 2 חודשי,קסם.ס116,ETF Fund - Equity,1733,KSM-F116.TA
1147024,KSM.F117,IL0011470247,IL0011470247,True,KSM ETF (4A) S&P SmallCap 600 Currency Hedged,"קסם S&P SmallCap 600 (4A) ETF מנוטרלת מט""ח",קסם.ס117,ETF Fund - Equity,1733,KSM-F117.TA
1147032,KSM.F118,IL0011470320,IL0011470320,True,KSM ETF (4D) Morningstar Wide Moat Focus,קסם Morningstar Wide Moat Focus (4D) ETF,קסם.ס118,ETF Fund - Equity,1733,KSM-F118.TA
1147040,KSM.F119,IL0011470403,IL0011470403,True,KSM ETF (4A) Composite US Equity Monthly Currency Hedged,"קסם 4A) ETF) משולבת מניות ארהב חודשי מנוטרלת מט""ח",קסם.ס119,ETF Fund - Equity,1733,KSM-F119.TA
1147057,KSM.F141,IL0011470577,IL0011470577,True,KSM ETF (2A) Comp Tel-Gov (55%) Cor Bond (30%) Equity (15%) Monthly CurrHedged,"קסם 2A) ETF) משולבת תל גוב-כללי(55%) קונצרני(30%) ומניות(15%) חודשי מנוטרלת מט""ח",קסם.ס141,ETF - Bonds,1733,KSM-F141.TA
1147065,KSM.F142,IL0011470650,IL0011470650,True,KSM ETF (4D) S&P 500 Low Volatility High Dividend,קסם S&P 500 Low Volatility High Dividend (4D) ETF,קסם.ס142,ETF Fund - Equity,1733,KSM-F142.TA
1147073,KSM.F143,IL0011470734,IL0011470734,True,KSM ETF (4A) MSCI World Dollar Hedged,קסם MSCI World (4A) ETF מנוטרלת דולר,קסם.ס143,ETF Fund - Equity,1733,KSM-F143.TA
1147081,KSM.F144,IL0011470817,IL0011470817,True,KSM ETF (0A) Tel Bond-Composite IL,קסם 0A) ETF) תל בונד מאגר,קסם.ס144,ETF - Bonds,1733,KSM-F144.TA
1147099,KSM.F136,IL0011470999,IL0011470999,True,KSM ETF (4A) FTSE 250 Currency Hedged,"קסם FTSE 250 (4A) ETF מנוטרלת מט""ח",קסם.ס136,ETF Fund - Equity,1733,KSM-F136.TA
1147107,KSM.F145,IL0011471070,IL0011471070,True,KSM ETF (4A) DJ US Dividend Currency Hedged,"קסם DJ US Dividend (4A) ETF מנוטרלת מט""ח",קסם.ס145,ETF Fund - Equity,1733,KSM-F145.TA
1147131,KSM.F148,IL0011471310,IL0011471310,True,KSM ETF (00)(!) Short Tel Bond-Yields CPI Linked (742.24) IL,קסם ETFי (00)(!) חסר תל בונד- תשואות צמודות (742.24),קסם.ס148,ETF - Bonds,1733,KSM-F148.TA
1147156,KSM.F150,IL0011471567,IL0011471567,True,KSM ETF (4D) Composite US Equity Monthly,קסם 4D) ETF) משולבת מניות ארהב חודשי,קסם.ס150,ETF Fund - Equity,1733,KSM-F150.TA
1147172,KSM.F152,IL0011471724,IL0011471724,True,KSM ETF (4D) S&P Health Care,קסם S&P Health Care (4D) ETF,קסם.ס152,ETF Fund - Equity,1733,KSM-F152.TA
1147198,KSM.F154,IL0011471989,IL0011471989,True,KSM ETF (00) All-Bond Floating Shekel IL,קסם ETFי (00) All-Bond ריבית משתנה שקלי,קסם.ס154,ETF - Bonds,1733,KSM-F154.TA
1147214,KSM.F156,IL0011472144,IL0011472144,True,KSM ETF (4D) Composite US S&P Sector Equity Monthly,קסם 4D) ETF) משולבת מניות סקטורים ארהב S&P חודשי,קסם.ס156,ETF Fund - Equity,1733,KSM-F156.TA
1147230,KSM.F158,IL0011472300,IL0011472300,True,KSM ETF (4D) S&P Technology,קסם S&P Technology (4D) ETF,קסם.ס158,ETF Fund - Equity,1733,KSM-F158.TA
1147263,KSM.F161,IL0011472631,IL0011472631,True,KSM ETF (0A) iBoxx $ Corps Liquid 3-7 Years Currency Hedged,"קסם iBoxx $ Corps Liquid 3-7 Years (0A) ETF מנוטרלת מט""ח",קסם.ס161,ETF - Bonds,1733,KSM-F161.TA
1147271,KSM.F162,IL0011472714,IL0011472714,True,KSM ETF (4D) Bluestar Israel Global Technology,קסם Bluestar Israel Global Technology (4D) ETF,קסם.ס162,ETF Fund - Equity,1733,KSM-F162.TA
1147297,KSM.F164,IL0011472979,IL0011472979,True,KSM ETF (0D) iBoxx $ Corps Liquid 3-7 Years,קסם iBoxx $ Corps Liquid 3-7 Years (0D) ETF,קסם.ס164,ETF - Bonds,1733,KSM-F164.TA
1147347,KSM.F169,IL0011473472,IL0011473472,True,(KSM ETF (6A) Short TA-SME60 IL (1913.2,"קסם ETF י(6A) חסר ת""א SME60י (1913.2)",קסם.ס169,ETF Fund - Equity,1733,KSM-F169.TA
1147362,KSM.F171,IL0011473621,IL0011473621,True,KSM ETF (4A) MSCI AC World Dollar Hedged,קסם MSCI AC World (4A) ETF מנוטרלת דולר,קסם.ס171,ETF Fund - Equity,1733,KSM-F171.TA
1147396,KSM.F174,IL0011473969,IL0011473969,True,KSM ETF (00) Tel Bond-Shekel 3-5 IL,קסם ETFי (00) תל בונד שקלי 3-5,קסם.ס174,ETF - Bonds,1733,KSM-F174.TA
1147479,TOEN.B1,IL0011474793,IL0011474793,True,TOMER ENERGY B1,תומר אנרגיהאגחא,תמאנ.ק1,Corporate Bonds,1609,TOEN-B1.TA
1147487,GLRS,IL0011474876,IL0011474876,True,GLOBRANDS,גלוברנדס,גלרס,Shares,1741,GLRS.TA
1147503,INGL.B4,IL0011475030,IL0011475030,True,IS GAS LINES B4,נתיבי גז אגח ד,נתגז.ק4,Corporate Bonds,1418,INGL-B4.TA
1147529,KSM.F133,IL0011475295,IL0011475295,True,KSM ETF (4D) S&P Industrial,קסם S&P Industrial (4D) ETF,קסם.ס133,ETF Fund - Equity,1733,KSM-F133.TA
1147545,KSM.F138,IL0011475451,IL0011475451,True,KSM ETF (4A) FTSE 100 Currency Hedged,"קסם FTSE 100 (4A) ETF מנוטרלת מט""ח",קסם.ס138,ETF Fund - Equity,1733,KSM-F138.TA
1147602,MGOR.B8,IL0011476020,IL0011476020,True,MEGA OR B8,מגה אור אגח ח,מגאר.ק8,Corporate Bonds,1450,MGOR-B8.TA
1147685,CRML,IL0011476855,IL0011476855,True,CARMEL CORP,כרמל קורפ,כרמל,Shares,1748,CRML.TA
1147750,RTEN,IL0011477507,IL0011477507,True,ROTEM EN REM PU,רותם אנרגיה יהש,רתאנ,Participating unit ,1693,RTEN.TA
1147875,IBI.F61,IL0011478752,IL0011478752,True,I.B.I. SAL (4D) LBMA Gold Price AM,אי.בי.אי. סל (4D)י LBMA Gold Price AM,אבא.ס61,ETF - Bonds,1750,IBI-F61.TA
1147966,IBI.F62,IL0011479669,IL0011479669,True,I.B.I. SAL (0D) iBoxx US Liquid Investment Grade Top 30,אי.בי.אי. סל (0D)י iBoxx US Liquid Investment Grade Top 30,אבא.ס62,ETF - Bonds,1750,IBI-F62.TA
1147974,IBI.F13,IL0011479743,IL0011479743,True,I.B.I. SAL (00) Tel-Bond 40 CPI - LINKED IL,אי.בי.אי. סל (00) תל בונד 40 צמודות,אבא.ס13,ETF - Bonds,1750,IBI-F13.TA
1148006,IBI.F14,IL0011480063,IL0011480063,True,I.B.I. SAL (00) Tel-Bond 60 CPI - LINKED IL,אי.בי.אי. סל (00) תל בונד 60 צמודות,אבא.ס14,ETF - Bonds,1750,IBI-F14.TA
1148048,IBI.F16,IL0011480485,IL0011480485,True,I.B.I. SAL (00) Tel Bond-CPI Linked IL,אי.בי.אי. סל (00) תל בונד צמודות,אבא.ס16,ETF - Bonds,1750,IBI-F16.TA
1148162,IBI.F65,IL0011481624,IL0011481624,True,I.B.I. SAL (4D) S&P 500,אי.בי.אי. סל (4D)י S&P 500,אבא.ס65,ETF Fund - Equity,1750,IBI-F65.TA
1148212,IBI.F126,IL0011482127,IL0011482127,True,I.B.I. SAL (4A) S&P Health Care Currency-Hedged,"אי.בי.אי. סל (4A)י S&P Health Care מנוטרלת מט""ח",אבא.ס126,ETF Fund - Equity,1750,IBI-F126.TA
1148477,IBI.F22,IL0011484776,IL0011484776,True,I.B.I. SAL (00) Tel Bond-CPI Linked A IL,אי.בי.אי. סל (00) תל בונד צמודות A,אבא.ס22,ETF - Bonds,1750,IBI-F22.TA
1148774,IBI.F35,IL0011487746,IL0011487746,True,I.B.I. SAL (4A) Index Israel Banks IL,אי.בי.אי. סל (4A) אינדקס בנקים ישראל,אבא.ס35,ETF Fund - Equity,1750,IBI-F35.TA
1148808,IBI.F42,IL0011488082,IL0011488082,True,I.B.I. SAL (4A) TA-125 IL,"אי.בי.אי. סל (4A) ת""א 125",אבא.ס42,ETF Fund - Equity,1750,IBI-F42.TA
1148899,HRL.F2,IL0011488991,IL0011488991,True,Harel Sal (4A) TA 125 IL,"הראל סל (4A) ת""א 125",הרל.ס2,ETF Fund - Equity,1747,HRL-F2.TA
1148907,HRL.F7,IL0011489072,IL0011489072,True,Harel Sal (4A) TA 35 IL,"הראל סל (4A) ת""א 35",הרל.ס7,ETF Fund - Equity,1747,HRL-F7.TA
1148931,HRL.F11,IL0011489312,IL0011489312,True,Harel Sal (4A) TA 90 IL,"הראל סל (4A) ת""א 90",הרל.ס11,ETF Fund - Equity,1747,HRL-F11.TA
1148949,HRL.F12,IL0011489494,IL0011489494,True,Harel Sal (4A) Index Israel Banks IL,הראל סל (4A) אינדקס בנקים ישראל,הרל.ס12,ETF Fund - Equity,1747,HRL-F12.TA
1148956,HRL.F14,IL0011489569,IL0011489569,True,Harel Sal (4A) TA-SME60 IL,"הראל סל (4A) ת""א SME60",הרל.ס14,ETF Fund - Equity,1747,HRL-F14.TA
1148964,HRL.F15,IL0011489643,IL0011489643,True,Harel Sal (4A) TA-RealEstate IL,"הראל סל (4A) ת""א נדל""ן",הרל.ס15,ETF Fund - Equity,1747,HRL-F15.TA
1148980,HRL.F16,IL0011489809,IL0011489809,True,Harel Sal (4A) TA-Finance IL,"הראל סל (4A) ת""א פיננסים",הרל.ס16,ETF Fund - Equity,1747,HRL-F16.TA
1149020,HRL.F25,IL0011490203,IL0011490203,True,Harel Sal (4D) S&P 500,הראל סל (4D) ‏S&P 500,הרל.ס25,ETF Fund - Equity,1747,HRL-F25.TA
1149038,HRL.F26,IL0011490385,IL0011490385,True,Harel Sal (4D) NASDAQ 100,הראל סל (4D) ‏NASDAQ 100,הרל.ס26,ETF Fund - Equity,1747,HRL-F26.TA
1149053,HRL.F28,IL0011490534,IL0011490534,True,Harel Sal (4D) DAX,הראל סל (4D) ‏DAX,הרל.ס28,ETF Fund - Equity,1747,HRL-F28.TA
1149103,HRL.F49,IL0011491037,IL0011491037,True,Harel Sal (4A) NASDAQ 100 Currency-Hedged,"הראל סל (4A) ‏NASDAQ 100 מנוטרלת מט""ח",הרל.ס49,ETF Fund - Equity,1747,HRL-F49.TA
1149137,HRL.F50,IL0011491375,IL0011491375,True,Harel Sal (4A) S&P 500 Currency-Hedged,"הראל סל (4A) ‏S&P 500 מנוטרלת מט""ח",הרל.ס50,ETF Fund - Equity,1747,HRL-F50.TA
1149160,HRL.F53,IL0011491607,IL0011491607,True,Harel Sal (4A) DAX Currency-Hedged,"הראל סל (4A) ‏DAX מנוטרלת מט""ח",הרל.ס53,ETF Fund - Equity,1747,HRL-F53.TA
1149228,HRL.F64,IL0011492282,IL0011492282,True,Harel Sal (4D) DJ Industrial Average,הראל סל (4D) ‏DJ Industrial Average,הרל.ס64,ETF Fund - Equity,1747,HRL-F64.TA
1149236,IBI.F161,IL0011492365,IL0011492365,True,I.B.I. SAL (6A) Short TA-90 (6582.848) IL,"אי.בי.אי. סל (6A) חסר ת""א 90 (6582.848)",אבא.ס161,ETF Fund - Equity,1750,IBI-F161.TA
1149244,HRL.F65,IL0011492449,IL0011492449,True,Harel Sal (4D) EURO STOXX 50,הראל סל (4D) ‏EURO STOXX 50,הרל.ס65,ETF Fund - Equity,1747,HRL-F65.TA
1149251,HRL.F67,IL0011492514,IL0011492514,True,Harel Sal (4A) NIKKEI 225 Currency-Hedged,"הראל סל (4A) ‏NIKKEI 225 מנוטרלת מט""ח",הרל.ס67,ETF Fund - Equity,1747,HRL-F67.TA
1149285,HRL.F68,IL0011492852,IL0011492852,True,Harel Sal (4D) S&P Industrial,הראל סל (4D) ‏S&P Industrial,הרל.ס68,ETF Fund - Equity,1747,HRL-F68.TA
1149301,HRL.F72,IL0011493017,IL0011493017,True,Harel Sal (4D) MSCI Emerging Markets,הראל סל (4D) ‏MSCI Emerging Markets,הרל.ס72,ETF Fund - Equity,1747,HRL-F72.TA
1149335,HRL.F73,IL0011493355,IL0011493355,True,Harel Sal (4D) MSCI AC World,הראל סל (4D) ‏MSCI AC World,הרל.ס73,ETF Fund - Equity,1747,HRL-F73.TA
1149772,IBI.F106,IL0011497729,IL0011497729,True,I.B.I. SAL (4D) MSCI AC World,אי.בי.אי. סל (4D)י MSCI AC World,אבא.ס106,ETF Fund - Equity,1750,IBI-F106.TA
1149830,IBI.F112,IL0011498305,IL0011498305,True,I.B.I. SAL (4A) DAX Currency-Hedged,"אי.בי.אי. סל (4A)י DAX מנוטרלת מט""ח",אבא.ס112,ETF Fund - Equity,1750,IBI-F112.TA
1149848,HRL.F74,IL0011498487,IL0011498487,True,Harel Sal (4D) S&P Health Care,הראל סל (4D) ‏S&P Health Care,הרל.ס74,ETF Fund - Equity,1747,HRL-F74.TA
1149855,HRL.F75,IL0011498552,IL0011498552,True,Harel Sal (4D) S&P Financial,הראל סל (4D) ‏S&P Financial,הרל.ס75,ETF Fund - Equity,1747,HRL-F75.TA
1149863,HRL.F76,IL0011498636,IL0011498636,True,Harel Sal (4D) S&P Consumer Staples,הראל סל (4D) ‏S&P Consumer Staples,הרל.ס76,ETF Fund - Equity,1747,HRL-F76.TA
1149871,HRL.F77,IL0011498719,IL0011498719,True,Harel Sal (4D) STOXX Europe 600,הראל סל (4D) ‏STOXX Europe 600,הרל.ס77,ETF Fund - Equity,1747,HRL-F77.TA
1149889,HRL.F80,IL0011498891,IL0011498891,True,Harel Sal (4A) STOXX Europe 600 Euro-Hedged,הראל סל (4A) ‏STOXX Europe 600 מנוטרלת אירו,הרל.ס80,ETF Fund - Equity,1747,HRL-F80.TA
1149897,HRL.F81,IL0011498974,IL0011498974,True,Harel Sal (4A) S&P Financial Currency-Hedged,"הראל סל (4A) ‏S&P Financial מנוטרלת מט""ח",הרל.ס81,ETF Fund - Equity,1747,HRL-F81.TA
1149905,HRL.F82,IL0011499055,IL0011499055,True,Harel Sal (4A) S&P 500 Low Volatility Currency-Hedged,"הראל סל (4A) ‏S&P 500 Low Volatility מנוטרלת מט""ח",הרל.ס82,ETF Fund - Equity,1747,HRL-F82.TA
1149939,HRL.F87,IL0011499394,IL0011499394,True,Harel Sal (4D) S&P Technology,הראל סל (4D) ‏S&P Technology,הרל.ס87,ETF Fund - Equity,1747,HRL-F87.TA
1149954,MTF.F1,IL0011499543,IL0011499543,True,MTF SAL (00) Tel Gov - Shekel IL,‏MTF סל (00) תל גוב-שקלי,מטפ.ס1,ETF - Bonds,1735,MTF-F1.TA
1149962,MTF.F2,IL0011499626,IL0011499626,True,MTF SAL (00)Tel Gov - Shekel 2-5 IL,MTF סל (00) תל גוב-שקלי 2-5,מטפ.ס2,ETF - Bonds,1735,MTF-F2.TA
1149970,HRL.F95,IL0011499709,IL0011499709,True,Harel Sal (4A) S&P 500 Equal Weight Currency-Hedged,"הראל סל (4A) ‏S&P 500 Equal Weight מנוטרלת מט""ח",הרל.ס95,ETF Fund - Equity,1747,HRL-F95.TA
1149988,MTF.F3,IL0011499881,IL0011499881,True,MTF SAL (00) Tel-Bond 20 CPI-Linked IL,MTF סל (00) תל בונד 20 צמודות,מטפ.ס3,ETF - Bonds,1735,MTF-F3.TA
1149996,MTF.F4,IL0011499964,IL0011499964,True,MTF SAL (00) Tel-Bond 60 CPI-Linked IL,MTF סל (00) תל בונד 60 צמודות,מטפ.ס4,ETF - Bonds,1735,MTF-F4.TA
1150002,MTF.F5,IL0011500027,IL0011500027,True,MTF SAL (00) Tel Bond Shekel IL,MTF סל (00) תל בונד שקלי,מטפ.ס5,ETF - Bonds,1735,MTF-F5.TA
1150010,MTF.F6,IL0011500100,IL0011500100,True,MTF SAL (00) Tel Gov - CPI Linked 2-5 IL,MTF סל‏ (00) תל גוב-צמודות 2-5,מטפ.ס6,ETF - Bonds,1735,MTF-F6.TA
1150036,HRL.F96,IL0011500365,IL0011500365,True,Harel Sal (4D) S&P Energy,הראל סל (4D) ‏S&P Energy,הרל.ס96,ETF Fund - Equity,1747,HRL-F96.TA
1150051,MTF.F8,IL0011500514,IL0011500514,True,MTF SAL (00) Tel Gov - Shekel 5+ IL,MTF סל (00) תל גוב-שקלי 5+,מטפ.ס8,ETF - Bonds,1735,MTF-F8.TA
1150069,MTF.F9,IL0011500696,IL0011500696,True,MTF SAL (00) Tel Gov - CPI Linked 5-10 IL,MTF סל (00) תל גוב-צמודות 5-10,מטפ.ס9,ETF - Bonds,1735,MTF-F9.TA
1150101,MTF.F11,IL0011501017,IL0011501017,True,MTF SAL (00) Tel Bond - CPI Linked IL,MTF סל (00) תל בונד צמודות,מטפ.ס11,ETF - Bonds,1735,MTF-F11.TA
1150119,MTF.F12,IL0011501199,IL0011501199,True,MTF SAL (00)(!) Tel - Bond Yields CPI Linked IL,MTF סל (00)(!) תל - בונד תשואות צמודות,מטפ.ס12,ETF - Bonds,1735,MTF-F12.TA
1150135,MTF.F13,IL0011501355,IL0011501355,True,MTF SAL (00)(!) Tel Bond - Gobal Shekel IL,MTF סל (00)(!) תל בונד - גלובל שקלי,מטפ.ס13,ETF - Bonds,1735,MTF-F13.TA
1150168,MTF.F15,IL0011501686,IL0011501686,True,MTF SAL (00) Tel Bond Shekel 50 IL,MTF סל‏ (00) תל בונד שקלי 50,מטפ.ס15,ETF - Bonds,1735,MTF-F15.TA
1150184,MTF.F16,IL0011501843,IL0011501843,True,MTF SAL (4A) TA-35 IL,"MTF סל (4A) ת""א 35",מטפ.ס16,ETF Fund - Equity,1735,MTF-F16.TA
1150192,HRL.F204,IL0011501926,IL0011501926,True,Harel Sal (4A) ISE Cyber Security Dollar-Hedged,הראל סל (4A) ‏ISE Cyber Security מנוטרלת דולר,הרל.ס204,ETF Fund - Equity,1747,HRL-F204.TA
1150200,HRL.F205,IL0011502007,IL0011502007,True,Harel Sal (4A) MSCI AC World Dollar-Hedged,הראל סל (4A) ‏MSCI AC World מנוטרלת דולר,הרל.ס205,ETF Fund - Equity,1747,HRL-F205.TA
1150226,MTF.F31,IL0011502262,IL0011502262,True,MTF SAL (4D) STOXX Europe 600,MTF סל (STOXX Europe 600 (4D,מטפ.ס31,ETF Fund - Equity,1735,MTF-F31.TA
1150242,MTF.F33,IL0011502429,IL0011502429,True,MTF SAL (4D) RUSSELL 2000,MTF סל (RUSSELL 2000 (4D,מטפ.ס33,ETF Fund - Equity,1735,MTF-F33.TA
1150259,MTF.F17,IL0011502593,IL0011502593,True,MTF SAL (4A) TA-90 IL,"MTF סל‏ (4A) ת""א 90",מטפ.ס17,ETF Fund - Equity,1735,MTF-F17.TA
1150267,MTF.F18,IL0011502676,IL0011502676,True,MTF SAL (4A) TA Tech - Elite IL,"MTF סל‏ (4A) ת""א טק-עילית",מטפ.ס18,ETF Fund - Equity,1735,MTF-F18.TA
1150275,MTF.F34,IL0011502759,IL0011502759,True,MTF SAL (4D) MSCI Emerging Markets,MTF סל (MSCI Emerging Markets (4D,מטפ.ס34,ETF Fund - Equity,1735,MTF-F34.TA
1150283,MTF.F19,IL0011502833,IL0011502833,True,MTF SAL (4A) TA-125 IL,"MTF סל (4A) ת""א 125",מטפ.ס19,ETF Fund - Equity,1735,MTF-F19.TA
1150333,MTF.F23,IL0011503336,IL0011503336,True,MTF SAL (4D) S&P 500,MTF סל (S&P 500 (4D,מטפ.ס23,ETF Fund - Equity,1735,MTF-F23.TA
1150341,MTF.F24,IL0011503419,IL0011503419,True,MTF SAL (4D) S&P Aerospace & Defense,MTF סל (S&P Aerospace & Defense (4D,מטפ.ס24,ETF Fund - Equity,1735,MTF-F24.TA
1150358,MTF.F25,IL0011503583,IL0011503583,True,MTF SAL (4D) S&P Consumer Discretionary,MTF סל (S&P Consumer Discretionary (4D,מטפ.ס25,ETF Fund - Equity,1735,MTF-F25.TA
1150366,MTF.F26,IL0011503666,IL0011503666,True,MTF SAL (4D) S&P Consumer Staples,MTF סל (S&P Consumer Staples (4D,מטפ.ס26,ETF Fund - Equity,1735,MTF-F26.TA
1150374,HRL.F207,IL0011503740,IL0011503740,True,Harel Sal (4D) ISE Cyber Security,הראל סל (4D) ‏ISE Cyber Security,הרל.ס207,ETF Fund - Equity,1747,HRL-F207.TA
1150382,MTF.F27,IL0011503823,IL0011503823,True,MTF SAL (4D) S&P Financial,MTF סל (S&P Financial (4D,מטפ.ס27,ETF Fund - Equity,1735,MTF-F27.TA
1150390,MTF.F28,IL0011503906,IL0011503906,True,MTF SAL (4D) S&P Health Care,MTF סל (S&P Health Care (4D,מטפ.ס28,ETF Fund - Equity,1735,MTF-F28.TA
1150408,MTF.F29,IL0011504086,IL0011504086,True,MTF SAL (4D) S&P Industrial,MTF סל (S&P Industrial (4D,מטפ.ס29,ETF Fund - Equity,1735,MTF-F29.TA
1150416,MTF.F36,IL0011504169,IL0011504169,True,MTF SAL (4A) DAX Currency-Hedged,"MTF סל (DAX (4A מנוטרלת מט""ח",מטפ.ס36,ETF Fund - Equity,1735,MTF-F36.TA
1150424,MTF.F30,IL0011504243,IL0011504243,True,MTF SAL (4D) S&P Technology,MTF סל (S&P Technology (4D,מטפ.ס30,ETF Fund - Equity,1735,MTF-F30.TA
1150432,MTF.F46,IL0011504326,IL0011504326,True,MTF SAL (4A) S&P Health Care Currency-Hedged,"MTF סל (S&P Health Care (4A מנוטרלת מט""ח",מטפ.ס46,ETF Fund - Equity,1735,MTF-F46.TA
1150440,HRL.F3,IL0011504409,IL0011504409,True,Harel Sal (00) Tel Bond 20 CPI Linked IL,הראל סל (00) תל בונד 20 צמודות,הרל.ס3,ETF - Bonds,1747,HRL-F3.TA
1150457,MTF.F47,IL0011504573,IL0011504573,True,MTF SAL (4A) S&P Industrial Currency-Hedged,"MTF סל (S&P Industrial (4A מנוטרלת מט""ח",מטפ.ס47,ETF Fund - Equity,1735,MTF-F47.TA
1150473,HRL.F4,IL0011504730,IL0011504730,True,Harel Sal (00) Tel Bond 60 CPI Linked IL,הראל סל (00) תל בונד 60 צמודות,הרל.ס4,ETF - Bonds,1747,HRL-F4.TA
1150481,MTF.F48,IL0011504813,IL0011504813,True,MTF SAL (4A) S&P Technology Currency-Hedged,"MTF סל (S&P Technology (4A מנוטרלת מט""ח",מטפ.ס48,ETF Fund - Equity,1735,MTF-F48.TA
1150499,HRL.F13,IL0011504995,IL0011504995,True,Harel Sal (00) Tel Bond 40 CPI Linked IL,הראל סל (00) תל בונד 40 צמודות,הרל.ס13,ETF - Bonds,1747,HRL-F13.TA
1150507,MTF.F49,IL0011505075,IL0011505075,True,MTF SAL (4A) S&P Utilities Currency-Hedged,"MTF סל (S&P Utilities (4A מנוטרלת מט""ח",מטפ.ס49,ETF Fund - Equity,1735,MTF-F49.TA
1150523,HRL.F24,IL0011505232,IL0011505232,True,Harel Sal (00) Tel Bond - Shekel IL,הראל סל (00) תל בונד שקלי,הרל.ס24,ETF - Bonds,1747,HRL-F24.TA
1150531,MTF.F50,IL0011505315,IL0011505315,True,MTF SAL (4A) NIKKEI 225 Currency-Hedged,"MTF סל (NIKKEI 225 (4A מנוטרלת מט""ח",מטפ.ס50,ETF Fund - Equity,1735,MTF-F50.TA
1150549,MTF.F51,IL0011505497,IL0011505497,True,MTF SAL (4A) RUSSELL 2000 Currency-Hedged,"MTF סל (RUSSELL 2000 (4A מנוטרלת מט""ח",מטפ.ס51,ETF Fund - Equity,1735,MTF-F51.TA
1150564,MTF.F39,IL0011505646,IL0011505646,True,MTF SAL (4A) S&P Aerospace & Defense Currency-Hedged,"MTF סל (S&P Aerospace & Defense (4A מנוטרלת מט""ח",מטפ.ס39,ETF Fund - Equity,1735,MTF-F39.TA
1150572,MTF.F52,IL0011505729,IL0011505729,True,MTF SAL (4A) S&P 500 Currency-Hedged,"MTF סל (S&P 500 (4A מנוטרלת מט""ח",מטפ.ס52,ETF Fund - Equity,1735,MTF-F52.TA
1150598,MTF.F45,IL0011505984,IL0011505984,True,MTF SAL (4A) S&P Financial Currency-Hedged,"MTF סל (S&P Financial (4A מנוטרלת מט""ח",מטפ.ס45,ETF Fund - Equity,1735,MTF-F45.TA
1150606,HRL.F61,IL0011506065,IL0011506065,True,Harel Sal (00) Tel Bond CPI Linked IL,הראל סל (00) תל בונד צמודות,הרל.ס61,ETF - Bonds,1747,HRL-F61.TA
1150614,MTF.F40,IL0011506149,IL0011506149,True,MTF SAL (4A) STOXX Europe 600 Currency-Hedged,"MTF סל (STOXX Europe 600 (4A מנוטרלת מט""ח",מטפ.ס40,ETF Fund - Equity,1735,MTF-F40.TA
1150622,HRL.F69,IL0011506222,IL0011506222,True,Harel Sal (00)(!) Tel Bond-Yields CPI Linked IL,הראל סל (00)(!) תל בונד-תשואות צמודות,הרל.ס69,ETF - Bonds,1747,HRL-F69.TA
1150663,MTF.F42,IL0011506636,IL0011506636,True,MTF SAL (4A) S&P Consumer Discretionary Currency-Hedged,"MTF סל (S&P Consumer Discretionary (4A מנוטרלת מט""ח",מטפ.ס42,ETF Fund - Equity,1735,MTF-F42.TA
1150671,HRL.F109,IL0011506719,IL0011506719,True,Harel Sal (00)(!) Tel Bond Yields Shekel IL,הראל סל (00)(!) תל בונד תשואות שקל,הרל.ס109,ETF - Bonds,1747,HRL-F109.TA
1150689,MTF.F43,IL0011506891,IL0011506891,True,MTF SAL (4A) S&P Consumer Staples Currency-Hedged,"MTF סל (S&P Consumer Staples (4A מנוטרלת מט""ח",מטפ.ס43,ETF Fund - Equity,1735,MTF-F43.TA
1150713,HRL.F300,IL0011507139,IL0011507139,True,Harel Sal (00) Tel Bond Shekel - 50 IL,הראל סל (00) תל בונד שקלי 50,הרל.ס300,ETF - Bonds,1747,HRL-F300.TA
1150721,MTF.F44,IL0011507212,IL0011507212,True,MTF SAL (4A) S&P Energy Currency-Hedged,"MTF סל (S&P Energy (4A מנוטרלת מט""ח",מטפ.ס44,ETF Fund - Equity,1735,MTF-F44.TA
1150739,HRL.F301,IL0011507394,IL0011507394,True,Harel Sal (00)(!) Tel Bond - Global Shekel IL,הראל סל (00)(!) תל בונד גלובל שקלי,הרל.ס301,ETF - Bonds,1747,HRL-F301.TA
1150747,HRL.F303,IL0011507477,IL0011507477,True,Harel Sal (00) Tel Bond - Shekel Bank & Insurance IL,הראל סל (00) תל בונד שקלי-בנקים וביטוח,הרל.ס303,ETF - Bonds,1747,HRL-F303.TA
1150754,KSM.F1,IL0011507543,IL0011507543,True,KSM ETF (00) Tel Bond-CPI Linked 3-5 IL,קסם ETFי (00) תל בונד צמודות 3-5,קסם.ס1,ETF - Bonds,1733,KSM-F1.TA
1150762,KSM.F2,IL0011507626,IL0011507626,True,KSM ETF (00) Tel Bond Shekel-50 IL,קסם ETFי (00) תל בונד שקלי 50,קסם.ס2,ETF - Bonds,1733,KSM-F2.TA
1150770,KSM.F3,IL0011507709,IL0011507709,True,KSM ETF (00)(!)Tel Bond-Global Shekel IL,קסם ETFי (00)(!) תל בונד גלובל שקלי,קסם.ס3,ETF - Bonds,1733,KSM-F3.TA
1150796,KSM.F5,IL0011507964,IL0011507964,True,KSM ETF (4D) S&P MidCap 400,קסם S&P MidCap 400 (4D) ETF,קסם.ס5,ETF Fund - Equity,1733,KSM-F5.TA
1150861,MTF.F7,IL0011508616,IL0011508616,True,MTF SAL (4D) DAX,MTF סל (DAX (4D,מטפ.ס7,ETF Fund - Equity,1735,MTF-F7.TA
1150879,GOI0928,IL0011508798,IL0011508798,True,ILGOV 2.25 9/28,ממשל שקלית 0928,ממשק0928,Government Bonds,926,GOI0928.TA
1150903,VTNA.B5,IL0011509036,IL0011509036,True,VITANIA B5,ויתניה אגח ה,ותנה.ק5,Corporate Bonds,1515,VTNA-B5.TA
1151117,BIG.B11,IL0011511172,IL0011511172,True,BIG B11,ביג אגח יא,ביג.ק11,Corporate Bonds,1327,BIG-B11.TA
1155076,IBI.FK1,IL0011550766,IL0011550766,True,‏I.B.I. SAL (00) Kosher Tel-Bond 60 CPI - LINKED IL,אי.בי.אי. סל (00) כשרה תל בונד 60 צמודות,אבא.סכ1,ETF - Bonds,1750,IBI-FK1.TA
1155092,HRL.FK41,IL0011550923,IL0011550923,True,Harel Sal (00) Kosher Tel Bond 60 CPI Linked IL,הראל סל (00) כשרה תל בונד 60 צמודות,הרל.סכ41,ETF - Bonds,1747,HRL-FK41.TA
1155100,TCH.FK1,IL0011551004,IL0011551004,True,Tachlit SAL (00)(!) Kosher Tel Bond-Yields Linked IL,תכלית סל (00)(!) כשרה תל בונד-תשואות צמודות,תכל.סכ1,ETF - Bonds,1734,TCH-FK1.TA
1155118,TCH.FK2,IL0011551186,IL0011551186,True,Tachlit SAL (00) Kosher Tel Bond-CPI Linked SmallCap IL,תכלית סל (00) כשרה תל בונד צמודות-יתר,תכל.סכ2,ETF - Bonds,1734,TCH-FK2.TA
1155126,KSM.FK1,IL0011551269,IL0011551269,True,KSM ETF (00) KOSHER Tel Bond-60 CPI Linked IL,קסם ETFי (00) כשרה תל בונד 60 צמודות,קסם.סכ1,ETF - Bonds,1733,KSM-FK1.TA
1155159,KSM.FK2,IL0011551590,IL0011551590,True,KSM ETF (00) Kosher Tel Bond-Shekel IL,קסם ETFי (00) כשרה תל בונד שקלי,קסם.סכ2,ETF - Bonds,1733,KSM-FK2.TA
1155183,TCH.FK3,IL0011551830,IL0011551830,True,Tachlit SAL(00) Kosher Tel Bond-Shekel IL,תכלית סל (00) כשרה תל בונד שקלי,תכל.סכ3,ETF - Bonds,1734,TCH-FK3.TA
1155191,HRL.FK42,IL0011551913,IL0011551913,True,Harel Sal (00) Kosher Tel Bond - Shekel IL,הראל סל (00) כשרה תל בונד שקלי,הרל.סכ42,ETF - Bonds,1747,HRL-FK42.TA
1155290,ENOG,GB00BG12Y042,IL0011552903,False,ENERGEAN,אנרג'יאן,אנאג,Shares,1762,ENOG.TA
1155324,IBI.FK4,IL0011553240,IL0011553240,True,I.B.I. SAL (4A) Kosher TA-125 IL,"אי.בי.אי. סל (4A) כשרה ת""א 125",אבא.סכ4,ETF Fund - Equity,1750,IBI-FK4.TA
1155340,HRL.FK43,IL0011553406,IL0011553406,True,Harel Sal (4A) Kosher TA 125 IL,"הראל סל (4A) כשרה ת""א 125",הרל.סכ43,ETF Fund - Equity,1747,HRL-FK43.TA
1155365,KSM.FK3,IL0011553653,IL0011553653,True,KSM ETF (4A) Kosher TA-125 IL,"קסם 4A) ETF) כשרה ת""א 125",קסם.סכ3,ETF Fund - Equity,1733,KSM-FK3.TA
1155373,TCH.FK4,IL0011553737,IL0011553737,True,Tachlit SAL (40) Kosher TA 125 IL,"תכלית סל (40) כשרה ת""א 125",תכל.סכ4,ETF Fund - Equity,1734,TCH-FK4.TA
1155522,PNCP.B9,IL0011555229,IL0011555229,True,PHONIX CAP B9,פניקס הון אגח ט,פנהס.ק9,Corporate Bonds,1527,PNCP-B9.TA
1155928,MNRT.B2,IL0011559288,IL0011559288,True,MENINIM REIT B2,מניבים ריט אגחב,מנרט.ק2,Corporate Bonds,1679,MNRT-B2.TA
1155951,CHMS.B1,IL0011559510,IL0011559510,True,CHAMOSS B1,שמוס אגח א,שמוס.ק1,Corporate Bonds,1742,CHMS-B1.TA
1156025,ILDN.B4,IL0011560252,IL0011560252,True,ILD INSUR B4,הכש חב בטוחאגח4,הכבט.ק4,Corporate Bonds,1187,ILDN-B4.TA
1156041,MGDF.B7,IL0011560419,IL0011560419,True,MIGDAL FUND B7,מגדל הון אגח ז,מגדה.ק7,Corporate Bonds,1597,MGDF-B7.TA
1156231,BIG.B12,IL0011562316,IL0011562316,True,BIG B12,ביג אגח יב,ביג.ק12,Corporate Bonds,1327,BIG-B12.TA
1156280,GOSS,IL0011562803,IL0011562803,True,G 1 SECU,ג'י וואן,גואנ,Shares,1765,GOSS.TA
1156397,PTNR.B7,IL0011563975,IL0011563975,True,PARTNER B7,פרטנר אגח ז,פרטנר.ק7,Corporate Bonds,2095,PTNR-B7.TA
1156603,AZRL.B5,IL0011566036,IL0011566036,True,AZRIELI B5,עזריאלי אגח ה,עזרל.ק5,Corporate Bonds,1420,AZRL-B5.TA
1156611,AZRL.B6,IL0011566119,IL0011566119,True,AZRIELI B6,עזריאלי אגח ו,עזרל.ק6,Corporate Bonds,1420,AZRL-B6.TA
1156926,GNRS,IL0011569261,IL0011569261,True,GENERATION CAP,ג'נריישן קפיטל,גנרש,Shares,1769,GNRS.TA
1157023,CPI0529,IL0011570236,IL0011570236,True,ILCPI 0.5% 0529,ממשל צמודה 0529,ממצמ0529,Government Bonds,954,CPI0529.TA
1157114,UTRN,IL0011571143,IL0011571143,True,UTRON,יוטרון,יטרנ,Shares,1771,UTRN.TA
1157379,KSM.F175,IL0011573792,IL0011573792,True,KSM ETF (0D) All-Bond FX & Top 5 Tel Bond-20 CPI-Linked IL,"קסם ETFי (0D)י All-Bond-מט""ח וטופ 5 תל בונד-20 צמודות",קסם.ס175,ETF - Bonds,1733,KSM-F175.TA
1157403,ISCD,IL0011574030,IL0011574030,True,ISRACARD,ישראכרט,ישכט,Shares,1773,ISCD.TA
1157569,BLSR.B8,IL0011575698,IL0011575698,True,BLUE SQ REES B8,רבוע נדלן אגח ח,רבנד.ק8,Corporate Bonds,1349,BLSR-B8.TA
1157668,SLMO.B4,IL0011576688,IL0011576688,True,SHIR SHLOMO B4,שלמה נדלן אגח ד,שלנד.ק4,Corporate Bonds,1496,SLMO-B4.TA
1157700,DRAL.B7,IL0011577009,IL0011577009,True,DOR ALON B7,דור אלון אגח ז,דראל.ק7,Corporate Bonds,1072,DRAL-B7.TA
1157908,KSM.F176,IL0011579088,IL0011579088,True,KSM ETF (0D) S&P U.S. Treasury Bond 1-3 Year,קסם S&P U.S. Treasury Bond 1-3 Year (0D) ETF,קסם.ס176,ETF - Bonds,1733,KSM-F176.TA
1157916,KSM.F177,IL0011579161,IL0011579161,True,KSM ETF (0D) S&P U.S. Treasury Bond 3-5 Year,קסם S&P U.S. Treasury Bond 3-5 Year (0D) ETF,קסם.ס177,ETF - Bonds,1733,KSM-F177.TA
1157924,KSM.F178,IL0011579245,IL0011579245,True,KSM ETF (0D) S&P U.S. Treasury Bond 7-10 Year,קסם S&P U.S. Treasury Bond 7-10 Year (0D) ETF,קסם.ס178,ETF - Bonds,1733,KSM-F178.TA
1157957,KSM.F181,IL0011579575,IL0011579575,True,KSM ETF (4D)(!) NIFTY 50,קסם NIFTY 50 (!)(4D) ETF,קסם.ס181,ETF Fund - Equity,1733,KSM-F181.TA
1158161,SHVA,IL0011581613,IL0011581613,True,AUTO BANK SERV,שירותי בנק אוטו,שבא,Shares,1774,SHVA.TA
1158328,MTF.F54,IL0011583288,IL0011583288,True,MTF SAL (4D) Indxx USA Cloud Computing,MTF סל (Indxx USA Cloud Computing (4D,מטפ.ס54,ETF Fund - Equity,1735,MTF-F54.TA
1158468,MKR.B10,IL0011584682,IL0011584682,True,MKOROT B 10,מקורות אגח 10,מקר.ק10,Corporate Bonds,1150,MKR-B10.TA
1158476,MKR.B11,IL0011584765,IL0011584765,True,MKOROT B 11,מקורות אגח 11,מקר.ק11,Corporate Bonds,1150,MKR-B11.TA
1158609,AMOT.B6,IL0011586091,IL0011586091,True,AMOT B6,אמות אגח ו,אמות.ק6,Corporate Bonds,1328,AMOT-B6.TA
1158732,ALBR.B17,IL0011587321,IL0011587321,True,ALBR B17,אלבר אגח יז,אלבר.ק17,Corporate Bonds,1382,ALBR-B17.TA
1158740,ALBR.B18,IL0011587404,IL0011587404,True,ALBR B18,אלבר אגח יח,אלבר.ק18,Corporate Bonds,1382,ALBR-B18.TA
1158823,BVC,IL0010849045,IL0011588238,False,BATM,באטמ,באטמ,Shares,2135,BVC.TA
1158989,IS.FF201,IE00BYXYYK40,IL0011589897,False,ISH.FRF EMBOND$,איישרס.חוץ JPM EM BOND,אש.סז201,Foreign ETF - Bonds,1779,IS-FF201.TA
1159029,TASE,IL0011590291,IL0011590291,True,TASE,הבורסה לניע בתא,ברסה,Shares,1778,TASE.TA
1159060,IS.FF202,IE00B1FZSC47,IL0011590606,False,ISH.FRF TIPS,איישרס.חוץ US TIPS,אש.סז202,Foreign ETF - Bonds,1779,IS-FF202.TA
1159078,IS.FF203,IE00BYXYYL56,IL0011590788,False,ISH.FRF HY BOND,איישרס.חוץ HY CORP BOND,אש.סז203,Foreign ETF - Bonds,1779,IS-FF203.TA
1159086,IS.FF204,IE00BDFGJ627,IL0011590861,False,ISH.FRF FLOAT,איישרס.חוץFLOAT RATE BOND,אש.סז204,Foreign ETF - Bonds,1779,IS-FF204.TA
1159094,IS.FF301,IE00B4K48X80,IL0011590945,False,ISH.FRF MSCIEUR,איישרס.חוץ MSCI EUROPE,אש.סז301,Foreign ETF - Equity,1779,IS-FF301.TA
1159102,IS.FF302,IE00BZ043R46,IL0011591026,False,ISH.FRF GLBBOND,איישרס.חוץ GLB AGG BOND,אש.סז302,Foreign ETF - Bonds,1779,IS-FF302.TA
1159110,IS.FF401,IE00BQT3WG13,IL0011591109,False,ISH.FRF CHINA_A,איישרס.חוץ MSCI CHINA,אש.סז401,Foreign ETF - Equity,1779,IS-FF401.TA
1159128,IS.FF402,IE00BYZK4776,IL0011591281,False,ISH.FRF HEALTH,איישרס.חוץ HEALTHCARE INN,אש.סז402,Foreign ETF - Equity,1779,IS-FF402.TA
1159136,IS.FF403,IE00BYZK4883,IL0011591364,False,ISH.FRF DGTL,איישרס.חוץ DIGITALISATION,אש.סז403,Foreign ETF - Equity,1779,IS-FF403.TA
1159144,IS.FF404,IE00BYZK4552,IL0011591448,False,ISH.FRF ROBOT,איישרס.חוץ ROBOT&AUTOMAT,אש.סז404,Foreign ETF - Equity,1779,IS-FF404.TA
1159151,IS.FF405,IE00BYXYYP94,IL0011591513,False,ISH.FRF SHRTDUR,איישרס.חוץ SHORT DUR BOND,אש.סז405,Foreign ETF - Bonds,1779,IS-FF405.TA
1159169,IS.FF101,IE00BKM4GZ66,IL0011591695,False,ISH.FRF MSCI EM,איישרס.חוץ MSCI EM,אש.סז101,Foreign ETF - Equity,1779,IS-FF101.TA
1159177,IS.FF102,IE00BYXPSP02,IL0011591778,False,ISH.FRF UST1-3Y,איישרס.חוץ TRSY BOND 1-3Y,אש.סז102,Foreign ETF - Bonds,1779,IS-FF102.TA
1159185,IS.FF103,IE00BYXYYJ35,IL0011591851,False,ISH.FRF CORPBND,איישרס.חוץ CORP BOND USD,אש.סז103,Foreign ETF - Bonds,1779,IS-FF103.TA
1159193,IS.FF501,IE00B3WJKG14,IL0011591935,False,ISH.FRF SPTECH,איישרס.חוץ P TECHNOLOGY&S,אש.סז501,Foreign ETF - Equity,1779,IS-FF501.TA
1159201,IS.FF502,IE00B43HR379,IL0011592016,False,ISH.FRF SPHEAL,איישרס.חוץ P HEALTHCARE&S,אש.סז502,Foreign ETF - Equity,1779,IS-FF502.TA
1159219,IS.FF503,IE00B4JNQZ49,IL0011592198,False,ISH.FRF SPFINAN,איישרס.חוץ P FINANCIALS&S,אש.סז503,Foreign ETF - Equity,1779,IS-FF503.TA
1159227,IS.FF504,IE00B4MCHD36,IL0011592271,False,ISH.FRF SPDISCR,איישרס.חוץ P CONS DISCR&S,אש.סז504,Foreign ETF - Equity,1779,IS-FF504.TA
1159235,IS.FF505,IE00B6R52259,IL0011592354,False,ISH.FRF MSCIACW,איישרס.חוץ MSCI ACWI,אש.סז505,Foreign ETF - Equity,1779,IS-FF505.TA
1159243,IS.FF701,IE00B53SZB19,IL0011592438,False,ISH.FRF NSDQ100,איישרס.חוץ NASDAQ 100,אש.סז701,Foreign ETF - Equity,1779,IS-FF701.TA
1159250,IS.FF702,IE00B5BMR087,IL0011592503,False,ISH.FRF SP 500,איישרס.חוץ P 500&S,אש.סז702,Foreign ETF - Equity,1779,IS-FF702.TA
1159268,IS.FF703,IE00B3VWN518,IL0011592685,False,ISH.FRF UST7-10,איישרס.חוץ TRSYBOND 7-10Y,אש.סז703,Foreign ETF - Bonds,1779,IS-FF703.TA
1159276,IS.FF704,IE00B3VWN393,IL0011592768,False,ISH.FRF UST3-7Y,איישרס.חוץ TRSY BOND 3-7Y,אש.סז704,Foreign ETF - Bonds,1779,IS-FF704.TA
1159359,PNCP.B11,IL0011593592,IL0011593592,True,PHONIX PAC B11,פניקס הון אגחיא,פנהס.ק11,Corporate Bonds,1527,PNCP-B11.TA
1159516,BIG.B13,IL0011595167,IL0011595167,True,BIG B13,ביג אגח יג,ביג.ק13,Corporate Bonds,1327,BIG-B13.TA
1159698,MTF.FK55,IL0011596983,IL0011596983,True,MTF SAL (00) Kosher Tel - Bond 60 CPI-Linked IL,MTF סל (00) כשרה תל בונד 60 צמודות,מטפ.סכ55,ETF - Bonds,1735,MTF-FK55.TA
1159706,MTF.FK57,IL0011597064,IL0011597064,True,MTF SAL (00) Kosher Tel Bond shekel IL,MTF סל (00) כשרה תל בונד שקלי,מטפ.סכ57,ETF - Bonds,1735,MTF-FK57.TA
1159714,MTF.FK56,IL0011597148,IL0011597148,True,MTF Sal (4A) Kosher TA-125 IL,"MTF סל (4A) כשרה ת""א-125",מטפ.סכ56,ETF Fund - Equity,1735,MTF-FK56.TA
1160159,TCH.F155,IL0011601593,IL0011601593,True,Tachlit SAL (4D) Indxx US Industrial Real Estate & Logistics,תכלית סל (4D)י Indxx US Industrial Real Estate & Logistics,תכל.ס155,ETF Fund - Equity,1734,TCH-F155.TA
1160241,MNMO.B6,IL0011602419,IL0011602419,True,MNORA MIV HO B6,מנורה הון התח ו,מנמה.ק6,Corporate Bonds,1431,MNMO-B6.TA
1160258,NMCO.B2,IL0011602583,IL0011602583,True,NAMCO B2,נמקו אגח ב,נמקו.ק2,Corporate Bonds,1665,NMCO-B2.TA
1160597,SILV.B2,IL0011605974,IL0011605974,True,SILVER PROP B2,סילברסטין אגח ב,סילב.ק2,Corporate Bonds,1737,SILV-B2.TA
1160647,CLLC.B11,IL0011606477,IL0011606477,True,CLAL CAP B11,כלל הון אגח יא,כללה.ק11,Corporate Bonds,1324,CLLC-B11.TA
1160670,UNMI.B3,IL0011606709,IL0011606709,True,UNIVERSAL B3,יוניברסל אגח ג,יומי.ק3,Corporate Bonds,2072,UNMI-B3.TA
1160878,AFPR.B10,IL0011608788,IL0011608788,True,AFI PROP B10,אפי נכסים אגח י,אפנכ.ק10,Corporate Bonds,1172,AFPR-B10.TA
1160944,ARPT.B9,IL0011609448,IL0011609448,True,AIRPORT B9,ארפורט אגח ט,ארפט.ק9,Corporate Bonds,1300,ARPT-B9.TA
1160985,GOI0330,IL0011609851,IL0011609851,True,ILGOV 1% 3/30,ממשל שקלית 0330,ממשק0330,Government Bonds,926,GOI0330.TA
1161033,TCH.F157,IL0011610339,IL0011610339,True,Tachlit SAL (60) Short TA 90 (5767.86) IL,"תכלית סל (60) חסר ת""א 90 (5767.86)",תכל.ס157,ETF Fund - Equity,1734,TCH-F157.TA
1161058,KSM.F186,IL0011610586,IL0011610586,True,KSM ETF (60) Short TA-90 (6123.68) IL,"קסם ETF י(60) חסר ת""א 90 (6123.68)",קסם.ס186,ETF Fund - Equity,1733,KSM-F186.TA
1161264,YHNF,IL0011612640,IL0011612640,True,YOCHANANOF,יוחננוף,יחנפ,Shares,1786,YHNF.TA
1161322,WSDL.B2,IL0011613226,IL0011613226,True,WESTDALE B2,ווסטדייל אגח ב,וסטד.ק2,Corporate Bonds,1772,WSDL-B2.TA
1161348,MDPR.B2,IL0011613481,IL0011613481,True,MEDIPOWER B2,מדיפאואר אגח ב,מדפר.ק2,Corporate Bonds,1433,MDPR-B2.TA
1161371,MTAV.B4,IL0011613713,IL0011613713,True,MEITAV INVES B4,מיטב השק אגח ד,מיטב.ק4,Corporate Bonds,1064,MTAV-B4.TA
1161454,HRIS.B17,IL0011614547,IL0011614547,True,HAREL ISSUE B17,הראל הנפ אגח יז,הרהנ.ק17,Corporate Bonds,1367,HRIS-B17.TA
1161678,ELDT.B6,IL0011616781,IL0011616781,True,ELDAN TRANS B6,אלדן תחבו אגח ו,אלדת.ק6,Corporate Bonds,1636,ELDT-B6.TA
1161751,ENRG.B1,IL0011617516,IL0011617516,True,ENERGIX B1,אנרג'יקס אגח א,אנרג.ק1,Corporate Bonds,1581,ENRG-B1.TA
1161769,JRIS.B15,IL0011617698,IL0011617698,True,JERUSALEM I B15,ירושליםהנ אגחטו,ירשה.ק15,Corporate Bonds,1248,JRIS-B15.TA
1161785,FTAL.B3,IL0011617854,IL0011617854,True,FATTA HOLD B3,פתאל החז אגח ג,פתאל.ק3,Corporate Bonds,1621,FTAL-B3.TA
1161827,HRL.F220,IL0011618274,IL0011618274,True,Harel Sal (4A) TA-Technology IL,"הראל סל (4A) ת""א טכנולוגיה",הרל.ס220,ETF Fund - Equity,1747,HRL-F220.TA
1161884,KSM.F188,IL0011618845,IL0011618845,True,"KSM ETF (60) Short TA-125 (6,727.62) IL","קסם ETFי (60) חסר ת""א 125 (6,727.62) (מספר קרן: 1161884)",קסם.ס188,ETF Fund - Equity,1733,KSM-F188.TA
1162189,MTF.F60,IL0011621898,IL0011621898,True,MTF Sal (4D) S&P 500 Scored & Screened,MTF סל (4D)י S&P 500 Scored & Screened,מטפ.ס60,ETF Fund - Equity,1735,MTF-F60.TA
1162221,BIG.B15,IL0011622219,IL0011622219,True,BIG B15,ביג אגח טו,ביג.ק15,Corporate Bonds,1327,BIG-B15.TA
1162353,KARE.B4,IL0011623530,IL0011623530,True,KARDAN REAL B4,קרדן נדלן אגח ד,קרנז.ק4,Corporate Bonds,1083,KARE-B4.TA
1162361,MTF.F58,IL0011623613,IL0011623613,True,MTF Sal (00) Index Banks and Insurance Bonds - Tier 2 IL,"MTF סל (00) אינדקס אג""ח בנקים וביטוח - רובד 2",מטפ.ס58,ETF - Bonds,1735,MTF-F58.TA
1162502,HRPK.B2,IL0011625022,IL0011625022,True,HAREL EXCHA B2,הראל פיקד אגח ב,הרפק.ק2,Corporate Bonds,1781,HRPK-B2.TA
1162544,TMBV.B3,IL0011625444,IL0011625444,True,TEMPO BEV B3,טמפו משק אגח ג,טממש.ק3,Corporate Bonds,1535,TMBV-B3.TA
1162577,ELDP.B5,IL0011625774,IL0011625774,True,ELLA DEPOSIT B5,אלה פקדון אגח ה,אלפק.ק5,Corporate Bonds,1697,ELDP-B5.TA
1162775,AZRT,IL0011627754,IL0011627754,True,REIT AZORIM LIV,ריט אזורים ליוי,אזרט,Shares,1794,AZRT.TA
1162783,KSM.F191,IL0011627838,IL0011627838,True,KSM ETF (4D) CSI300,קסם CSI300 (4D) ETF,קסם.ס191,ETF Fund - Equity,1733,KSM-F191.TA
1162817,PAZ.B8,IL0011628174,IL0011628174,True,PAZ ENERGY B8,פז אנרגיה אגח ח,פז.ק8,Corporate Bonds,1363,PAZ-B8.TA
1162825,AFRE.B5,IL0011628257,IL0011628257,True,AFRICA RESID B5,אפריקה מג אגח ה,אפמג.ק5,Corporate Bonds,1338,AFRE-B5.TA
1162866,AMOT.B7,IL0011628661,IL0011628661,True,AMOT B7,אמות אגח ז,אמות.ק7,Corporate Bonds,1328,AMOT-B7.TA
1163062,PCOK.B2,IL0011630626,IL0011630626,True,PACIFIC B2,פסיפיק אגח ב,פסוק.ק2,Corporate Bonds,1662,PCOK-B2.TA
1165141,MGOR.B9,IL0011651416,IL0011651416,True,MEGA OR B9,מגה אור אגח ט,מגאר.ק9,Corporate Bonds,1450,MGOR-B9.TA
1165307,FGAS,IL0011653073,IL0011653073,True,FIRE AND GAS,טכנ גילוי אש גז,טכאש,Shares,1796,FGAS.TA
1165653,MTF.F65,IL0011656530,IL0011656530,True,MTF SAL (4A) TA -Construction IL,"MTF סל (4A) ת""א-בנייה",מטפ.ס65,ETF Fund - Equity,1735,MTF-F65.TA
1165661,MTF.F66,IL0011656613,IL0011656613,True,MTF SAL (4A) TA - Israel Commercial Real Estate IL,"MTF סל (4A) ת""א-מניב ישראל",מטפ.ס66,ETF Fund - Equity,1735,MTF-F66.TA
1165810,MORE.S1,IL0011658106,IL0011658106,True,MORE SAL (4D) S&P 500,מור סל (4D)י S&P 500,מור.ס1,ETF Fund - Equity,1799,MORE-S1.TA
1165828,MORE.S2,IL0011658288,IL0011658288,True,MORE SAL (4A) S&P 500 Currency Hedged,"מור סל (4A)י S&P 500 מנוטרלת מט""ח",מור.ס2,ETF Fund - Equity,1799,MORE-S2.TA
1165836,MORE.S3,IL0011658361,IL0011658361,True,MORE SAL (4D) NASDAQ 100,מור סל (4D)י NASDAQ 100,מור.ס3,ETF Fund - Equity,1799,MORE-S3.TA
1165844,MORE.S4,IL0011658445,IL0011658445,True,MORE SAL (4A) NASDAQ 100 Currency Hedged,"מור סל (4A)י NASDAQ 100 מנוטרלת מט""ח",מור.ס4,ETF Fund - Equity,1799,MORE-S4.TA
1166057,OPCE.B2,IL0011660573,IL0011660573,True,O.P.C ENEGY B2,או פי סי אגח ב,אפסא.ק2,Corporate Bonds,1682,OPCE-B2.TA
1166172,HRL.F214,IL0011661720,IL0011661720,True,Harel Sal (4A) Kosher TA 90 IL,"הראל סל (4A) כשרה ת""א 90",הרל.ס214,ETF Fund - Equity,1747,HRL-F214.TA
1166180,GOI0537,IL0011661803,IL0011661803,True,ILGOV1.5% 05/37,ממשל שקלית 0537,ממשק0537,Government Bonds,926,GOI0537.TA
1166552,FRN1130,IL0011665523,IL0011665523,True,ILFRNO 11/30,ממשל משתנה 1130,מממש1130,Government Bonds,923,FRN1130.TA
1166693,SVRE-L,IL0011666935,IL0011666935,True,SAVER O-L,סייברוואן-ס,סיבר-ס,Shares,1800,SVRE-L.TA
1166768,DORL,IL0011667685,IL0011667685,True,DORAL ENERGY,דוראל אנרגיה,דורל,Shares,1801,DORL.TA
1166917,SPGS,IL0011669178,IL0011669178,True,SUPERGAS POWER,סופרגז פאוור,ספגז,Shares,1804,SPGS.TA
1166974,MSKE,IL0011669749,IL0011669749,True,MESHEK ENERGY,משק אנרגיה,משקא,Shares,1803,MSKE.TA
1167147,SLARL.B4,IL0011671471,IL0011671471,True,SELLA REALS B4,סלע נדלן אגח ד,סלענד.ק4,Corporate Bonds,1514,SLARL-B4.TA
1167212,ORA.B4-I,IL0011672123,IL0011672123,True,ORMAT TECH B4-I,אורמת אגח 4 -רמ,ארמ.ק4רמ,Corporate Bonds TASE UP,2250,ORA-B4-I.TA
1167261,KSM.F192,IL0011672610,IL0011672610,True,KSM ETF (4A) TA Sector-Balance IL,"קסם 4A) ETF) ת""א סקטור-באלאנס",קסם.ס192,ETF Fund - Equity,1733,KSM-F192.TA
1167329,KSM.F194,IL0011673295,IL0011673295,True,KSM ETF (4D) Indxx Climate Change Solutions,קסם Indxx Climate Change Solutions (4D) ETF,קסם.ס194,ETF Fund - Equity,1733,KSM-F194.TA
1167360,SPGS.B1,IL0011673600,IL0011673600,True,SUPERGAS POW B1,סופרגז פא אגח א,ספגז.ק.1,Corporate Bonds,1804,SPGS-B1.TA
1167386,SKBN.B9,IL0011673865,IL0011673865,True,SHIKUN BIN B9,שכון ובי אגח 9,שוב.ק9,Corporate Bonds,1068,SKBN-B9.TA
1167501,MIFT,IL0011675019,IL0011675019,True,MILLENNIUM F PU,מילניום פוד יהש,מיפט,Participating unit ,1806,MIFT.TA
1167568,HRL.F217,IL0011675688,IL0011675688,True,Harel Sal (6A) 3 Time Leverage Nasdaq 100 Monthly Currency-Hedged,"הראל סל (6A) ממונפת NASDAQ 100 פי 3 חודשי מנוטרלת מט""ח",הרל.ס217,ETF Fund - Equity,1747,HRL-F217.TA
1167576,HRL.F216,IL0011675761,IL0011675761,True,Harel Sal (6D) 2 Time Short Leverage Nasdaq 100 Monthly,הראל סל (6D) ממונפת בחסר NASDAQ 100 פי 2 חודשי,הרל.ס216,ETF Fund - Equity,1747,HRL-F216.TA
1167584,MTF.F69,IL0011675845,IL0011675845,True,MTF Sal (4D) Bluestar Travel & Vacation,MTF סל (Bluestar Travel & Vacation (4D,מטפ.ס69,ETF Fund - Equity,1735,MTF-F69.TA
1167782,LVT.B3-I,IL0011677825,IL0011677825,True,LEVIATHAN B3-I,לוויתן אגח 3-רמ,לותן.3רמ,Corporate Bonds TASE UP,1808,LVT-B3-I.TA
1167790,LVT.B4-I,IL0011677908,IL0011677908,True,LEVIATHAN B4-I,לוויתן אגח 4-רמ,לותן.4רמ,Corporate Bonds TASE UP,1808,LVT-B4-I.TA
1168038,FTEU.B4,IL0011680381,IL0011680381,True,FATTAL EURO B4,פתאל אירו אגח ד,פתאר.ק4,Corporate Bonds,1661,FTEU-B4.TA
1168087,PTEN.B1I,IL0011680878,IL0011680878,True,PETRO ENRG B1-I,תשת אנרג אגא-רמ,תשן.ק1רמ,Corporate Bonds TASE UP,1809,PTEN-B1I.TA
1168186,DIFI,IL0011681868,IL0011681868,True,DIRECT FINANCE,מימון ישיר,מישק,Shares,1675,DIFI.TA
1168301,CPI1151,IL0011683013,IL0011683013,True,ILCPI0.5% 11/51,ממשל צמודה 1151,ממצמ1151,Government Bonds,954,CPI1151.TA
1168368,DIR.B9,IL0011683682,IL0011683682,True,DIMRI B9,דמרי אגח ט,דמרי.ק9,Corporate Bonds,1193,DIR-B9.TA
1168442,BIG.B16,IL0011684425,IL0011684425,True,BIG B16,ביג אגח טז,ביג.ק16,Corporate Bonds,1327,BIG-B16.TA
1168459,BIG.B17,IL0011684599,IL0011684599,True,BIG B17,ביג אגח יז,ביג.ק17,Corporate Bonds,1327,BIG-B17.TA
1168483,ENRG.C2,IL0011684839,IL0011684839,True,ENERGIX C2,אנרג'יקס אג ב,אנרג.ה2,Convertible Bonds,1581,ENRG-C2.TA
1168517,MDTR.B5,IL0011685174,IL0011685174,True,MEDITR TOWER B5,מגדלי תיכוןאגחה,מגתכ.ק5,Corporate Bonds,1614,MDTR-B5.TA
1168533,ISHI,IL0011685331,IL0011685331,True,ISRAEL SHIPYARD,מספנות ישראל,מספנ,Shares,1810,ISHI.TA
1168558,MAXO,IL0011685588,IL0011685588,True,MAX STOCK,מקס סטוק,מקסו,Shares,1815,MAXO.TA
1168657,UNCT,IL0011686578,IL0011686578,True,UNICORN TECH PU,יוניקורן טכ יהש,ינקט,Participating unit ,1813,UNCT.TA
1168715,KSM.F195,IL0011687154,IL0011687154,True,KSM ETF (4D) ISE Cyber Security,קסם ETF י(4D)י ISE Cyber Security,קסם.ס195,ETF Fund - Equity,1733,KSM-F195.TA
1168723,MTF.F71,IL0011687238,IL0011687238,True,MTF Sal (4A) Index Israeli Renewable Energy Equityl IL,MTF סל (4A) אינדקס אנרגיה מתחדשת ישראל,מטפ.ס71,ETF Fund - Equity,1735,MTF-F71.TA
1168962,AMDA,IL0011689622,IL0011689622,True,ALMEDA PU,אלמדה יהש,אמדה,Participating unit ,1814,AMDA.TA
1169127,BSI.B6,IL0011691271,IL0011691271,True,ALON SQUARE B6,אלון רבוע אגח ו,אלרכ.ק6,Corporate Bonds,2063,BSI-B6.TA
1169333,TCH.F158,IL0011693335,IL0011693335,True,Tachlit SAL (00) Tel Bond Shekel 50 IL,תכלית סל (00) תל בונד שקלי 50,תכל.ס158,ETF - Bonds,1734,TCH-F158.TA
1169341,TCH.F159,IL0011693418,IL0011693418,True,Tachlit SAL (4D) Index Big Tech 30 USA,"תכלית סל (4D) אינדקס ביג טק 30 ארה""ב",תכל.ס159,ETF Fund - Equity,1734,TCH-F159.TA
1169408,MTF.F74,IL0011694085,IL0011694085,True,MTF SAL (4A) TA-Technology IL,"MTF סל (4A) ת""א-טכנולוגיה",מטפ.ס74,ETF Fund - Equity,1735,MTF-F74.TA
1169481,SMAG,IL0011694812,IL0011694812,True,SMART AGRO PU,סמארט אגרו יהש,סמאג,Participating unit ,1817,SMAG.TA
1169556,TZRS.B5,IL0011695561,IL0011695561,True,THE ZARASAI B5,דה זראסאי אגח ה,דזרס.ק5,Corporate Bonds,1604,TZRS-B5.TA
1169622,HRL.F221,IL0011696221,IL0011696221,True,Harel Sal (0A) Tel Bond Composite IL,הראל סל (0A) תל בונד מאגר,הרל.ס221,ETF - Bonds,1747,HRL-F221.TA
1169648,PTX.C2,IL0011696486,IL0011696486,True,PETROTX C2,פטרוטקס אג ב,פטקס.ה2,Convertible Bonds,1369,PTX-C2.TA
1169689,GNCL,IL0011696890,IL0011696890,True,GENCELL,ג'נסל,גנסל,Shares,1820,GNCL.TA
1169721,FTAL.C1L,IL0011697211,IL0011697211,True,FATTALHOLD C1-L,פתאל החזקאג 1-ס,פתאל.ה1ס,Convertible Bonds,1621,FTAL-C1L.TA
1169796,MTF.F68,IL0011697963,IL0011697963,True,MTF Sal (4D) Bluestar Top 10 US Banks,MTF סל (Bluestar Top 10 US Banks (4D,מטפ.ס68,ETF Fund - Equity,1735,MTF-F68.TA
1169895,STRK,IL0011698953,IL0011698953,True,STARK POWER,סטארק פאוור,סטרק,Shares,1823,STRK.TA
1169978,SVRT-M,IL0011699787,IL0011699787,True,SAVOREAT-M,סבוריט-ש,סברט-ש,Shares,1821,SVRT-M.TA
1170000,HUMX-M,IL0011700007,IL0011700007,True,HUMAN XT-M,יומן אקסטנשנס-ש,ימקס,Shares,1825,HUMX-M.TA
1170216,POLP,IL0011702169,IL0011702169,True,POLYRAM PLS,פולירם,פולפ,Shares,1822,POLP.TA
1170240,VRYX,IL0011702409,IL0011702409,True,VELORYX,ולוריקס,ורקס,Shares,1824,VRYX.TA
1170513,BLRN,IL0011705139,IL0011705139,True,BLADE RANGER,בלייד ריינג'ר,בלרן,Shares,1827,BLRN.TA
1170539,SONO,IL0011705394,IL0011705394,True,SONOVIA,סונוביה,סונו,Shares,2304,SONO.TA
1170703,TCH.F164,IL0011707036,IL0011707036,True,Tachlit SAL (4D) PHLX Semiconductor Sector,תכלית סל (4D)י PHLX Semiconductor Sector,תכל.ס164,ETF Fund - Equity,1734,TCH-F164.TA
1170836,KSM.F198,IL0011708364,IL0011708364,True,KSM ETF (00)(!) Tel Bond-Yields Shekel IL,קסם ETFי (00)(!) תל בונד-תשואות שקל,קסם.ס198,ETF - Bonds,1733,KSM-F198.TA
1170844,KSM.F199,IL0011708448,IL0011708448,True,KSM ETF (4D) Indxx China Internet,קסם Indxx China Internet (4D) ETF,קסם.ס199,ETF Fund - Equity,1733,KSM-F199.TA
1170877,NOFR,IL0011708778,IL0011708778,True,NOFAR ENERGY,נופר אנרג'י,נופר,Shares,1831,NOFR.TA
1170893,MNIF,IL0011708935,IL0011708935,True,MENIF,מניף,מניף,Shares,1828,MNIF.TA
1170950,MLRN,IL0011709503,IL0011709503,True,MLRN,מלרן,מלרן,Shares,1787,MLRN.TA
1171099,MTF.F90,IL0011710998,IL0011710998,True,"MTF SAL (6A) Short TA-90 (4,574.35) IL","MTF סל (6A) חסר ת""א 90 (4,574.35)",מטפ.תא90,ETF Fund - Equity,1735,MTF-F90.TA
1171230,IMED,IL0011712309,IL0011712309,True,IMED PU,אימד יהש,אימד,Participating unit ,1833,IMED.TA
1171271,RIT1.B7,IL0011712713,IL0011712713,True,REIT 1 B7,ריט 1 אגח ז,ריט1.ק7,Corporate Bonds,1357,RIT1-B7.TA
1171305,MRCN.B4,IL0011713059,IL0011713059,True,MERCANTILE B4,מרכנתיל הנ אגחד,מרכהנ.ק4,Corporate Bonds,1266,MRCN-B4.TA
1171321,MTF.F76,IL0011713216,IL0011713216,True,MTF Sal (4D) Index US Shopping Centers REIT,"MTF סל (4D) אינדקס REIT ארה""ב מרכזי קניות",מטפ.ס76,ETF Fund - Equity,1735,MTF-F76.TA
1171529,RTSN,IL0011715294,IL0011715294,True,ROTEM SHANI,רותם שני,רתשנ,Shares,1797,RTSN.TA
1171586,MTF.F78,IL0011715864,IL0011715864,True,MTF Sal (4D) Bluestar China Internet Software,MTF סל (Bluestar China Internet Software (4D,מטפ.ס78,ETF Fund - Equity,1735,MTF-F78.TA
1171594,MTF.F79,IL0011715948,IL0011715948,True,MTF SAL (00) Tel Bond CPI-Linked A IL,MTF סל (00) תל בונד - צמודות A,מטפ.ס79,ETF - Bonds,1735,MTF-F79.TA
1171669,MRG,IL0011716698,IL0011716698,True,MULTI RETAIL,מולטי ריטייל,מרג,Shares,1738,MRG.TA
1171818,AVGD,IL0011718181,IL0011718181,True,AVGAD,אב-גד,אבגד,Shares,1829,AVGD.TA
1171834,RANI.B2,IL0011718348,IL0011718348,True,RANI ZIM B2,רני צים אגח ב,רנצם.ק2,Corporate Bonds,1588,RANI-B2.TA
1171933,NXFR.M,IL0011719338,IL0011719338,True,NEXTFERM-M,נקסטפרם-ש,נקפר.ש,Shares,1841,NXFR-M.TA
1172071,NRGN,IL0011720716,IL0011720716,True,NRGENE,אנרג'ין,אנגנ,Shares,1839,NRGN.TA
1172097,BLND,IL0011720971,IL0011720971,True,BLENDER,בלנדר,בלנד,Shares,1846,BLND.TA
1172170,JRIS.B16,IL0011721706,IL0011721706,True,JERUSALEM B16,ירושליםהנ אגחטז,ירהנ.ק16,Corporate Bonds,1248,JRIS-B16.TA
1172204,HMGS,IL0011722043,IL0011722043,True,HOMEBIOGAS,הום ביוגז,המגז,Shares,1845,HMGS.TA
1172220,CPI1131,IL0011722209,IL0011722209,True,ILCPI0.1% 11/31,ממשל צמודה 1131,ממצמ1131,Government Bonds,954,CPI1131.TA
1172253,UNMI.B4,IL0011722530,IL0011722530,True,UNIVERSAL B4,יוניברסל אגח ד,יומי.ק4,Corporate Bonds,2072,UNMI-B4.TA
1172287,SOLR,IL0011722878,IL0011722878,True,SOLAER,סולאיר,סלאר,Shares,1848,SOLR.TA
1172295,BIGT,IL0011722951,IL0011722951,True,BIG-TECH 50 PU,ביג-טק 50 יהש,ביגט,Participating unit ,1832,BIGT.TA
1172337,BLEG,IL0011723371,IL0011723371,True,BLACKEDGE,בלאקאדג',בלקג,Shares,1853,BLEG.TA
1172360,PNRG,IL0011723603,IL0011723603,True,PHINERGY,פינרג'י,פנרג,Shares,1843,PNRG.TA
1172527,RZR,IL0011725277,IL0011725277,True,RAZOR LABS,רייזור,רזר,Shares,1849,RZR.TA
1172618,BKRY,IL0011726184,IL0011726184,True,BIKUREY HASHDE,בכורי שדה,בכרי,Shares,1790,BKRY.TA
1172725,KARE.B5,IL0011727257,IL0011727257,True,KARDAN REAL B5,קרדן נדלן אגח ה,קרנז.ק5,Corporate Bonds,1083,KARE-B5.TA
1172782,AMOT.B8,IL0011727828,IL0011727828,True,AMOT B8,אמות אגח ח,אמות.ק8,Corporate Bonds,1328,AMOT-B8.TA
1172824,MTF.F80,IL0011728248,IL0011728248,True,MTF SAL (00) Tel Bond - Shekel A IL,MTF סל (00) תל בונד - שקלי A,מטפ.ס80,ETF - Bonds,1735,MTF-F80.TA
1172956,ELLO.C4,IL0011729568,IL0011729568,True,ELLOMAY C4,אלומיי אג ד,אלומ.ה4,Convertible Bonds,2101,ELLO-C4.TA
1172972,MSVT,IL0011729725,IL0011729725,True,MASSIVIT,מאסיבית,מסבת,Shares,1864,MSVT.TA
1173137,DNYA,IL0011731374,IL0011731374,True,DANYA CEBUS,דניה סיבוס,דניה,Shares,1096,DNYA.TA
1173145,ALMY,IL0011731457,IL0011731457,True,ALMA YESODOT,עלמא יסודות,עלמא,Shares,1857,ALMY.TA
1173178,FEAT,IL0011731788,IL0011731788,True,FEAT INV PU,פיט השקעות יהש,פיט,Participating unit ,1850,FEAT.TA
1173228,WESR,IL0011732281,IL0011732281,True,WESURE GLOBALT,ווישור גלובלטק,וושר,Shares,1865,WESR.TA
1173343,IARG,IL0011733438,IL0011733438,True,I ARGENTO PU,איי ארגנטו יהש,ארגנ,Participating unit ,1842,IARG.TA
1173376,BITC,IL0011733768,IL0011733768,True,BITCORE CAPITAL,ביטקור קפיטל,ביטק,Shares,1862,BITC.TA
1173434,PMVM,IL0011734345,IL0011734345,True,POMVOM,פוםוום,פומו,Shares,1861,PMVM.TA
1173491,DIPL,IL0011734915,IL0011734915,True,DIPLOMAT HOLDI.,דיפלומט אחזקות,דיפל,Shares,1867,DIPL.TA
1173566,CRSM.B4,IL0011735664,IL0011735664,True,CARASSO MOT B4,קרסו מוט' אגח ד,קרסמ.ק4,Corporate Bonds,1585,CRSM-B4.TA
1173582,FLYS-M,IL0011735821,IL0011735821,True,FLYING SPARK-M,פליינג ספארק-ש,פליס-ש,Shares,1868,FLYS-M.TA
1173673,ENIL.B3I,IL0011736738,IL0011736738,True,ENERGEAN IS B3I,אנרגיש אגח 3-רמ,אניש.3רמ,Corporate Bonds TASE UP,1882,ENIL-B3I.TA
1173681,ENIL.B4I,IL0011736811,IL0011736811,True,ENERGEAN IS B4I,אנרגיש אגח 4-רמ,אניש.4רמ,Corporate Bonds TASE UP,1882,ENIL-B4I.TA
1173699,DLTI,IL0011736993,IL0011736993,True,DELTA BRANDS,דלתא מותגים,דלתי,Shares,1858,DLTI.TA
1173723,RTMD-M,IL0011737231,IL0011737231,True,RETAILMINDS -M,ריטייל מיינדס-ש,רטמד-ש,Shares,1847,RTMD-M.TA
1173764,AFPR.B12,IL0011737645,IL0011737645,True,AFI PROP B12,אפי נכסים אגחיב,אפנכ.ק12,Corporate Bonds,1172,AFPR-B12.TA
1173855,PHTM,IL0011738551,IL0011738551,True,PHOTOMYNE,פוטומיין,פוטו,Shares,1873,PHTM.TA
1173871,TIGI,IL0011738718,IL0011738718,True,TIGI,תיגי,תיגי,Shares,1876,TIGI.TA
1173905,BIMT,IL0011739054,IL0011739054,True,BIOMEAT FOOD PU,ביומיט פוד יהש,בימט,Participating unit ,1855,BIMT.TA
1174093,TRAN,IL0011740938,IL0011740938,True,TRUCKNET,טראקנט,טראנ,Shares,1870,TRAN.TA
1174119,KSM.F203,IL0011741191,IL0011741191,True,KSM ETF (4D) MVIS US Listed Semiconductor 25,קסם ETF י(4D)י MVIS US Listed Semiconductor 25,קסם.ס203,ETF Fund - Equity,1733,KSM-F203.TA
1174184,ZOOZ,IL0011741845,IL0011741845,True,ZOOZ STRATEGY,זוז אסטרטגיה,זוז,Shares,1866,ZOOZ.TA
1174226,BIG.B18,IL0011742264,IL0011742264,True,BIG B18,ביג אגח יח,ביג.ק18,Corporate Bonds,1327,BIG-B18.TA
1174457,PRIM,IL0011744575,IL0011744575,True,PRIME ENERGY,פריים אנרג'י,פרים,Shares,1871,PRIM.TA
1174556,BLSR.B9,IL0011745564,IL0011745564,True,BLUE SQ REES B9,רבוע נדלן אגח ט,רבנד.ק9,Corporate Bonds,1349,BLSR-B9.TA
1174564,ELCRA.B6,IL0011745648,IL0011745648,True,ELECTRA REAL B6,אלקטרהנדלן אגחו,אלקנד.ק6,Corporate Bonds,1264,ELCRA-B6.TA
1174846,UNTC,IL0011748469,IL0011748469,True,UNIC-TECH PU,יוניק-טק יהש,ינטק,Participating unit ,1881,UNTC.TA
1175033,IPC.B4,IL0011750333,IL0011750333,True,ISRAEL PORTS B4,נמלי ישר אגחד,חני.ק4,Corporate Bonds,1739,IPC-B4.TA
1175090,STEC,IL0011750903,IL0011750903,True,SURE TECH PU,שור-טק יהש,שרטק,Participating unit ,1889,STEC.TA
1175116,NYAX,IL0011751166,IL0011751166,True,NAYAX,נאייקס,ניקס,Shares,1894,NYAX.TA
1175132,SKBN.B10,IL0011751323,IL0011751323,True,SHIKUN BIN B10,שכון ובי אגח 10,שוב.ק10,Corporate Bonds,1068,SKBN-B10.TA
1175199,DRAL.B8,IL0011751992,IL0011751992,True,DOR ALON B8,דור אלון אגח ח,דראל.ק8,Corporate Bonds,1072,DRAL-B8.TA
1175371,ARGO,NL0015000D84,IL0011753717,False,ARGO PROP.,ארגו פרופרטיז,ארגו,Shares,1884,ARGO.TA
1175439,SOFW,IL0011754392,IL0011754392,True,SOFWAVE,סופווייב,סופב,Shares,1886,SOFW.TA
1175488,RTLS,IL0011754889,IL0011754889,True,RETAILORS,ריטיילורס,רטלס,Shares,1908,RTLS.TA
1175496,PRMG,IL0011754962,IL0011754962,True,PRIMOTEC,פרימוטק,פרמג,Shares,1872,PRMG.TA
1175561,BYON-M,IL0011755613,IL0011755613,True,BEYON 3D-M,ביונ תלת מימד-ש,ביונ-ש,Shares,1859,BYON-M.TA
1175611,TRPZ,IL0011756116,IL0011756116,True,TURPAZ,תורפז,תרפז,Shares,1901,TRPZ.TA
1175728,NURI,IL0011757288,IL0011757288,True,NUR,נור,נורי,Shares,1893,NURI.TA
1175769,AZRT.B1,IL0011757692,IL0011757692,True,REIT AZORIM B1,ריט אזורים אגחא,אזרט.ק1,Corporate Bonds,1794,AZRT-B1.TA
1175819,ABOU,IL0011758195,IL0011758195,True,ABOU RESIDENC,אבו מגורים,אבו,Shares,1863,ABOU.TA
1175934,KSTN,IL0011759342,IL0011759342,True,KEYSTONE INFRA,קיסטון אינפרא,קסטנ,Shares,1904,KSTN.TA
1175975,MGRT.B3,IL0011759755,IL0011759755,True,MGURIT B3,מגוריט אגח ג,מגרט.ק3,Corporate Bonds,1668,MGRT-B3.TA
1176031,MTF.F85,IL0011760316,IL0011760316,True,MTF SAL (4A) MSCI AC World USD-Hedged,MTF סל ‏‏‏MSCI AC World (4A) מנוטרלת דולר,מטפ.ס85,ETF Fund - Equity,1735,MTF-F85.TA
1176114,ETGA,IL0011761140,IL0011761140,True,ETGA GROUP,אי.טי.ג'י.איי,אטגא,Shares,1912,ETGA.TA
1176205,ACKR,IL0011762056,IL0011762056,True,ACKERSTEIN GRP.,קבוצת אקרשטיין,אקרש,Shares,1896,ACKR.TA
1176239,SHMM,IL0011762395,IL0011762395,True,SHAMAYM,שמיים,שמים,Shares,1922,SHMM.TA
1176312,JRIS.B17,IL0011763120,IL0011763120,True,JRUSALEM IS B17,ירושליםהנפ נד17,ירשה.ק17,Corporate Bonds,1248,JRIS-B17.TA
1176320,KSM.F205,IL0011763203,IL0011763203,True,KSM ETF (00) Tel Bond-CPI Linked A IL,קסם ETFי (00) תל בונד-צמודות A,קסם.ס205,ETF - Bonds,1733,KSM-F205.TA
1176346,IDMO,IL0011763468,IL0011763468,True,IDOMOO,אידומו,אדמו,Shares,1890,IDMO.TA
1176387,VRDS,IL0011763872,IL0011763872,True,VERIDIS,ורידיס,ורדס,Shares,1907,VRDS.TA
1176536,TCH.F171,IL0011765364,IL0011765364,True,Tachlit SAL (40) TA-Construction IL,"תכלית סל (40) ת""א-בנייה",תכל.ס171,ETF Fund - Equity,1734,TCH-F171.TA
1176593,NXSN,IL0011765935,IL0011765935,True,NEXT VISION,נקסט ויז'ן,נקסנ,Shares,1916,NXSN.TA
1176619,AUSA-M,IL0011766198,IL0011766198,True,AURA SMART-M,אורה סמארט-ש,אורה-ש,Shares,1899,AUSA-M.TA
1176635,BULL-M,IL0011766354,IL0011766354,True,BULL TRADING-M,בול מסחר-ש,בול-ש,Shares,1925,BULL-M.TA
1176700,PLSM,IL0011767006,IL0011767006,True,PULSENMORE,פלסאנמור,פאלס,Shares,1895,PLSM.TA
1176726,GOTO,IL0011767261,IL0011767261,True,GOTO,גוטו,גוטו,Shares,1939,GOTO.TA
1176791,MTLF,IL0011767915,IL0011767915,True,MATRICELF,מטריסלף,מטלפ,Shares,1902,MTLF.TA
1176908,PSRX,IL0011769085,IL0011769085,True,PSYRX BIO-TECH,פסיירקס ביו-טק,פסרק,Shares,1911,PSRX.TA
1176981,LBRA,IL0011769812,IL0011769812,True,LIBRA,ליברה,לברה,Shares,1926,LBRA.TA
1177450,IDNT,IL0011774507,IL0011774507,True,IDENTI,איידנטי,אדנט,Shares,1921,IDNT.TA
1177518,SLRM,IL0011775181,IL0011775181,True,SLRM,סולרום החז,סלרם,Shares,1924,SLRM.TA
1177526,GNRS.B2,IL0011775264,IL0011775264,True,GENERATION C B2,ג'נרישן קפ אגחב,גנרש.ק2,Corporate Bonds,1769,GNRS-B2.TA
1177625,RAIL.B3,IL0011776254,IL0011776254,True,ISR RAILWAYS B3,רכבת ישר אגח ג,רכבת.ק3,Corporate Bonds,1641,RAIL-B3.TA
1177658,MNRT.B3,IL0011776585,IL0011776585,True,MENIVIM REIT B3,מניבים ריט אגחג,מנרט.ק3,Corporate Bonds,1679,MNRT-B3.TA
1177765,HIVE,IL0011777658,IL0011777658,True,HIVE 2040 PU,הייב 2040 יהש,הייב,Participating unit ,1885,HIVE.TA
1177823,GLTL.C3,IL0011778235,IL0011778235,True,GILAT TELE C3,גילת טלקום אג ג,גלטל.ה3,Convertible Bonds,1006,GLTL-C3.TA
1178144,RATF.B4,IL0011781445,IL0011781445,True,RATIO FIN. B4,רציו מימון אגחד,רצומ.ק4,Corporate Bonds,1625,RATF-B4.TA
1178235,ESLT.B2,IL0011782351,IL0011782351,True,ELBIT SYS. B2,אלביט מע' אגח ב,אלבמע.ק2,Corporate Bonds,1040,ESLT-B2.TA
1178250,ESLT.B3,IL0011782500,IL0011782500,True,ELBIT SYS. B3,אלביט מע' אגח ג,אלבמע.ק3,Corporate Bonds,1040,ESLT-B3.TA
1178268,ESLT.B4,IL0011782682,IL0011782682,True,ELBIT SYS. B4,אלביט מע' אגח ד,אלבמע.ק4,Corporate Bonds,1040,ESLT-B4.TA
1178276,BRKT,IL0011782765,IL0011782765,True,BAREKET,ברקת,ברקת,Shares,1940,BRKT.TA
1178284,SPDV,IL0011782849,IL0011782849,True,SPEEDVALUE,ספידווליו,ספדו,Shares,1878,SPDV.TA
1178292,AFPR.B13,IL0011782922,IL0011782922,True,AFI PROP B13,אפי נכסים אגחיג,אפנכ.ק13,Corporate Bonds,1172,AFPR-B13.TA
1178334,ECNR,IL0011783342,IL0011783342,True,ECONERGY,אקונרג'י,אקנר,Shares,1891,ECNR.TA
1178359,KSM.F206,IL0011783599,IL0011783599,True,KSM ETF (4A) TA-Construction IL,"קסם 4A) ETF) ת""א-בנייה",קסם.ס206,ETF Fund - Equity,1733,KSM-F206.TA
1178367,MGOR.B10,IL0011783672,IL0011783672,True,MEGA OR B10,מגה אור אגח י,מגאר.ק10,Corporate Bonds,1450,MGOR-B10.TA
1178375,MGOR.B11,IL0011783755,IL0011783755,True,MEGA OR B11,מגה אור אגח יא,מגאר.ק11,Corporate Bonds,1450,MGOR-B11.TA
1178417,SPEN.B3,IL0011784175,IL0011784175,True,SHAPIR ENG B3,שפיר הנדס אגח ג,שפהנ.ק3,Corporate Bonds,1633,SPEN-B3.TA
1178474,MNRA-M,IL0011784746,IL0011784746,True,MENARA PU-M,מנרה יהש-ש,מנרה-ש,Participating unit ,1914,MNRA-M.TA
1178490,SCDX,IL0011784902,IL0011784902,True,SCODIX,סקודיקס,סקדס,Shares,1887,SCDX.TA
1178672,AZRL.B7,IL0011786725,IL0011786725,True,AZRIELI B7,עזריאלי אגח ז,עזרל.ק7,Corporate Bonds,1420,AZRL-B7.TA
1178680,AZRL.B8,IL0011786808,IL0011786808,True,AZRIELI B8,עזריאלי אגח ח,עזרל.ק8,Corporate Bonds,1420,AZRL-B8.TA
1178714,TRX,IL0011787145,IL0011787145,True,TERMINAL X,טרמינל איקס,טרקס,Shares,1948,TRX.TA
1178722,RMON,IL0011787228,IL0011787228,True,RIMON,רימון,רמון,Shares,1928,RMON.TA
1178797,MSHR.B9,IL0011787970,IL0011787970,True,MISHORIM B9,מישורים אגח ט,מישר.ק9,Corporate Bonds,1467,MSHR-B9.TA
1178862,JNGO,IL0011788622,IL0011788622,True,JUNGO,ג'נגו,גנגו,Shares,1929,JNGO.TA
1178912,ERKA,IL0011789125,IL0011789125,True,ERIKA CARMEL,אריקה כרמל,ארקה,Shares,1920,ERKA.TA
1178920,TLSR.B7,IL0011789208,IL0011789208,True,THE LESER B7,דה לסר אגח ז,דלסר.ק7,Corporate Bonds,1513,TLSR-B7.TA
1179043,BUFT,IL0011790438,IL0011790438,True,BUFF TECH',באפ טכנו',באפט,Shares,1933,BUFT.TA
1179134,DORL.B1,IL0011791345,IL0011791345,True,DOREL ENERGY B1,דוראל אגח א,דורל.ק1,Corporate Bonds,1801,DORL-B1.TA
1179142,TPGM,IL0011791428,IL0011791428,True,TOP GUM,טופ גאם,טפגם,Shares,1943,TPGM.TA
1179290,GKL.B3,IL0011792905,IL0011792905,True,GLOBAL KNAF B3,גלובל כנפ אגח ג,גלכנ.ק3,Corporate Bonds,1559,GKL-B3.TA
1179340,NOFR.B1,IL0011793408,IL0011793408,True,NOFAR ENRG B1,נופר אנרג אגח א,נופר.ק1,Corporate Bonds,1831,NOFR-B1.TA
1179662,ARBE,IL0011796625,IL0011796625,True,ARBE ROBOTICS,ארבה רובוטיקס,ארבה,Shares,1975,ARBE.TA
1179753,MCLL,IL0011797532,IL0011797532,True,MICHLOL FIN,מכלול מימון,מכלל,Shares,1944,MCLL.TA
1179928,CLLC.B12,IL0011799280,IL0011799280,True,CLAL CAP B12,כלל הון אגח יב,כללה.ק12,Corporate Bonds,1324,CLLC-B12.TA
1179993,BRIH,IL0011799934,IL0011799934,True,RAV BARIACH,רב בריח,בריח,Shares,1949,BRIH.TA
1180173,TRLT,IL0011801730,IL0011801730,True,TERA LIGHT,טראלייט,טרלט,Shares,1982,TRLT.TA
1180181,G107,IL0011801813,IL0011801813,True,GROUP 107,גרופ 107,ג107,Shares,1960,G107.TA
1180306,WATR,IL0011803066,IL0011803066,True,WATER IO,ווטר אי או,ווטר,Shares,1968,WATR.TA
1180355,OPCE.B3,IL0011803553,IL0011803553,True,OPC ENERGY B3,או.פי.סי אגח ג,אפסא.ק3,Corporate Bonds,1682,OPCE-B3.TA
1180595,BLGO,IL0011805954,IL0011805954,True,BULIGO,בוליגו,בלגו,Shares,1980,BLGO.TA
1180660,GOI0432,IL0011806606,IL0011806606,True,ILGOV 1.3% 0432,ממשל שקלית 0432,ממשק0432,Government Bonds,926,GOI0432.TA
1180686,TNDO,IL0011806861,IL0011806861,True,TONDO SMART,טונדו סמארט,טנדו,Shares,1945,TNDO.TA
1180876,PMNT,IL0011808768,IL0011808768,True,PAYMENT FINA,פיימנט,פמנט,Shares,1977,PMNT.TA
1181007,BIG.B19,IL0011810079,IL0011810079,True,BIG B 19,ביג אגח יט,ביג.ק19,Corporate Bonds,1327,BIG-B19.TA
1181023,MTF.F93,IL0011810236,IL0011810236,True,MTF Sal (4D) FTSE China A50,MTF סל FTSE China A50 (4D),מטפ.ס93,ETF Fund - Equity,1735,MTF-F93.TA
1181106,GR11,KYG4146F1063,IL0011811069,False,GROUP 11 PU,גרופ 11,גר11,Participating unit  TASE UP,1992,GR11.TA
1181197,ILG0730,US46513JB346,IL0011811978,False,STATE ISR 07/30,ממשל גלובל07/30,ממגל0730,Government Bonds,976,ILG0730.TA
1181221,ILG0129,XS1936100483,IL0011812216,False,STATE ISR 01/29,ממשל גלובל01/29,ממגל0129,Government Bonds,976,ILG0129.TA
1181239,ILG0127,XS1551294256,IL0011812398,False,STATE ISR 01/27,ממשל גלובל01/27,ממגל0127,Government Bonds,976,ILG0127.TA
1181387,MTF.F95,IL0011813875,IL0011813875,True,MTF Sal (4D) Nasdaq 100,MTF סל Nasdaq 100 (4D),מטפ.ס95,ETF Fund - Equity,1735,MTF-F95.TA
1181437,EFCP,IL0011814378,IL0011814378,True,EFFI CAP,אפי קפיטל,אפקפ,Shares,1979,EFCP.TA
1181445,MTF.F96,IL0011814451,IL0011814451,True,MTF Sal (4A) Nasdaq 100 Currency Hedged,"MTF סל Nasdaq 100 (4A) מנוטרלת מט""ח",מטפ.ס96,ETF Fund - Equity,1735,MTF-F96.TA
1181569,SFRN,IL0011815698,IL0011815698,True,SUFRIN,סופרין,ספרן,Shares,1974,SFRN.TA
1181627,NVPT.C4,IL0011816274,IL0011816274,True,NAVITAS PTR C4,נאוויטס פט אג ד,נאפט.ה4,Convertible Bonds,1688,NVPT-C4.TA
1181643,ALUMA,IL0011816431,IL0011816431,True,ALUMA INFRASTR',אלומה תשתיות,אלומה,Shares,1978,ALUMA.TA
1181676,MSL.C7-L,IL0011816761,IL0011816761,True,MASLAVI C7-L,מצלאוי-ס אג ז,מצל.ה7-ס,Convertible Bonds,1484,MSL-C7-L.TA
1181742,TURB,IL0011817421,IL0011817421,True,TURBOGEN,טורבוג'ן,טורב,Shares,1936,TURB.TA
1181783,YHK.B2-I,IL0011817835,IL0011817835,True,YHK INVEST B2-I,י.ח.ק אגח ב -רמ,יחק.ק2רמ,Corporate Bonds TASE UP,1721,YHK-B2-I.TA
1181924,SPGS.B2,IL0011819245,IL0011819245,True,SUPERGAS POW B2,סופרגז פא אגח ב,ספגז.ק2,Corporate Bonds,1804,SPGS-B2.TA
1181932,TOFD,IL0011819328,IL0011819328,True,TOMER FOOD,תומר מזון,תומז,Shares,1964,TOFD.TA
1182054,JRIS.B18,IL0011820540,IL0011820540,True,JERUSALEM I B18,ירושליםהנ אגחיח,ירשה.ק18,Corporate Bonds,1248,JRIS-B18.TA
1182187,KSTN.B1,IL0011821878,IL0011821878,True,KEYSTONE B1,קיסטון אינ אגחא,קסטנ.ק1,Corporate Bonds,1904,KSTN-B1.TA
1182260,CNTL-M,IL0011822603,IL0011822603,True,CONTINUAL-M,קונטיניואל-ש,קנטל-ש,Shares,1991,CNTL-M.TA
1182385,INIS.B12,IL0011823858,IL0011823858,True,INTERN ISSU B12,בינל הנפק אגחיב,בנהנ.ק12,Corporate Bonds,1153,INIS-B12.TA
1182484,ICON,IL0011824849,IL0011824849,True,ICON GROUP,אייקון גרופ,איקן,Shares,1993,ICON.TA
1182542,MLD.B8,IL0011825424,IL0011825424,True,MIRLAND B8,מירלנד אגח ח,מרלד.ק8,Corporate Bonds,1502,MLD-B8.TA
1182559,MLD.C9M,IL0011825598,IL0011825598,True,MIRLAND C9-M,מירלנד אג ט-ש,מלד.ה9-ש,Convertible Bonds,1502,MLD-C9M.TA
1182591,EPIT,IL0011825911,IL0011825911,True,EPITOMEE MED,אפיטומי מדיקל,אפיט,Shares,1998,EPIT.TA
1182666,HRIS.B18,IL0011826661,IL0011826661,True,HAREL ISSUE B18,הראל הנפ אגח יח,הרהנ.ק18,Corporate Bonds,1367,HRIS-B18.TA
1182799,LVPR.B3,IL0011827990,IL0011827990,True,LEVINSTEIN P B3,לוינשט נכ אגח ג,לשנכ.ק3,Corporate Bonds,1536,LVPR-B3.TA
1182831,DIFI.B5,IL0011828311,IL0011828311,True,DIRECT FINAN B5,מימון ישיר אגחה,מישק.ק5,Corporate Bonds,1675,DIFI-B5.TA
1182898,MPRS,IL0011828980,IL0011828980,True,MEDIPRSS PU,מדיפרס יהש,מפרס,Participating unit ,1983,MPRS.TA
1182948,PTNR.B8,IL0011829483,IL0011829483,True,PARTNER B8,פרטנר אגח ח,פרטנר.ק8,Corporate Bonds,2095,PTNR-B8.TA
1182955,MGDF.B8,IL0011829558,IL0011829558,True,MIGDAL FUND B8,מגדל הון אגח ח,מגדה.ק8,Corporate Bonds,1597,MGDF-B8.TA
1182989,ASHG.B4,IL0011829897,IL0011829897,True,ASHTROM GRUP B4,אשטרום קב אגח ד,אשקב.ק4,Corporate Bonds,1618,ASHG-B4.TA
1183037,UDII.B6,IL0011830374,IL0011830374,True,IDI ISSUES B6,איידיאייהנ הת ו,אדאה.ק6,Corporate Bonds,1566,UDII-B6.TA
1183151,GRON.B8,IL0011831513,IL0011831513,True,GIRON B8,גירון אגח ח,גירון.ק8,Corporate Bonds,1130,GRON-B8.TA
1183169,EXTD.B4,IL0011831695,IL0011831695,True,EXTELL B4,אקסטל אגח ד,אקסטד.ק4,Corporate Bonds,1622,EXTD-B4.TA
1183193,RANI.B3,IL0011831935,IL0011831935,True,RANI ZIM.B3,רני צים אגח ג,רנצם.ק3,Corporate Bonds,1588,RANI-B3.TA
1183441,IN.FF1,IE00B3YCGJ38,IL0011834418,False,INV.FRFS&P 500,אינבסקו.חוץ,אנ.סז1,Foreign ETF - Equity,2355,IN-FF1.TA
1183458,IN.FF2,IE00BKS7L097,IL0011834582,False,INV.FRFS&PSCORE,אינבסקו.חוץ.P.SCORED&S,אנ.סז2,Foreign ETF - Equity,2355,IN-FF2.TA
1183466,IN.FF3,IE00B42Q4896,IL0011834665,False,INV.FRFFINS&P,אינבסקו.חוץPUCITSETF&FINS,אנ.סז3,Foreign ETF - Equity,2355,IN-FF3.TA
1183474,IN.FF4,IE00B3WMTH43,IL0011834749,False,INV.FRFS&P.CARE,אינבסקו.חוץP.HEALTCARE&S,אנ.סז4,Foreign ETF - Equity,2355,IN-FF4.TA
1183482,IN.FF5,IE00BYMS5W68,IL0011834822,False,INV.FRF.NASDAQ,אינבסקו.חוץNASDAQ.FINTECH,אנ.סז5,Foreign ETF - Equity,2355,IN-FF5.TA
1183490,IN.FF6,IE00B3DWVS88,IL0011834905,False,INV.FRFMSCIEM,אינבסקו.חוץMSCIEMUCITSETF,אנ.סז6,Foreign ETF - Equity,2355,IN-FF6.TA
1183623,PRSK.B14,IL0011836231,IL0011836231,True,PRASHKOVSKY B14,פרשקובסקי אגחיד,פרשק.ק14,Corporate Bonds,1330,PRSK-B14.TA
1183656,BKFR,IL0011836561,IL0011836561,True,BAIT BAKFAR,בית בכפר,בכפר,Shares,1802,BKFR.TA
1183714,NXTM.B3,IL0011837148,IL0011837148,True,NEXTCOM B3,נקסטקום אגח ג,נקסט.ק3,Corporate Bonds,1298,NXTM-B3.TA
1183730,SOLR.B1,IL0011837304,IL0011837304,True,SOLAER B1,סולאיר אגח א,סלאר.ק1,Corporate Bonds,1848,SOLR-B1.TA
1183813,ISI,IL0011838138,IL0011838138,True,IMAGESAT I.S.I,אימאג'סט,אימג,Shares,2357,ISI.TA
1183920,SMT.B12,IL0011839201,IL0011839201,True,SUMMIT B12,סאמיט אגח יב,סמט.ק12,Corporate Bonds,1060,SMT-B12.TA
1183938,DRTS,IL0011839383,IL0011839383,True,ALPHA TAU,אלפא תאו,דרטס,Shares,2359,DRTS.TA
1183953,MTF.F100,IL0011839532,IL0011839532,True,MTF Sal (4A) TA Real Estate IL,"MTF סל (4A) ת""א-נדל""ן",מטפ.ס100,ETF Fund - Equity,1735,MTF-F100.TA
1183979,BSI.B7,IL0011839797,IL0011839797,True,ALON SQUARE B7,אלון רבוע אגח ז,אלרכ.ק7,Corporate Bonds,2063,BSI-B7.TA
1184076,GOI1152,IL0011840761,IL0011840761,True,ILGOV 2.8% 1152,ממשל שקלית 1152,ממשק1152,Government Bonds,926,GOI1152.TA
1184092,HRL.F224,IL0011840928,IL0011840928,True,Harel Sal (4A) S&P North American Expanded Tech Software Currency-Hedged,הראל סל (4A)יS&P North American Expanded Tech Software מנוטרלת מט''ח,הרל.ס224,ETF Fund - Equity,1747,HRL-F224.TA
1184167,UMH.B1,IL0011841678,IL0011841678,True,UMH PROP B1,יו.אמ.איץ' אגחא,יואמ.ק1,Corporate Bonds,2356,UMH-B1.TA
1184191,MNMO.B7,IL0011841918,IL0011841918,True,MNORA MIV HO B7,מנורה הון התח ז,מנמה.ק7,Corporate Bonds,1431,MNMO-B7.TA
1184282,UMH,US9030021037,IL0011842825,False,UMH,יו.אמ.איץ',יואמ,Shares,2356,UMH.TA
1184308,MDG.B4,IL0011843088,IL0011843088,True,MDG REAL EST B4,אמ.די.ג'י אגח ד,אמדג.ק4,Corporate Bonds,1632,MDG-B4.TA
1184365,GRAC,IL0011843658,IL0011843658,True,GRACE BREEDING,גרייס ברידינג,גריס,Shares,1997,GRAC.TA
1184381,MPP,IL0011843815,IL0011843815,True,MORE PENSION,מור גמל פנסיה,מרגפ,Shares,2358,MPP.TA
1184530,AFPR.B14,IL0011845307,IL0011845307,True,AFI PROP B14,אפי נכסים אגחיד,אפנכ.ק14,Corporate Bonds,1172,AFPR-B14.TA
1184555,GNRS.B3,IL0011845554,IL0011845554,True,GENERATION C B3,ג'נרישן קפ אגחג,גנרש.ק3,Corporate Bonds,1769,GNRS-B3.TA
1184662,PRIM.B2,IL0011846628,IL0011846628,True,PRIME ENERGY B2,פריים אנרג אגחב,פרים.ק2,Corporate Bonds,1871,PRIM-B2.TA
1184779,ELDT.B7,IL0011847790,IL0011847790,True,ELDAN TRANS B7,אלדן תחבו אגח ז,אלדת.ק7,Corporate Bonds,1636,ELDT-B7.TA
1184902,ACRO,IL0011849028,IL0011849028,True,ACRO KVUT,אקרו,אקרו,Shares,2360,ACRO.TA
1184936,ALTF,IL0011849366,IL0011849366,True,ALTSHULER FIN,אלטשולר שחם פנ,אלטפ,Shares,2367,ALTF.TA
1184951,DLIA.B1,IL0011849515,IL0011849515,True,DALIA B1,דליה אגח א,דלה.ק1,Corporate Bonds,1840,DLIA-B1.TA
1184985,HIPR,IL0011849853,IL0011849853,True,HIPER GLOBAL,הייפר גלובל,היפר,Shares,2369,HIPR.TA
1185057,JCFN,IL0011850570,IL0011850570,True,JACOB FINANCE,יעקב פיננסים,יקפנ,Shares,2364,JCFN.TA
1185123,KSM.F207,IL0011851230,IL0011851230,True,KSM ETF (00) Tel Bond-Shekel 5-15 IL,קסם ETFי (00) תל בונד-שקלי 5-15,קסם.ס207,ETF - Bonds,1733,KSM-F207.TA
1185164,IN.FF7,IE00B60SX394,IL0011851644,False,INV.FRF.WORLD,אינבסקו חוץMSCI.WORLD,אנ.סז7,Foreign ETF - Equity,2355,IN-FF7.TA
1185172,IN.FF8,IE00B60SWW18,IL0011851727,False,INV.FRFSTOXX600,אינבסקו.חוץSTOX.EUROPE600,אנ.סז8,Foreign ETF - Equity,2355,IN-FF8.TA
1185180,IN.FF9,IE00B3VSSL01,IL0011851800,False,INV.FRFS&PTEC,אינבסקו.חוץP.TECHNOLOGY&S,אנ.סז9,Foreign ETF - Equity,2355,IN-FF9.TA
1185206,IN.FF10,IE00BFZPF322,IL0011852063,False,INV.FRFIBOXX,אינבסקו.חוץIBOXX.AT1.USD,אנ.סז10,Foreign ETF - Bonds,2355,IN-FF10.TA
1185362,BVGG,IL0011853624,IL0011853624,True,BAIT VEGAG GL,בית וגג,ביגג,Shares,2371,BVGG.TA
1185537,INIS.B26,IL0011855371,IL0011855371,True,INTERN ISSU B26,בינל הנפ התח כו,בנהנ.ק26,Corporate Bonds,1153,INIS-B26.TA
1185628,MGDF.B9,IL0011856288,IL0011856288,True,MIGDAL FUND B9,מגדל הון אגח ט,מגדה.ק9,Corporate Bonds,1597,MGDF-B9.TA
1185834,MGRT.B4,IL0011858342,IL0011858342,True,MGURIT B4,מגוריט אגח ד,מגרט.ק4,Corporate Bonds,1668,MGRT-B4.TA
1185883,MNIF.B1,IL0011858839,IL0011858839,True,MENIF B1,מניף אגח א,מניף.ק1,Corporate Bonds,1828,MNIF-B1.TA
1186055,IN.FF11,IE00BGBN6P67,IL0011860553,False,INV.FRFBLOCK,אינבסקו.חוץBLOCKCHAIN,אנ.סז11,Foreign ETF - Equity,2355,IN-FF11.TA
1186063,IN.FF12,IE00BNRQM384,IL0011860637,False,INV.FRFNASDAQ,אינבסקו.חוץNASDAQ100SWAP,אנ.סז12,Foreign ETF - Equity,2355,IN-FF12.TA
1186071,IN.FF13,IE00BK80XL30,IL0011860710,False,INV.FRFCHINA,אינבסקו.חוץMSCICHINA,אנ.סז13,Foreign ETF - Equity,2355,IN-FF13.TA
1186162,DIR.B10,IL0011861627,IL0011861627,True,DIMRI B10,דמרי אגח י,דמרי.ק10,Corporate Bonds,1193,DIR-B10.TA
1186188,BIG.B20,IL0011861882,IL0011861882,True,BIG B20,ביג אגח כ,ביג.ק20,Corporate Bonds,1327,BIG-B20.TA
1186246,POSA.B2,IL0011862468,IL0011862468,True,POWERGEN B2,פאוורג'ן אגח ב,פאסא.ק2,Corporate Bonds,1405,POSA-B2.TA
1186485,PIES.B1,IL0011864852,IL0011864852,True,PIE SIAM B1,פאי סיאם אגח א,פאיס.ק1,Corporate Bonds,2344,PIES-B1.TA
1186527,PIES,IL0011865271,IL0011865271,True,PIE SIAM,פאי סיאם,פאיס,Shares,2344,PIES.TA
1186634,KSM.F208,IL0011866345,IL0011866345,True,(2649.49) KSM ETF (60) Short TA-RealEstate IL,"קסם ETF י(60) חסר ת""א נדל""ן (2649.49)",קסם.ס208,ETF Fund - Equity,1733,KSM-F208.TA
1186865,MLRN.B4,IL0011868655,IL0011868655,True,MLRN B4,מלרן אגח ד,מלרן.ק4,Corporate Bonds,1787,MLRN-B4.TA
1187061,BULL.B2,IL0011870610,IL0011870610,True,BULL TRAD B2,בול מסחר אגח ב,בול.ק2,Corporate Bonds,1925,BULL-B2.TA
1187079,MTF.F104,IL0011870792,IL0011870792,True,MTF Sal (6D) Leveraged Nasdaq 100x3 Monthly,MTF סל (6D) ממונפת Nasdaq 100 פי 3 חודשי,מטפ.ס104,ETF Fund - Equity,1735,MTF-F104.TA
1187194,ISRG,IL0011871949,IL0011871949,True,ISRAIR GROUP,ישראייר גרופ,ישרג,Shares,1238,ISRG.TA
1187335,IAA.B1-I,IL0011873358,IL0011873358,True,IAA B1-I,"רש""ת אגח א-רמ",רשת.ק1רמ,Corporate Bonds TASE UP,2388,IAA-B1-I.TA
1187343,IAA.B2-I,IL0011873432,IL0011873432,True,IAA B2-I,"רש""ת אגח ב-רמ",רשת.ק2רמ,Corporate Bonds TASE UP,2388,IAA-B2-I.TA
1187418,YHNF.B1,IL0011874182,IL0011874182,True,YOCHANANOF B1,יוחננוף אגח א,יחנפ.ק1,Corporate Bonds,1786,YHNF-B1.TA
1187590,BIMT.W1,IL0011875908,IL0011875908,True,BIOMEAT FOOD.W1,ביו מיט אפ 1,בימט.א1,Warrants,1855,BIMT-W1.TA
1187640,PRKM,IL0011876401,IL0011876401,True,PARKOMAT,פרקומט,פרקמ,Shares,2391,PRKM.TA
1187764,MORE.S6,IL0011877649,IL0011877649,True,MORE SAL (4A) Index Banks EW IL,מור סל (4A) אינדקס בנקים משקל שווה,מור.ס6,ETF Fund - Equity,1799,MORE-S6.TA
1187962,CRSR,IL0011879629,IL0011879629,True,CARASSO REAL ES,קרסו נדלן,קרסנ,Shares,2384,CRSR.TA
1188044,AMRM.B1,IL0011880445,IL0011880445,True,AMRAM AVRAHM B1,עמרם אברהם אגחא,עמרם.ק1,Corporate Bonds,2385,AMRM-B1.TA
1188069,MTF.F103,IL0011880692,IL0011880692,True,MTF Sal (6D) Short Leveraged Nasdaq 100x2 Monthly,MTF סל (6D) ממונפת בחסר Nasdaq 100 פי 2 חודשי,מטפ.ס103,ETF Fund - Equity,1735,MTF-F103.TA
1188135,PNCP.B13,IL0011881351,IL0011881351,True,PHONIX B13,פניקס הון אגחיג,פנהס.ק13,Corporate Bonds,1527,PNCP-B13.TA
1188192,FTAL.B4,IL0011881922,IL0011881922,True,FATTAL HOLD B4,פתאל החז אגח ד,פתאל.ק4,Corporate Bonds,1621,FTAL-B4.TA
1188200,AMRM,IL0011882003,IL0011882003,True,AMRM,עמרם,עמרם,Shares,2385,AMRM.TA
1188242,SBEN,IL0011882425,IL0011882425,True,SHIKN&BINUI ENE,שוב אנרגיה,שובא,Shares,1930,SBEN.TA
1188416,YESD,IL0011884165,IL0011884165,True,YESODOT,יסודות,יסוד,Shares,2386,YESD.TA
1188572,ACRO.B1,IL0011885725,IL0011885725,True,ACRO B1,אקרו אגח א,אקרו.ק1,Corporate Bonds,2360,ACRO-B1.TA
1188622,PRPD,IL0011886228,IL0011886228,True,PROPDO,פרופדו,פרפד,Shares,2389,PRPD.TA
1188663,NTGR.B13,IL0011886632,IL0011886632,True,NETANEL B13,נתנאל גרופ אגיג,נתגר.ק13,Corporate Bonds,421,NTGR-B13.TA
1188739,ENCR.B3,IL0011887390,IL0011887390,True,ENCORE PROP B3,אנקור פרופ אגחג,אקרפ.ק3,Corporate Bonds,1683,ENCR-B3.TA
1188788,SPNR.B4,IL0011887887,IL0011887887,True,SPENCER B4,ספנסר אגח ד,ספנר.ק4,Corporate Bonds,1628,SPNR-B4.TA
1189018,KSM.F210,IL0011890188,IL0011890188,True,KSM ETF (4D) Index World Value,קסם ETF י(4D) אינדקס ערך עולמי,קסם.ס210,ETF Fund - Equity,1733,KSM-F210.TA
1189190,CEL.B13,IL0011891905,IL0011891905,True,CELCOM B13,סלקום אגח יג,סלקם.ק13,Corporate Bonds,2066,CEL-B13.TA
1189224,ALMA.B9,IL0011892242,IL0011892242,True,ALMOGIM B9,אלמוגים אגח ט,אלמג.ק9,Corporate Bonds,1553,ALMA-B9.TA
1189372,KSM.F211,IL0011893729,IL0011893729,True,KSM ETF (4D) Index World Growth,קסם ETF י(4D) אינדקס צמיחה עולמי,קסם.ס211,ETF Fund - Equity,1733,KSM-F211.TA
1189398,ELDP.B6,IL0011893984,IL0011893984,True,ELLA DEPOSIT B6,אלה פקדון אגח ו,אלפק.ק6,Corporate Bonds,1697,ELDP-B6.TA
1189406,ALHE.B13,IL0011894065,IL0011894065,True,ALONY HETS B13,אלוני חץ אגח יג,אלחץ.ק13,Corporate Bonds,390,ALHE-B13.TA
1189414,ALHE.B15,IL0011894149,IL0011894149,True,ALONY HETS B15,אלוני חץ אגח טו,אלחץ.ק15,Corporate Bonds,390,ALHE-B15.TA
1189497,INIS.B27,IL0011894974,IL0011894974,True,INTERN ISSU B27,בינל הנפ התח כז,בנהנ.ק27,Corporate Bonds,1153,INIS-B27.TA
1189554,PTCH.B9,IL0011895542,IL0011895542,True,PETROC B9,פטרוכימים אגח ט,פטרו.ק9,Corporate Bonds,756,PTCH-B9.TA
1189596,TCH.F173,IL0011895963,IL0011895963,True,Tachlit SAL (4D) Index World Value U.S.D Hedged,תכלית סל (4D) אינדקס ערך עולמי מנוטרלת דולר,תכל.ס173,ETF Fund - Equity,1734,TCH-F173.TA
1189604,TCH.F174,IL0011896045,IL0011896045,True,Tachlit SAL (4D) Index World Growth,תכלית סל (4D) אינדקס צמיחה עולמי,תכל.ס174,ETF Fund - Equity,1734,TCH-F174.TA
1189646,MTRX.B2,IL0011896466,IL0011896466,True,MATRIX B2,מטריקס אגח ב,מטרקס.ק2,Corporate Bonds,445,MTRX-B2.TA
1189802,KSM.F209,IL0011898025,IL0011898025,True,KSM ETF (6D) Short Leveraged Future Bloomberg Brent Crude x2 Monthly,קסם ETF י(6D) ממונפת בחסר חוזה Bloomberg Brent Crude פי 2 חודשי,קסם.ס209,ETF - Bonds,1733,KSM-F209.TA
1189810,MTF.F107,IL0011898108,IL0011898108,True,MTF Sal (4D) Index World Growth,MTF סל (4D) אינדקס צמיחה עולמי,מטפ.ס107,ETF Fund - Equity,1735,MTF-F107.TA
1189828,MTF.F106,IL0011898280,IL0011898280,True,MTF Sal (4D) Index World Value,MTF סל (4D) אינדקס ערך עולמי,מטפ.ס106,ETF Fund - Equity,1735,MTF-F106.TA
1189877,GMAI.B2,IL0011898777,IL0011898777,True,GILAD MAY B2,גלעד מאי אגח ב,גמאי.ק2,Corporate Bonds,1905,GMAI-B2.TA
1189950,ELAC.B1,IL0011899502,IL0011899502,True,ELLA CON B1,אלה השק אגח א,אלה.ק1,Corporate Bonds,504,ELAC-B1.TA
1190008,CRSR.B1,IL0011900086,IL0011900086,True,CARASSO RE B1,קרסו נדלן אגח א,קרסנ.ק1,Corporate Bonds,2384,CRSR-B1.TA
1190099,LGTS.B3,IL0011900995,IL0011900995,True,LIGHTSTON B3,לייטסטון אגח ג,לטסט.ק3,Corporate Bonds,1630,LGTS-B3.TA
1190297,PTCH.B10,IL0011902975,IL0011902975,True,PETROC B10,פטרוכימים אגח י,פטרו.ק10,Corporate Bonds,756,PTCH-B10.TA
1190305,PTC.W1,IL0011903056,IL0011903056,True,PETROC W1,פטרוכימים אפ1,פטר.א1,Warrants,756,PTC-W1.TA
1190313,PTC.W2,IL0011903130,IL0011903130,True,PETROC W2,פטרוכימים אפ2,פטר.א2,Warrants,756,PTC-W2.TA
1190347,IBI.F176,IL0011903478,IL0011903478,True,I.B.I. SAL (4A) Index US Momentum Currency-Hedged,"אי.בי.אי. סל (4A) אינדקס מומנטום ארה""ב מנוטרלת מט""ח",אבא.ס176,ETF Fund - Equity,1750,IBI-F176.TA
1190354,IBI.F177,IL0011903544,IL0011903544,True,I.B.I. SAL (4D) Index Global Value,אי.בי.אי. סל (4D) אינדקס ערך עולמי,אבא.ס177,ETF Fund - Equity,1750,IBI-F177.TA
1190362,IBI.F178,IL0011903627,IL0011903627,True,I.B.I. SAL (4D) Index Global Growth,אי.בי.אי. סל (4D) אינדקס צמיחה עולמי,אבא.ס178,ETF Fund - Equity,1750,IBI-F178.TA
1190453,AVIV.B7,IL0011904534,IL0011904534,True,AVIV B7,אביב בניה אגח 7,אביב.ק7,Corporate Bonds,444,AVIV-B7.TA
1190586,LEVI.B5,IL0011905861,IL0011905861,True,LEVNSTEN B5,לונשטן הנד אגחה,לשטן.ק5,Corporate Bonds,573,LEVI-B5.TA
1190628,DRSL,IL0011906281,IL0011906281,True,DORSEL,דורסל,דרסל,Shares,2397,DRSL.TA
1190685,HRL.F226,IL0011906851,IL0011906851,True,Harel Sal (4A) Index Israel 100 profitability Equal Weight IL,הראל סל (4A) אינדקס ישראל 100 רווחיות משקל שווה,הרל.ס266,ETF Fund - Equity,1747,HRL-F226.TA
1190776,HRL.F227,IL0011907768,IL0011907768,True,Harel Sal (00) Tel Bond-CPI Linked Bank Without COCO IL,הראל סל (00) תל בונד צמודות-בנקים ללא COCO,הרל.ס227,ETF - Bonds,1747,HRL-F227.TA
1190859,HRL.F288,IL0011908592,IL0011908592,True,Harel Sal (4D) Index U.S Momentum,"הראל סל (4D) אינדקס מומנטום ארה""ב",הרל.ס228,ETF Fund - Equity,1747,HRL-F288.TA
1190925,ALUM.W1,IL0011909251,IL0011909251,True,ALUMA W1,אלומה אופ 1,אלום.א1,Warrants,1978,ALUM-W1.TA
1191170,RAYK.B1,IL0011911703,IL0011911703,True,RAYK ASPEN B1,רייק אספן אגח א,רייק.ק1,Corporate Bonds,2392,RAYK-B1.TA
1191246,DSN.B9,IL0011912461,IL0011912461,True,DISCOONT MAN B9,דיסקונט מנ נד ט,דסקנ.ק9,Corporate Bonds,748,DSN-B9.TA
1191329,POLI.B7,IL0011913295,IL0011913295,True,POALIM B7,פועלים התח נד ז,פעלים.ק7,Corporate Bonds,662,POLI-B7.TA
1191345,PLI.B201,IL0011913451,IL0011913451,True,POALIM B201,פועלים אגח 201,פעל.ק201,Corporate Bonds,662,PLI-B201.TA
1191386,HRPK.B3,IL0011913865,IL0011913865,True,HAREL EXCHA B3,הראל פיקד אגח ג,הרפק.ק3,Corporate Bonds,1781,HRPK-B3.TA
1191527,ILDC.B25,IL0011915274,IL0011915274,True,LAND DEV B25,הכשרת ישוב אג25,הכשר.ק25,Corporate Bonds,612,ILDC-B25.TA
1191659,DIFI.B6,IL0011916595,IL0011916595,True,DIRECT FINAN B6,מימון ישיר אגחו,מישק.ק6,Corporate Bonds,1675,DIFI-B6.TA
1191667,MZIS.B66,IL0011916678,IL0011916678,True,MIZ TF ISSU B66,מז טפ הנ אגח 66,מזהנ.ק66,Corporate Bonds,231,MZIS-B66.TA
1191675,MZIS.B65,IL0011916751,IL0011916751,True,MIZ TF ISSU B65,מז טפ הנפ הת 65,מזהנ.ק65,Corporate Bonds,231,MZIS-B65.TA
1191824,ALBR.B19,IL0011918245,IL0011918245,True,ALBR B19,אלבר אגח יט,אלבר.ק19,Corporate Bonds,1382,ALBR-B19.TA
1191832,ALBR.B20,IL0011918328,IL0011918328,True,ALBR B20,אלבר אגח כ,אלבר.ק20,Corporate Bonds,1382,ALBR-B20.TA
1191881,MTF.F109,IL0011918815,IL0011918815,True,MTF Sal (0D) iBoxx US Liquid Investment Grade Top 30,MTF סל iBoxx US Liquid Investment Grade Top 30 (0D),מטפ.ס109,ETF - Bonds,1735,MTF-F109.TA
1192079,MGDF.B10,IL0011920795,IL0011920795,True,MIGDAL FUND B10,מגדל הון אגח י,מגדה.ק10,Corporate Bonds,1597,MGDF-B10.TA
1192087,DSCT.B1I,IL0011920878,IL0011920878,True,DISCOUNT B1I,דיסקונטאגח ק1רמ,דסק.ק1רמ,Corporate Bonds TASE UP,691,DSCT-B1I.TA
1192129,MGRT.B5,IL0011921298,IL0011921298,True,MGURIT B5,מגוריט אגח ה,מגרט.ק5,Corporate Bonds,1668,MGRT-B5.TA
1192384,KSM.F213,IL0011923849,IL0011923849,True,KSM ETF (00) Index Israeli Gov CPI-Linked 5Y Duration IL,"קסם ETF י(00) אינדקס מדינה צמוד- מח""מ 5 קבוע",קסם.ס213,ETF - Bonds,1733,KSM-F213.TA
1192392,KSM.F214,IL0011923922,IL0011923922,True,KSM ETF (00) Index Israeli Gov Non-Linked 5Y Duration IL,"קסם ETF י(00) אינדקס מדינה שקלי- מח""מ 5 קבוע",קסםס214,ETF - Bonds,1733,KSM-F214.TA
1192442,ELDT.B8,IL0011924425,IL0011924425,True,ELDAN TRANS B8,אלדן תחבו אגח ח,אלדת.ק8,Corporate Bonds,1636,ELDT-B8.TA
1192459,ELDT.B9,IL0011924599,IL0011924599,True,ELDAN TRANS B9,אלדן תחבו אגח ט,אלדת.ק9,Corporate Bonds,1636,ELDT-B9.TA
1192608,UNMI.B5,IL0011926081,IL0011926081,True,UNIVERSAL B5,יוניברסל אגח ה,יומי.ק5,Corporate Bonds,2072,UNMI-B5.TA
1192616,UNMI.B6,IL0011926164,IL0011926164,True,UNIVERSAL B6,יוניברסל אגח ו,יומי.ק6,Corporate Bonds,2072,UNMI-B6.TA
1192731,SHLD.B19,IL0011927311,IL0011927311,True,SHLOMO HOLD B19,שלמה החז אגח יט,שלהח.ק19,Corporate Bonds,141,SHLD-B19.TA
1192749,SHLD.B20,IL0011927493,IL0011927493,True,SHLOMO HOLD B20,שלמה החז אגח כ,שלהח.ק20,Corporate Bonds,141,SHLD-B20.TA
1192772,HRIS.B19,IL0011927725,IL0011927725,True,HAREL ISSUE B19,הראל הנפ אגח יט,הרהנ.ק19,Corporate Bonds,1367,HRIS-B19.TA
1193044,MTF.F114,IL0011930448,IL0011930448,True,MTF Sal (00) Tel Bond-Shekel 5-15 IL,MTF סל (00) תל בונד-שקלי 5-15,מטפ.ס114,ETF - Bonds,1735,MTF-F114.TA
1193051,MTF.F113,IL0011930513,IL0011930513,True,MTF SAL (00) Tel Bond-Shekel 1-3 IL,MTF סל (00) תל בונד-שקלי 1-3‏,מטפ.ס113,ETF - Bonds,1735,MTF-F113.TA
1193069,MTF.F115,IL0011930695,IL0011930695,True,MTF Sal (0A) Tel-Gov IL,MTF סל (0A) תל גוב – כללי,מטפ.ס115,ETF - Bonds,1735,MTF-F115.TA
1193077,NSTR.B13,IL0011930778,IL0011930778,True,NORSTAR B13,נורסטאר אגח יג,נסטר.ק13,Corporate Bonds,723,NSTR-B13.TA
1193127,MTF.F112,IL0011931271,IL0011931271,True,MTF SAL (00) Tel Bond-CPI Linked 1-3 IL,MTF סל (00) תל בונד-צמודות 1-3,מטפ.ס112,ETF - Bonds,1735,MTF-F112.TA
1193135,MTF.F117,IL0011931354,IL0011931354,True,MTF Sal (00) Tel Bond-CPI Linked 5-15 IL,MTF סל (00) תל בונד-צמודות 5-15,מטפ.ס117,ETF - Bonds,1735,MTF-F117.TA
1193143,VYNA.B6,IL0011931438,IL0011931438,True,VITANIA B6,ויתניה אגח ו,ויתנה.ק6,Corporate Bonds,1515,VYNA-B6.TA
1193176,GBPR.B14,IL0011931768,IL0011931768,True,GABAY PROP B14,גבאי מניבאגח יד,גבמנ.ק14,Corporate Bonds,771,GBPR-B14.TA
1193192,TLSR.B8,IL0011931925,IL0011931925,True,THE LESER B8,דה לסר אגח ח,דלסר.ק8,Corporate Bonds,1513,TLSR-B8.TA
1193317,MTF.F116,IL0011933178,IL0011933178,True,MTF Sal (0A) Tel Bond-Composite IL,MTF סל (0A) תל בונד-מאגר,מטפ.ס116,ETF - Bonds,1735,MTF-F116.TA
1193341,LAHV.B3,IL0011933418,IL0011933418,True,LAHAV B3,להב אגח ג,להב.ק3,Corporate Bonds,136,LAHV-B3.TA
1193499,CLIS.C2,IL0011934994,IL0011934994,True,CLAL INSU C2,כלל ביטוח אג ב,כללבט.ה2,Convertible Bonds,224,CLIS-C2.TA
1193580,AURA.B17,IL0011935801,IL0011935801,True,AURA B17,אאורה אגח יז,אארה.ק17,Corporate Bonds,373,AURA-B17.TA
1193598,DLIA.B2,IL0011935983,IL0011935983,True,DALIA B2,דליה אגח ב,דלה.ק2,Corporate Bonds,1840,DLIA-B2.TA
1193614,KSM.F217,IL0011936148,IL0011936148,True,KSM ETF (00) Tel Bond-CPI Linked 1-3 IL,קסם ETF‏י (00) תל בונד-צמודות 1-3,קסם.ס217,ETF - Bonds,1733,KSM-F217.TA
1193630,PTBL.B10,IL0011936304,IL0011936304,True,PROPE BU B10,נכסים ובנ אגח י,נכבנ.ק10,Corporate Bonds,699,PTBL-B10.TA
1193648,KSM.F218,IL0011936486,IL0011936486,True,KSM ETF (00) Tel Bond-CPI Linked AA-AAA IL,קסם ETFי (00) תל בונד צמודות AA-AAA,קסם.ס218,ETF - Bonds,1733,KSM-F218.TA
1193655,KSM.F219,IL0011936551,IL0011936551,True,KSM ETF (00) Tel Bond-Shekel A IL,קסם ETFי (00) תל בונד שקלי A,קסם.ס219,ETF - Bonds,1733,KSM-F219.TA
1193663,KSM.F220,IL0011936635,IL0011936635,True,KSM ETF (00) Tel Bond-Shekel AA-AAA IL,קסם ETFי (00) תל בונד שקלי AA-AAA,קסם.ס220,ETF - Bonds,1733,KSM-F220.TA
1193671,KSM.F221,IL0011936718,IL0011936718,True,KSM ETF (00) Tel Bond-CPI Linked 5-15 IL,קסם ETFי (00) תל בונד צמודות 5-15,קסם.ס221,ETF - Bonds,1733,KSM-F221.TA
1193689,KSM.F223,IL0011936890,IL0011936890,True,KSM ETF (00) Tel Bond-Shekel 1- 3 IL,קסם ETFי (00) תל בונד-שקלי 1-3,קסם.ס223,ETF - Bonds,1733,KSM-F223.TA
1193713,KSM.F224,IL0011937138,IL0011937138,True,KSM ETF (4A) S&P Financial Currency-Hedged,"קסם S&P Financial (4A) ETF מנוטרלת מט""ח",קסם.ס224,ETF Fund - Equity,1733,KSM-F224.TA
1193739,KSM.F225,IL0011937393,IL0011937393,True,KSM ETF (4A) S&P Technology Currency-Hedged,"קסם S&P Technology (4A) ETF מנוטרלת מט""ח",קסם.ס225,ETF Fund - Equity,1733,KSM-F225.TA
1193747,KSM.F228,IL0011937476,IL0011937476,True,KSM ETF (4A) S&P MidCap 400 Currency-Hedged,"קסם S&P MidCap 400 (4A) ETF מנוטרלת מט""ח",קסם.ס228,ETF Fund - Equity,1733,KSM-F228.TA
1193754,KSM.F229,IL0011937542,IL0011937542,True,KSM ETF (4A) S&P Consumer Discretionary Currency-Hedged,"קסם S&P Consumer Discretionary (4A) ETF מנוטרלת מט""ח",קסם.ס229,ETF Fund - Equity,1733,KSM-F229.TA
1193762,KSM.F230,IL0011937625,IL0011937625,True,KSM ETF (4A) S&P Regional Banks Currency-Hedged,"קסם S&P Regional Banks (4A) ETF מנוטרלת מט""ח",קסם.ס230,ETF Fund - Equity,1733,KSM-F230.TA
1193788,KSM.F232,IL0011937880,IL0011937880,True,KSM ETF (4A) S&P Consumer Staples Currency-Hedged,"קסם S&P Consumer Staples (4A) ETF מנוטרלת מט""ח",קסם.ס232,ETF Fund - Equity,1733,KSM-F232.TA
1193820,KSM.F236,IL0011938201,IL0011938201,True,KSM ETF (4D) S&P Consumer Staples,קסם S&P Consumer Staples (4D) ETF,קסם.ס236,ETF Fund - Equity,1733,KSM-F236.TA
1193929,MNRT.B4,IL0011939290,IL0011939290,True,MENIVIM REIT B4,מניבים ריט אגחד,מנרט.ק4,Corporate Bonds,1679,MNRT-B4.TA
1193952,VILR.B10,IL0011939522,IL0011939522,True,VILLAR B10,וילאר אגח י,ולאר.ק10,Corporate Bonds,416,VILR-B10.TA
1194000,CION,US17259U2042,IL0011940009,False,CION,סיאון,סאון,Shares,2409,CION.TA
1194018,CION.B1,IL0011940181,IL0011940181,True,CION B1,סיאון אגח א,סאון.ק1,Corporate Bonds,2409,CION-B1.TA
1194067,KSM.F212,IL0011940678,IL0011940678,True,KSM ETF (4D) MSCI ACWI Sustainable Development,קסם ETF י(4D)י MSCI ACWI Sustainable Development,קסם.ס212,ETF Fund - Equity,1733,KSM-F212.TA
1194380,MORE.S7,IL0011943805,IL0011943805,True,MORE SAL (4A) TA-35 IL,"מור סל (4A) ת""א-35",מור.ס7,ETF Fund - Equity,1799,MORE-S7.TA
1194513,NTNB,IL0011945131,IL0011945131,True,NETANEL MENIV,נתנאל מניבים,נתנב,Shares,2412,NTNB.TA
1194638,MLSR.B21,IL0011946386,IL0011946386,True,MELISRON B21,מליסרון אגח כא,מלסר.ק21,Corporate Bonds,323,MLSR-B21.TA
1194695,ZPRS,IL0011946956,IL0011946956,True,ZEPHYRUS,זפירוס,זפרס,Shares,2413,ZPRS.TA
1194802,GOI0229,IL0011948028,IL0011948028,True,ILGOV3.75% 0229,ממשל שקלית 0229,ממשק0229,Government Bonds,926,GOI0229.TA
1195304,MORE.S10,IL0011953044,IL0011953044,True,MORE SAL (00) Tel Bond 60 CPI Linked IL,מור סל (00) תל בונד 60 צמודות,מור.ס10,ETF - Bonds,1799,MORE-S10.TA
1195312,MORE.S11,IL0011953127,IL0011953127,True,MORE SAL (0A)Tel Bond Composite IL,מור סל (0A) תל בונד מאגר,מור.ס11,ETF - Bonds,1799,MORE-S11.TA
1195346,BZN.B13,IL0011953465,IL0011953465,True,BAZAN B13,בזן אגח יג,בזן.ק13,Corporate Bonds,259,BZN-B13.TA
1195577,AYAL.B3I,IL0011955775,IL0011955775,True,AYALON HOL B3-I,איילון אגח ג-רמ,אלן.ק3רמ,Corporate Bonds TASE UP,209,AYAL-B3I.TA
1195585,PNCP.B12,IL0011955858,IL0011955858,True,PHONIX B12,פניקס הון אגחיב,פנהס.ק12,Corporate Bonds,1527,PNCP-B12.TA
1195981,ARPT.B10,IL0011959819,IL0011959819,True,AIRPRORT B10,ארפורט אגח י,ארפט.ק10,Corporate Bonds,1300,ARPT-B10.TA
1195999,ARPT.B11,IL0011959991,IL0011959991,True,AIRPORT B11,ארפורט אגח יא,ארפט.ק11,Corporate Bonds,1300,ARPT-B11.TA
1196146,MORE.S8,IL0011961468,IL0011961468,True,MORE SAL (4A) TA-90 IL,"מור סל (4A) ת""א-90",מור.ס8,ETF Fund - Equity,1799,MORE-S8.TA
1196153,MORE.S9,IL0011961534,IL0011961534,True,MORE SAL (4A) TA-125 IL,"מור סל (4A) ת""א-125",מור.ס9,ETF Fund - Equity,1799,MORE-S9.TA
1196179,DLPR.B1,IL0011961799,IL0011961799,True,DELEK PROP B1,דלק נכסים אגח א,דלנכ.ק1,Corporate Bonds,2387,DLPR-B1.TA
1196211,DLPR,IL0011962110,IL0011962110,True,DELEK PROP,דלק נכסים,דלנכ,Shares,2387,DLPR.TA
1196542,AVGD.B2,IL0011965428,IL0011965428,True,AVGAD B2,אב-גד אגח ב,אבגד.ק2,Corporate Bonds,1829,AVGD-B2.TA
1196781,ELEC.B34,IL0011967812,IL0011967812,True,ELECTRIC B34,חשמל אגח 34,חשמל.ק34,Corporate Bonds,600,ELEC-B34.TA
1196799,ELEC.B35,IL0011967994,IL0011967994,True,ELECTRIC B35,חשמל אגח 35,חשמל.ק35,Corporate Bonds,600,ELEC-B35.TA
1196807,MZIS.B67,IL0011968075,IL0011968075,True,MIZ TF ISSU B67,מז טפ הנ אגח 67,מזהנ.ק67,Corporate Bonds,231,MZIS-B67.TA
1196849,OGN.B2-I,IL0011968497,IL0011968497,True,OGEN B2-I,עוגן אגחב-רמ,עגן.ק2רמ,Corporate Bonds TASE UP,2419,OGN-B2-I.TA
1197029,STRB.B4,IL0011970295,IL0011970295,True,STRAWBERRY B4,סטרוברי אגח ד,סטרב.ק4,Corporate Bonds,1654,STRB-B4.TA
1197045,ELDP.B9,IL0011970451,IL0011970451,True,ELLA DEPOSIT B9,אלה פקדון אגח ט,אלפק.ק9,Corporate Bonds,1697,ELDP-B9.TA
1197128,ISTA.C1,IL0011971285,IL0011971285,True,ISSTA C1,איסתא אג א,אסתא.ה1,Convertible Bonds,1036,ISTA-C1.TA
1197144,ENIL.B5I,IL0011971442,IL0011971442,True,ENERGEAN IS B5I,אנרגיש אגח 5-רמ,אניש.5רמ,Corporate Bonds TASE UP,1882,ENIL-B5I.TA
1197276,BSI.B8,IL0011972762,IL0011972762,True,ALON SQUARE B8,אלון רבוע אגח ח,אלרכ.ק8,Corporate Bonds,2063,BSI-B8.TA
1197284,BSI.B9,IL0011972846,IL0011972846,True,ALON SQUARE B9,אלון רבוע אגח ט,אלרכ.ק9,Corporate Bonds,2063,BSI-B9.TA
1197326,CPI1028,IL0011973265,IL0011973265,True,ILCPI1.10%1028,ממשל צמודה 1028,ממצמ1028,Government Bonds,954,CPI1028.TA
1197565,MGDF.B11,IL0011975658,IL0011975658,True,MIGDAL FUND B11,מגדל הון אגח יא,מגדה.ק11,Corporate Bonds,1597,MGDF-B11.TA
1197573,MGDF.B12,IL0011975732,IL0011975732,True,MIGDAL FUND B12,מגדל הון אגח יב,מגדה.ק12,Corporate Bonds,1597,MGDF-B12.TA
1197607,EQTL.B4,IL0011976078,IL0011976078,True,EQUITAL B4,אקויטל אגח 4,אקטל.ק4,Corporate Bonds,755,EQTL-B4.TA
1197698,TCH.F172,IL0011976987,IL0011976987,True,Tachlit SAL (40) TA-Insurance,"תכלית סל (40) ת""א -ביטוח",תכל.ס172,ETF Fund - Equity,1734,TCH-F172.TA
1197748,SFRN.C1,IL0011977480,IL0011977480,True,SUFRIN C1,סופרין אג א,ספרן.ה1,Convertible Bonds,1974,SFRN-C1.TA
1197763,ORON.B3,IL0011977639,IL0011977639,True,ORON GROUP B3,אורון קב אגח ג,אורנ.ק3,Corporate Bonds,1644,ORON-B3.TA
1197920,CLLC.B13,IL0011979205,IL0011979205,True,CLAL CAP B13,כלל הון אגח יג,כללה.ק13,Corporate Bonds,1324,CLLC-B13.TA
1197953,MAX.B4-I,IL0011979536,IL0011979536,True,MAX IT B4I,מקס איט הת ד-רמ,מקס.ק4רמ,Corporate Bonds TASE UP,1763,MAX-B4-I.TA
1198035,NOFR.C2,IL0011980351,IL0011980351,True,NOFAR ENRG C2,נופר אנרג אג ב,נופר.ה2,Convertible Bonds,1831,NOFR-C2.TA
1198043,NOFR.B3,IL0011980435,IL0011980435,True,NOFAR ENRG B3,נופר אנרג אגח ג,נופר.ק3,Corporate Bonds,1831,NOFR-B3.TA
1198142,GCT.C17,IL0011981425,IL0011981425,True,G CITY C17,ג'י סיטי אג יז,גיסי.ה17,Convertible Bonds,126,GCT-C17.TA
1198175,CPPL.B1,IL0011981755,IL0011981755,True,CITY PEOPLE B1,אנשי העיר אגח א,אנשי.ק1,Corporate Bonds,2417,CPPL-B1.TA
1198266,CPPL,IL0011982662,IL0011982662,True,CITY PEOPLE,אנשי העיר,אנשי,Shares,2417,CPPL.TA
1198340,DIET.16I,IL0011983405,IL0011983405,True,DIRECT FIN B16I,מ.ישיר אגח16-רמ,מיש.16רמ,Corporate Bonds TASE UP,2424,DIET-16I.TA
1198571,SBEN.B1,IL0011985715,IL0011985715,True,SHKN & BI EN B1,שוב אנרגיה אגחא,שובא.ק1,Corporate Bonds,1930,SBEN-B1.TA
1198787,EGED.B1I,IL0011987877,IL0011987877,True,EGED B1-I,אגד אגח 1-רמ,אגד.ק1רמ,Corporate Bonds TASE UP,2422,EGED-B1I.TA
1198829,BONI.B21,IL0011988297,IL0011988297,True,BONEI TICHO B21,בוני תכון אגחכא,בנתכ.ק21,Corporate Bonds,531,BONI-B21.TA
1198860,MNIF.B2,IL0011988602,IL0011988602,True,MENIF B2,מניף אגח ב,מניף.ק2,Corporate Bonds,1828,MNIF-B2.TA
1198886,FTEU.B5,IL0011988867,IL0011988867,True,FATTAL EURO B5,פתאל אירו אגח ה,פתאר.ק5,Corporate Bonds,1661,FTEU-B5.TA
1198910,ARF,IL0011989105,IL0011989105,True,ASHDOD REFINERY,בזא,בזא,Shares,1361,ARF.TA
1199058,KSM.F227,IL0011990582,IL0011990582,True,KSM ETF (00)(!) KOSHER Tel Bond-Yields CPI Linked IL,קסם ETFי(00)י(!) כשרה תל בונד-תשואות צמודות,קסם.ס227,ETF - Bonds,1733,KSM-F227.TA
1199124,MDTR.B6,IL0011991242,IL0011991242,True,MEDITR TOWER B6,מגדלי תיכוןאגחו,מגתכ.ק6,Corporate Bonds,1614,MDTR-B6.TA
1199454,PIDE.B1,IL0011994543,IL0011994543,True,PAI DEPOS. B1,פאי פיקדון אגחא,פאיפ.ק1,Corporate Bonds,2420,PIDE-B1.TA
1199470,MNMO.B8,IL0011994709,IL0011994709,True,MNORA MIV HO B8,מנורה הון התח ח,מנמה.ק8,Corporate Bonds,1431,MNMO-B8.TA
1199488,ARF.B2,IL0011994881,IL0011994881,True,ASHDOD REFIN B2,בית זיקוק אגח 2,בזא.ק2,Corporate Bonds,1361,ARF-B2.TA
1199546,RENT.B1,IL0011995466,IL0011995466,True,RENT IT B1,רנט איט אגח א,רנטא.ק1,Corporate Bonds,2423,RENT-B1.TA
1199579,ASHG.B5,IL0011995797,IL0011995797,True,ASHTROM GRUP B5,אשטרום קב אגח ה,אשקב.ק5,Corporate Bonds,1618,ASHG-B5.TA
1199603,AFPR.B15,IL0011996035,IL0011996035,True,AFI PROP B15,אפי נכסים אגחטו,אפנכ.ק15,Corporate Bonds,1172,AFPR-B15.TA
1199645,RENT,IL0011996456,IL0011996456,True,RENT IT,רנט איט,רנטא,Shares,2423,RENT.TA
1199686,GEFR.C1,IL0011996860,IL0011996860,True,GEFFEN R&R C1,גפן מגורים אג א,גפנמ.ה1,Convertible Bonds,1532,GEFR-C1.TA
1199744,EFCP.B3,IL0011997447,IL0011997447,True,EFFI CAP B3,אפי קפיטל אגח ג,אפקפ.ק3,Corporate Bonds,1979,EFCP-B3.TA
1199850,POL.B202,IL0011998502,IL0011998502,True,POALIM B202,פועלים אגח 202,פעל.ק202,Corporate Bonds,662,POL-B202.TA
1199868,POL.B203,IL0011998684,IL0011998684,True,POALIM B203,פועלים אגח 203,פעל.ק203,Corporate Bonds,662,POL-B203.TA
1200195,MTF.F122,IL0012001959,IL0012001959,True,MTF Sal (4D) Index Top10 Tech,MTF סל (4D) אינדקס Top10 Tech,מטפ.ס122,ETF Fund - Equity,1735,MTF-F122.TA
1200351,MTF.F123,IL0012003518,IL0012003518,True,MTF Sal (4D) Indxx US Healthcare Top 10,MTF סל (Indxx US Healthcare Top 10 (4D,מטפ.ס123,ETF Fund - Equity,1735,MTF-F123.TA
1200435,IBI.F179,IL0012004359,IL0012004359,True,I.B.I. SAL (4A) S&P 500 Currency-Hedged,"אי.בי.אי. סל (4A)י 500 S&P מנוטרלת מט""ח",אבא.ס179,ETF Fund - Equity,1750,IBI-F179.TA
1200443,IBI.F180,IL0012004433,IL0012004433,True,I.B.I. SAL (4A) Nasdaq 100 Currency-Hedged,"אי.בי.אי. סל (4A)י Nasdaq 100 מנוטרלת מט""ח",אבא.ס180,ETF Fund - Equity,1750,IBI-F180.TA
1200450,IBI.F181,IL0012004508,IL0012004508,True,I.B.I. SAL (4D) Nasdaq 100,אי.בי.אי. סל (4D)י Nasdaq 100,אבא.ס181,ETF Fund - Equity,1750,IBI-F181.TA
1200880,GLDP.B1,IL0012008806,IL0012008806,True,GILAD DEPO B1,גלעד פקדון אגחא,גלפק.ק1,Corporate Bonds,1736,GLDP-B1.TA
1200922,GSED.B1,IL0012009226,IL0012009226,True,GSE B1,ג'י.אס.אי אגח א,גסאפ.ק1,Corporate Bonds,2427,GSED-B1.TA
1201003,MTF.F124,IL0012010034,IL0012010034,True,MTF Sal (4D) MSCI AC World,MTF סל (MSCI AC World (4D,מטפ.ס124,ETF Fund - Equity,1735,MTF-F124.TA
1201144,PIDE.B2,IL0012011446,IL0012011446,True,PAI DEPOS. B2,פאי פיקדון אגחב,פאיפ.ק2,Corporate Bonds,2420,PIDE-B2.TA
1201375,BIMT.W2,IL0012013756,IL0012013756,True,BIOMEAT.W2,ביו מיט אפ 2,בימט.א2,Warrants,1855,BIMT-W2.TA
1201391,CLIS.B3,IL0012013913,IL0012013913,True,CLAL INSU B3,כלל ביטוח אגח ג,כללבט.ק3,Corporate Bonds,224,CLIS-B3.TA
1201433,JRIS.B19,IL0012014333,IL0012014333,True,JERUSALEM I B19,ירושליםהנ אגחיט,ירשה.ק19,Corporate Bonds,1248,JRIS-B19.TA
1201466,POL.B11,IL0012014663,IL0012014663,True,POALIM B11,פועלים הת נד יא,פעל.ק11,Corporate Bonds,662,POL-B11.TA
1201623,MTF.F120,IL0012016239,IL0012016239,True,MTF SAL (4A) Index Israel-120 IL,MTF סל (4A) אינדקס 120 ישראל,מטפ.ס120,ETF Fund - Equity,1735,MTF-F120.TA
1201656,YELN.F1,IL0012016569,IL0012016569,True,YLETF (4D) S&P 500,ילין לפידות סל (4D)י S&P 500,ילינ.ס1,ETF Fund - Equity,2432,YELN-F1.TA
1201664,YELN.F2,IL0012016643,IL0012016643,True,YLETF (4A) S&P 500 Currency Hedged,"ילין לפידות סל (4A)י S&P 500 מנוטרלת מט""ח",ילינ.ס2,ETF Fund - Equity,2432,YELN-F2.TA
1201672,YELN.F3,IL0012016726,IL0012016726,True,YLETF (4D) Nasdaq 100,ילין לפידות סל (4D)י Nasdaq 100,ילינ.ס3,ETF Fund - Equity,2432,YELN-F3.TA
1201698,YELN.F4,IL0012016981,IL0012016981,True,YLETF (4A) Nasdaq 100 Currency Hedged,"ילין לפידות סל (4A)י Nasdaq 100 מנוטרלת מט""ח",ילינ.ס4,ETF Fund - Equity,2432,YELN-F4.TA
1201821,LUM.B185,IL0012018219,IL0012018219,True,LEUMI B185,לאומי אגח 185,לאמ.ק185,Corporate Bonds,604,LUM-B185.TA
1201839,LUM.B186,IL0012018391,IL0012018391,True,LEUMI B186,לאומי אגח 186,לאמ.ק186,Corporate Bonds,604,LUM-B186.TA
1201896,ASPR.B14,IL0012018961,IL0012018961,True,ASHTROM PRO B14,אשטרום נכ אגח14,אשנכ.ק14,Corporate Bonds,251,ASPR-B14.TA
1201946,PNCP.B14,IL0012019464,IL0012019464,True,PHONIX B14,פניקס הון אגחיד,פנהס.ק14,Corporate Bonds,1527,PNCP-B14.TA
1201953,PNCP.B15,IL0012019530,IL0012019530,True,PHONIX B15,פניקס הון אגחטו,פנהס.ק15,Corporate Bonds,1527,PNCP-B15.TA
1202142,MZIS.B68,IL0012021429,IL0012021429,True,MIZ TF ISSU B68,מז טפ הנ אגח 68,מזהנ.ק68,Corporate Bonds,231,MZIS-B68.TA
1202159,MZIS.B69,IL0012021593,IL0012021593,True,MIZ TF ISSU B69,מז טפ הנפ הת 69,מזהנ.ק69,Corporate Bonds,231,MZIS-B69.TA
1202183,KSM.F233,IL0012021833,IL0012021833,True,KSM ETF (4D) S&P 500 TOP 50,קסם ETF י(4D)י 50 S&P 500 TOP,קסם.ס233,ETF Fund - Equity,1733,KSM-F233.TA
1202217,BIG.B21,IL0012022179,IL0012022179,True,BIG B21,ביג אגח כא,ביג.ק21,Corporate Bonds,1327,BIG-B21.TA
1202290,ISPR.B1,IL0012022906,IL0012022906,True,ISPRO B1,ישפרו אגח א,ישפר.ק1,Corporate Bonds,2430,ISPR-B1.TA
1202332,GOI0335,IL0012023326,IL0012023326,True,ILGOV 4% 0335,ממשל שקלית 0335,ממשק0335,Government Bonds,926,GOI0335.TA
1202340,LURO.B1,IL0012023409,IL0012023409,True,LUZON RON B1,לוזון רונ אגח א,לורו.ק1,Corporate Bonds,2429,LURO-B1.TA
1202555,AMRM.B2,IL0012025552,IL0012025552,True,AMRAM AVRAHM B2,עמרם אברהם אגחב,עמרם.ק2,Corporate Bonds,2385,AMRM-B2.TA
1202597,LURO,IL0012025974,IL0012025974,True,LUZON RON,לוזון רונסון,לורו,Shares,2429,LURO.TA
1202647,GFI.B5,IL0012026477,IL0012026477,True,GFI B5,ג'י.אף.אי אגח ה,גיאפ.ק5,Corporate Bonds,1639,GFI-B5.TA
1202779,CRSM.B5,IL0012027798,IL0012027798,True,CARASSO MOT B5,קרסו מוט' אגח ה,קרסמ.ק5,Corporate Bonds,1585,CRSM-B5.TA
1202977,ISHO,IL0012029778,IL0012029778,True,ISRAS HOLDINGS,ישרס אחזקות,ישאח,Shares,2435,ISHO.TA
1203074,ELLO.B6,IL0012030743,IL0012030743,True,ELLOMAY B6,אלומיי אגח ו,אלומ.ק6,Corporate Bonds,2101,ELLO-B6.TA
1203082,ELLO.W2,IL0012030826,IL0012030826,True,ELLOMAY W2,אלומיי אפ 2,אלומ.א2,Warrants,2101,ELLO-W2.TA
1203157,DSMN.B16,IL0012031576,IL0012031576,True,DISCONT MAN B16,דיסק מנ אגח טז,דסקמ.ק16,Corporate Bonds,748,DSMN-B16.TA
1203181,MTRD,IL0012031816,IL0012031816,True,MEITAV TRA,מיטב טרייד,מטרה,Shares,2428,MTRD.TA
1203199,MTRD.W1,IL0012031998,IL0012031998,True,MEITAV TR W1,מיטב טרייד אפ 1,מטרה.א1,Warrants,2428,MTRD-W1.TA
1203264,OPCE.B4,IL0012032640,IL0012032640,True,OPC ENERGY B4,או.פי.סי אגח ד,אפסא.ק4,Corporate Bonds,1682,OPCE-B4.TA
1203405,AURA.B18,IL0012034059,IL0012034059,True,AURA B18,אאורה אגח יח,אארה.ק18,Corporate Bonds,373,AURA-B18.TA
1203496,PRSK.B15,IL0012034968,IL0012034968,True,PRASHKOVSKY B15,פרשקובסקי אגחטו,פרשק.ק15,Corporate Bonds,1330,PRSK-B15.TA
1203504,MGRT.B6,IL0012035049,IL0012035049,True,MGURIT B6,מגוריט אגח ו,מגרט.ק6,Corporate Bonds,1668,MGRT-B6.TA
1203553,ELCRA.B7,IL0012035536,IL0012035536,True,ELECTRA REAL B7,אלקטרהנדלן אגחז,אלקנד.ק7,Corporate Bonds,1264,ELCRA-B7.TA
1203579,GOI0927,IL0012035791,IL0012035791,True,ILGOV 0927,ממשל שקלית 0927,ממשק0927,Government Bonds,926,GOI0927.TA
1203835,KSM.F237,IL0012038357,IL0012038357,True,KSM ETF (4D) S&P 500 Equal Weight,קסם ETF י(4D)י S&P 500 Equal Weight,קסם.ס237,ETF Fund - Equity,1733,KSM-F237.TA
1203850,GCT.B18,IL0012038506,IL0012038506,True,G CITY B18,ג'י סיטי אגח יח,גיסי.ק18,Corporate Bonds,126,GCT-B18.TA
1203942,FTAL.B5,IL0012039421,IL0012039421,True,FATTAL HOLD B5,פתאל החז אגח ה,פתאל.ק5,Corporate Bonds,1621,FTAL-B5.TA
1204023,YBKB.B4,IL0012040239,IL0012040239,True,YUVALIM B4,יובלים אגח ד,יבקב.ק4,Corporate Bonds,1903,YBKB-B4.TA
1204064,AILN.W5,IL0012040643,IL0012040643,True,AXILION W5,אקסיליון אפ 5,אילנ.א5,Warrants,383,AILN-W5.TA
1204122,MWIN.B2,IL0012041229,IL0012041229,True,M.W. INV B2,מ.ו השקע אגח ב,מוהש.ק2,Corporate Bonds,2398,MWIN-B2.TA
1204189,ROTS.B12,IL0012041898,IL0012041898,True,ROTSHTEIN B12,רוטשטיין אגח יב,רשטן.ק12,Corporate Bonds,539,ROTS-B12.TA
1204296,LGTS.B4,IL0012042961,IL0012042961,True,LIGHTSTON B4,לייטסטון אגח ד,לטסט.ק4,Corporate Bonds,1630,LGTS-B4.TA
1204379,CPI1033,IL0012043795,IL0012043795,True,ILCPI1.6%1033,ממשל צמודה 1033,ממצמ1033,Government Bonds,954,CPI1033.TA
1204692,MNRV.B5,IL0012046921,IL0012046921,True,MINRAV B5,מנרב אגח ה,מנרב.ק5,Corporate Bonds,155,MNRV-B5.TA
1204718,CPLN.B4,IL0012047184,IL0012047184,True,COPPERLINE B4,קופרליין אגח ד,קפלן.ק4,Corporate Bonds,1648,CPLN-B4.TA
1204734,SRFT.B13,IL0012047341,IL0012047341,True,SARFATI B13,צרפתי אגח יג,צרפת.ק13,Corporate Bonds,425,SRFT-B13.TA
1204767,ISRG.C1,IL0012047671,IL0012047671,True,ISRAIR C1,ישראייר אג א,ישרג.ה1,Convertible Bonds,1238,ISRG-C1.TA
1204825,NVPT.B6,IL0012048257,IL0012048257,True,NAVITAS PTRO B6,נאוויטס פט אגחו,נאפט.ק6,Corporate Bonds,1688,NVPT-B6.TA
1204841,YBOX.B5,IL0012048414,IL0012048414,True,YBOX B5,וויי בוקס אגח ה,ובקס.ק5,Corporate Bonds,486,YBOX-B5.TA
1204999,AMOT.B9,IL0012049990,IL0012049990,True,AMOT B9,אמות אגח ט,אמות.ק9,Corporate Bonds,1328,AMOT-B9.TA
1205004,AMOT.B10,IL0012050048,IL0012050048,True,AMOT B10,אמות אגח י,אמות.ק10,Corporate Bonds,1328,AMOT-B10.TA
1205087,SLARL.B5,IL0012050873,IL0012050873,True,SELLA REAL B5,סלע נדלן אגח ה,סלענד.ק5,Corporate Bonds,1514,SLARL-B5.TA
1205129,ISCD.B2,IL0012051293,IL0012051293,True,ISRACARD B2,ישראכרט אגח ב,ישכט.ק2,Corporate Bonds,1773,ISCD-B2.TA
1205145,FRN1134,IL0012051459,IL0012051459,True,ILFRNO 11/34,ממשל משתנה 1134,מממש1134,Government Bonds,923,FRN1134.TA
1205475,DORL.B2,IL0012054750,IL0012054750,True,DOREL ENERGY B2,דוראל אגח ב,דורל.ק2,Corporate Bonds,1801,DORL-B2.TA
1205566,PTBL.B11,IL0012055666,IL0012055666,True,PROPE BU B11,נכסים בנ אגח יא,נכבנ.ק11,Corporate Bonds,699,PTBL-B11.TA
1205640,ILDC.B26,IL0012056409,IL0012056409,True,LAND DV B26,הכשרת ישוב אג26,הכשר.ק26,Corporate Bonds,612,ILDC-B26.TA
1205657,MTF.F126,IL0012056573,IL0012056573,True,MTF SAL (4D) Bloomberg US Analyst Recommendations,MTF סל (Bloomberg US Analyst Recommendations (4D,מטפ.ס126,ETF Fund - Equity,1735,MTF-F126.TA
1205681,TLSR.B9,IL0012056813,IL0012056813,True,THE LESER B9,דה לסר אגח ט,דלסר.ק9,Corporate Bonds,1513,TLSR-B9.TA
1205715,GCT.B19,IL0012057159,IL0012057159,True,G CITY B19,ג'י סיטי אגח יט,גיסי.ק19,Corporate Bonds,126,GCT-B19.TA
1205798,ZUR.B12,IL0012057985,IL0012057985,True,ZUR B12,צור אגח יב,צור.ק12,Corporate Bonds,730,ZUR-B12.TA
1205897,LUM.I2,IL0012058975,IL0012058975,True,LEUMI I2,לאומי אגח 2-רמ,לאמ.2רמ,Corporate Bonds TASE UP,604,LUM-I2.TA
1205913,STRW,US8631821019,IL0012059130,False,STRAWBERRY INC,סטרוברי אינק,סטרו,Shares,2438,STRW.TA
1205947,PAZ.B9,IL0012059478,IL0012059478,True,PAZ ENERGY B9,פז אנרגיה אגח ט,פז.ק9,Corporate Bonds,1363,PAZ-B9.TA
1206044,PCOK.B4,IL0012060443,IL0012060443,True,PACIFIC B4,פסיפיק אגח ד,פסוק.ק4,Corporate Bonds,1662,PCOK-B4.TA
1206473,NMCO.B4,IL0012064734,IL0012064734,True,NAMCO B4,נמקו אגח ד,נמקו.ק4,Corporate Bonds,1665,NMCO-B4.TA
1206549,YELN.F5,IL0012065491,IL0012065491,True,YLETF (4A) Tel Aviv Stock Exchange Banks IL,"ילין לפידות סל (4A) ת""א בנקים",ילינ.ס5,ETF Fund - Equity,2432,YELN-F5.TA
1206564,GAON.B5,IL0012065640,IL0012065640,True,GAON B5,גאון אחז אגח ה,גאון.ק5,Corporate Bonds,1452,GAON-B5.TA
1206580,PIDE.B3,IL0012065806,IL0012065806,True,PAI DEPOS B3,פאי פיקדון אגחג,פאיפ.ק3,Corporate Bonds,2420,PIDE-B3.TA
1206606,HGG.B14,IL0012066069,IL0012066069,True,HAGAG B14,חג'ג' אגח יד,חגג.ק14,Corporate Bonds,823,HGG-B14.TA
1206622,ENOP.B2,IL0012066226,IL0012066226,True,ENCORE OPP B2,אנקור הזד אגח ב,אנהז.ק2,Corporate Bonds,2352,ENOP-B2.TA
1206663,BLEG.B3,IL0012066630,IL0012066630,True,BLACKEDGE B3,בלאקאדג' אגח ג,בלקג.ק3,Corporate Bonds,1853,BLEG-B3.TA
1206770,HILA.B2,IL0012067703,IL0012067703,True,HILLA B2,הילה אגח ב,הילה.ק2,Corporate Bonds,1830,HILA-B2.TA
1206895,IN.FF15,IE00B60SX402,IL0012068958,False,INV.FRFRUSS2000,אינבסקו.חוץ.RUSSELL.2000,אנ.סז15,Foreign ETF - Equity,2355,IN-FF15.TA
1206937,NURI.W1,IL0012069378,IL0012069378,True,NURI W1,נור אפ 1,נור.א1,Warrants,1893,NURI-W1.TA
1206986,LUZN.B11,IL0012069865,IL0012069865,True,LUZON GROUP B11,לוזון קב אגח יא,לוזנ.ק11,Corporate Bonds,473,LUZN-B11.TA
1207141,MFRE.B1I,IL0012071416,IL0012071416,True,MICHLOL RE B1I,מכלול נד אגח1רמ,מכלנ.ק1מ,Corporate Bonds TASE UP,2439,MFRE-B1I.TA
1207158,ADGR.B13,IL0012071580,IL0012071580,True,ADGAR B13,אדגר אגח יג,אדגר.ק13,Corporate Bonds,182,ADGR-B13.TA
1207190,IN.FF14,IE00B60SWX25,IL0012071903,False,INV.FRFSTOXX50,אינבסקו.חוץEUSTOXX50UCITS,אנ.סז14,Foreign ETF - Equity,2355,IN-FF14.TA
1207208,IN.FF16,IE00BNGJJT35,IL0012072083,False,INV.FRFS&P500EW,אינבסקו.חוץS&P500EW.UCITS,אנ.סז16,Foreign ETF - Equity,2355,IN-FF16.TA
1207471,ALRP.B7,IL0012074717,IL0012074717,True,ALROV PRO B7,אלרוב נדלן אגחז,אלרנ.ק7,Corporate Bonds,387,ALRP-B7.TA
1207489,ARBE.C1,IL0012074899,IL0012074899,True,ARBE ROB C1,ארבה אג א,ארב.ה1,Convertible Bonds,1975,ARBE-C1.TA
1207513,MGDF.B13,IL0012075136,IL0012075136,True,MIGDAL FUND B31,מגדל הון אגח יג,מגדה.ק13,Corporate Bonds,1597,MGDF-B13.TA
1207521,MGDF.B14,IL0012075219,IL0012075219,True,MIGDAL FUND B14,מגדל הון אגח יד,מגדה.ק14,Corporate Bonds,1597,MGDF-B14.TA
1207604,ALTD.B2,IL0012076043,IL0012076043,True,ALTITUDE B2,אלטיטיוד אגח ב,אלטד.ק2,Corporate Bonds,1729,ALTD-B2.TA
1207752,ELCO.B14,IL0012077520,IL0012077520,True,ELCO B14,אלקו אגח יד,אלקו.ק4,Corporate Bonds,694,ELCO-B14.TA
1207836,ISCN.B8,IL0012078361,IL0012078361,True,ISRAEL CANAD B8,ישראל קנדה אגחח,ישקנ.ק8,Corporate Bonds,434,ISCN-B8.TA
1207901,MTF.F127,IL0012079013,IL0012079013,True,MTF Sal (4D) Index US Semiconductors Top10,"MTF סל (4D) אינדקס שבבים ארה""ב Top10",מטפ.ס127,ETF Fund - Equity,1735,MTF-F127.TA
1207927,SHVL.B1,IL0012079278,IL0012079278,True,SHOVAL B1,שובל אגח א,שובל.ק1,Corporate Bonds,2441,SHVL-B1.TA
1207968,SHVL,IL0012079682,IL0012079682,True,SHOVAL,שובל,שובל,Shares,2441,SHVL.TA
1207984,HRIS.B20,IL0012079849,IL0012079849,True,HAREL ISSUE B20,הראל הנפק אגח כ,הרהנ.ק20,Corporate Bonds,1367,HRIS-B20.TA
1208008,NTGR.B14,IL0012080086,IL0012080086,True,NETANEL B14,נתנאל גרופ אגיד,נתגר.ק14,Corporate Bonds,421,NTGR-B14.TA
1208339,GVYM.B11,IL0012083395,IL0012083395,True,GAV YAM B11,גב ים אגח יא,גבים.ק11,Corporate Bonds,759,GVYM-B11.TA
1208388,MWIN.B3,IL0012083882,IL0012083882,True,M.W. INV B3,מ.ו השקע אגח ג,מוהש.ק3,Corporate Bonds,2398,MWIN-B3.TA
1208453,GVNG.B2I,IL0012084534,IL0012084534,True,GAV-YAM NG B2I,גב-יםנגב אגב-רמ,גבנ.ק2רמ,Corporate Bonds TASE UP,1755,GVNG-B2I.TA
1208495,SMT.B13,IL0012084955,IL0012084955,True,SUMMIT B13,סאמיט אגח יג,סמט.ק13,Corporate Bonds,1060,SMT-B13.TA
1208511,WSDL.B3,IL0012085119,IL0012085119,True,WESTDALE B3,ווסטדייל אגח ג,וסטד.ק3,Corporate Bonds,1772,WSDL-B3.TA
1208594,BLRN.W1,IL0012085945,IL0012085945,True,BLADE RAN W1,בלייד ריינ אפ 1,בלרן.א1,Warrants,1827,BLRN-W1.TA
1208784,TDRN.B4,IL0012087842,IL0012087842,True,TADIRAN GROU B4,תדיראן גרו אגח4,תדראן.ק4,Corporate Bonds,258,TDRN-B4.TA
1208818,MMRG.B1I,IL0012088188,IL0012088188,True,MIMUN MORG B1I,מימוןמשכ אגא-רמ,משכנ.ק1מ,Corporate Bonds TASE UP,2445,MMRG-B1I.TA
1208867,GCT.B20,IL0012088675,IL0012088675,True,G CITY B20,ג'י סיטי אגח כ,גיסי.ק20,Corporate Bonds,126,GCT-B20.TA
1208933,GSHM.B1,IL0012089335,IL0012089335,True,GEHSEM BI,גשם למשתכן אגחא,גשממ.ק1,Corporate Bonds,2440,GSHM-B1.TA
1209014,ORSY.B5,IL0012090143,IL0012090143,True,ORSY B5,אורשי אגח ה,ארשי.ק5,Corporate Bonds,1696,ORSY-B5.TA
1209063,HILA.B3,IL0012090630,IL0012090630,True,HILLA B3,הילה אגח ג,הילה.ק3,Corporate Bonds,1830,HILA-B3.TA
1209113,HRPK.B4,IL0012091133,IL0012091133,True,HAREL EXCHA B4,הראל פיקד אגח ד,הרפק.ק4,Corporate Bonds,1781,HRPK-B4.TA
1209170,MDG.B7,IL0012091703,IL0012091703,True,MDG REAL EST B7,אמ.די.ג'י אגח ז,אמדג.ק7,Corporate Bonds,1632,MDG-B7.TA
1209220,IN.FF17,IE000716YHJ7,IL0012092206,False,INV.FRFFTSEAW,אינבסקו.חוץ.FTSEALLWORLD,אנ.סז17,Foreign ETF - Equity,2355,IN-FF17.TA
1209253,AZRL.B9,IL0012092537,IL0012092537,True,AZRIELI B9,עזריאלי אגח ט,עזרל.ק9,Corporate Bonds,1420,AZRL-B9.TA
1209279,AVDP.B1,IL0012092792,IL0012092792,True,AVIAD DEPO B1,אביעד פקדוןאגחא,אבפק.ק1,Corporate Bonds,2446,AVDP-B1.TA
1209295,RTSN.B3,IL0012092958,IL0012092958,True,ROTEM SHANI B3,רותם שני אגח ג,רתשנ.ק3,Corporate Bonds,1797,RTSN-B3.TA
1209303,RTSN.W2,IL0012093030,IL0012093030,True,ROTEM SHANI W2,רותם שני אפ 2,רתשנ.א2,Warrants,1797,RTSN-W2.TA
1209436,ADRT.B2,IL0012094368,IL0012094368,True,RAM ADERET B2,רם אדרת אגח ב,אדרת.ק2,Corporate Bonds,2418,ADRT-B2.TA
1209444,IBI.F182,IL0012094442,IL0012094442,True,I.B.I. SAL (4A) TA-90 IL,"אי.בי.אי. סל (4A) ת""א-90",IBI.ס182,ETF Fund - Equity,1750,IBI-F182.TA
1209477,TSG,IL0012094772,IL0012094772,True,TSG,טיאסג'י,טסגי,Shares,2444,TSG.TA
1209824,BRIH.C1,IL0012098245,IL0012098245,True,RAV BARIACH C1,רב בריח אג א,בריח.ה1,Convertible Bonds,1949,BRIH-C1.TA
1209899,STRW.B1,IL0012098997,IL0012098997,True,STBRY INC B1,סטרברי אנ אגח א,סטרו.ק1,Corporate Bonds,2438,STRW-B1.TA
1210152,KRDI,IL0012101528,IL0012101528,True,KARDEN ISRAEL,קרדן ישראל,קרדי,Shares,121,KRDI.TA
1210202,KRIS.B5,IL0012102021,IL0012102021,True,KARDAN ISRA B5,קרדן אגח ה,קריש.ק5,Corporate Bonds,121,KRIS-B5.TA
1210236,SFRN.B2,IL0012102369,IL0012102369,True,SUFRIN B2,סופרין אגח ב,ספרן.ק2,Corporate Bonds,1974,SFRN-B2.TA
1210244,DIF.12-I,IL0012102443,IL0012102443,True,DIRECTINS B12-I,ביט ישיראגיב-רמ,בטש.12-מ,Corporate Bonds TASE UP,1089,DIF-12-I.TA
1210327,CRDT.B1,IL0012103276,IL0012103276,True,CREDITO IPOS B1,קרדיטו אגח א,קרדט.ק1,Corporate Bonds,2425,CRDT-B1.TA
1210384,ELDP.B10,IL0012103847,IL0012103847,True,ELLA DEPO B10,אלה פקדון אגח י,אלפק.ק10,Corporate Bonds,1697,ELDP-B10.TA
1210442,MDIN.C2,IL0012104423,IL0012104423,True,MODIIN C2,מודיעין אג ב,מדע.ה2,Convertible Bonds,345,MDIN-C2.TA
1210483,GSED.B2,IL0012104837,IL0012104837,True,GSE B2,ג'י.אס.אי אגח ב,גסאפ.ק2,Corporate Bonds,2427,GSED-B2.TA
1210541,GLDP.B2,IL0012105412,IL0012105412,True,GILAD DEPO B2,גלעד פקדון אגחב,גלפק.ק2,Corporate Bonds,1736,GLDP-B2.TA
1210947,AFPR.B16,IL0012109471,IL0012109471,True,AFI PROP B16,אפי נכסים אגחטז,אפנכ.ק16,Corporate Bonds,1172,AFPR-B16.TA
1211010,SPRD.B1,IL0012110107,IL0012110107,True,SAPIR DEPO B1,ספיר פקדון אגחא,ספרפ.ק1,Corporate Bonds,2433,SPRD-B1.TA
1211036,RIMON.B1,IL0012110362,IL0012110362,True,RIMON B1,רימון אגח א,רימון.ק1,Corporate Bonds,1928,RIMON-B1.TA
1211069,DSMN.B10,IL0012110693,IL0012110693,True,DISCOUNT MN B10,דיסקונט מנ נד י,דסקמ.ק10,Corporate Bonds,748,DSMN-B10.TA
1211283,MGOR.B12,IL0012112830,IL0012112830,True,MEGA OR B12,מגה אור אגח יב,מגאר.ק12,Corporate Bonds,1450,MGOR-B12.TA
1211358,ALMA.B11,IL0012113580,IL0012113580,True,ALMOGIM B11,אלמוגים אגח יא,אלמג.ק11,Corporate Bonds,1553,ALMA-B11.TA
1211416,NOFR.B4,IL0012114166,IL0012114166,True,NOFAR ENRG B4,נופר אנרג אגח ד,נופר.ק4,Corporate Bonds,1831,NOFR-B4.TA
1211457,MEDN.B1,IL0012114570,IL0012114570,True,MEHADRIN B1,מהדרין אגח א,מהדרן.ק1,Corporate Bonds,686,MEDN-B1.TA
1211515,PTEN.B2,IL0012115155,IL0012115155,True,PETRO ENRG B2,תשת אנרג אגח ב,תשן.ק2,Corporate Bonds,1809,PTEN-B2.TA
1211556,FORTY.B4,IL0012115569,IL0012115569,True,FORMULA B4,פורמולה אגח ד,פרמלה.ק4,Corporate Bonds,256,FORTY-B4.TA
1211564,ARPT.B12,IL0012115643,IL0012115643,True,AIRPORT B12,ארפורט אגח יב,ארפט.ק12,Corporate Bonds,1300,ARPT-B12.TA
1211606,DIR.B11,IL0012116062,IL0012116062,True,DIMRI B11,דמרי אגח יא,דמרי.ק11,Corporate Bonds,1193,DIR-B11.TA
1211648,SILV.B3,IL0012116484,IL0012116484,True,SILVER PROP B3,סילברסטין אגח ג,סילב.ק3,Corporate Bonds,1737,SILV-B3.TA
1211655,MDG.B8,IL0012116559,IL0012116559,True,MDG REAL EST B8,אמ.די.ג'י אגח ח,אמדג.ק8,Corporate Bonds,1632,MDG-B8.TA
1211747,POLI.B1I,IL0012117474,IL0012117474,True,POALIM B1-I,פועלים אגח 1-רמ,פעל.ק1רמ,Corporate Bonds TASE UP,662,POLI-B1I.TA
1211770,AVGD.B3,IL0012117706,IL0012117706,True,AVGAD B3,אב-גד אגח ג,אבגד.ק3,Corporate Bonds,1829,AVGD-B3.TA
1211796,GBPR.B15,IL0012117961,IL0012117961,True,GABAY PROP B15,גבאי מניבאגח טו,גבמנ.ק15,Corporate Bonds,771,GBPR-B15.TA
1211887,ALMD.B3I,IL0012118878,IL0012118878,True,ALMADEV B3-I,עלמדב אגח ג-רמ,עלמד.ק3מ,Corporate Bonds TASE UP,1753,ALMD-B3I.TA
1211937,BRND.B2,IL0012119371,IL0012119371,True,BRAND B2,ברנד אגח ב,ברנד.ק2,Corporate Bonds,536,BRND-B2.TA
1211986,BZN.B15,IL0012119868,IL0012119868,True,BAZAN B15,בזן אגח טו,בזן.ק15,Corporate Bonds,259,BZN-B15.TA
1212331,ARIN.B2,IL0012123316,IL0012123316,True,ARI REAL ES B2,ארי נדלן אגח ב,ארינ.ק2,Corporate Bonds,366,ARIN-B2.TA
1212349,ARIN.W1,IL0012123498,IL0012123498,True,ARI REAL ES W1,ארי נדלן אפ 1,ארינ.א1,Warrants,366,ARIN-W1.TA
1212455,BLDI.B1,IL0012124553,IL0012124553,True,BALADI B1,בלדי אגח 1,בלדי.ק1,Corporate Bonds,2450,BLDI-B1.TA
1212489,EFCP.B4,IL0012124892,IL0012124892,True,EFFI CAP B4,אפי קפיטל אגח ד,אפקפ.ק4,Corporate Bonds,1979,EFCP-B4.TA
1212539,BLDI,IL0012125394,IL0012125394,True,BALADI,בלדי,בלדי,Shares,2450,BLDI.TA
1212547,MSHR.B10,IL0012125477,IL0012125477,True,MISHORIM B10,מישורים אגח י,מישר.ק10,Corporate Bonds,1467,MSHR-B10.TA
1212588,LGTS.B5,IL0012125881,IL0012125881,True,LIGHTSTON B5,לייטסטון אגח ה,לטסט.ק5,Corporate Bonds,1630,LGTS-B5.TA
1212646,ROTS.B13,IL0012126467,IL0012126467,True,ROTSHTEIN B13,רוטשטיין אגח יג,רשטן.ק13,Corporate Bonds,539,ROTS-B13.TA
1212679,MLRN.B5,IL0012126798,IL0012126798,True,MLRN B5,מלרן אגח ה,מלרן.ק5,Corporate Bonds,1787,MLRN-B5.TA
1212695,MYDS.B5,IL0012126954,IL0012126954,True,MYDAS B5,מידאס אגח ה,מדאס.ק5,Corporate Bonds,544,MYDS-B5.TA
1212752,GCT.B21,IL0012127523,IL0012127523,True,G CITY B21,ג'י סיטי אגח כא,גיסי.ק21,Corporate Bonds,126,GCT-B21.TA
1212794,MTF.F131,IL0012127945,IL0012127945,True,MTF Sal (4A) S&P Israel 100 (ILS) IL,MTF סל S&P Israel 100 (ILS) (4A),מטפ.ס131,ETF Fund - Equity,1735,MTF-F131.TA
1212851,SPNR.B5,IL0012128513,IL0012128513,True,SPENCER B5,ספנסר אגח ה,ספנר.ק5,Corporate Bonds,1628,SPNR-B5.TA
1212869,SPNR.B6,IL0012128695,IL0012128695,True,SPENCER B6,ספנסר אגח ו,ספנר.ק6,Corporate Bonds,1628,SPNR-B6.TA
1212893,GOI0829,IL0012128935,IL0012128935,True,ILGOV 0829,ממשל שקלית 0829,ממשק0829,Government Bonds,926,GOI0829.TA
1213214,NMCO.B5,IL0012132143,IL0012132143,True,NMCO B5,נמקו אגח ה,נמקו.ק5,Corporate Bonds,1665,NMCO-B5.TA
1213396,BSLR.B10,IL0012133968,IL0012133968,True,BLUE SQ RES B10,רבוע נדלן אגח י,רבנד.ק10,Corporate Bonds,1349,BSLR-B10.TA
1213420,TCH.F178,IL0012134206,IL0012134206,True,Tachlit SAL (4A) Index World Quality U.S.D Hedged,תכלית סל (4A)י World Quality iNDEX מנוטרלת דולר,תכל.ס178,ETF Fund - Equity,1734,TCH-F178.TA
1213453,ELDP.B11,IL0012134537,IL0012134537,True,ELLA DEPO B11,אלה פקדון אגחיא,אלפק.ק11,Corporate Bonds,1697,ELDP-B11.TA
1213461,TCH.F177,IL0012134610,IL0012134610,True,Tachlit Sal (0A) Rated Wide Spread IL,תכלית סל (0A) אינדקס מדורג פיזור רחב,תכל.ס177,ETF - Bonds,1734,TCH-F177.TA
1213503,PPLS.B1,IL0012135039,IL0012135039,True,PI PLUS B1,פאי פלוס אגח א,פלוס.ק1,Corporate Bonds,2454,PPLS-B1.TA
1213537,SHOM.B5,IL0012135377,IL0012135377,True,SHOHAM BUSI B5,שוהם ביזנס אגחה,שוהם.ק5,Corporate Bonds,1071,SHOM-B5.TA
1213594,HRL.F233,IL0012135948,IL0012135948,True,Harel Sal (4A) TA - 90 & Banks IL,"הראל סל (4A) ת""א 90 ובנקים",הרל.ס233,ETF Fund - Equity,1747,HRL-F233.TA
1213750,RMOT.B3,IL0012137506,IL0012137506,True,RAMOT CITY B3,רמות בעיר אגח ג,רמות.ק3,Corporate Bonds,1724,RMOT-B3.TA
1213834,GRST.B1,IL0012138348,IL0012138348,True,GREYSTONE B1,גרייסטון אגח א,גרסט.ק1,Corporate Bonds,2453,GRST-B1.TA
1213883,MZIS.B70,IL0012138835,IL0012138835,True,MIZ TF ISSU B70,מז טפ הנ אגח 70,מזהנ.ק70,Corporate Bonds,231,MZIS-B70.TA
1213891,MZIS.B71,IL0012138918,IL0012138918,True,MIZ TF ISSU B71,מז טפ הנפ הת 71,מזהנ.ק71,Corporate Bonds,231,MZIS-B71.TA
1214121,POL.B12,IL0012141219,IL0012141219,True,POALIM B12,פועלים הת נד יב,פעל.ק12,Corporate Bonds,662,POL-B12.TA
1214139,POL.B13,IL0012141391,IL0012141391,True,POALIM B13,פועלים הת נד יג,פעל.ק13,Corporate Bonds,662,POL-B13.TA
1214360,HRIN.B1,IL0012143603,IL0012143603,True,HAREL INT B1,הראל ריב אגח א,הריב.ק1,Corporate Bonds,2457,HRIN-B1.TA
1214428,ECNR.B2,IL0012144288,IL0012144288,True,ECONERGY B2,אקונרג'י אגח ב,אקנר.ק2,Corporate Bonds,1891,ECNR-B2.TA
1214451,PPLS.B2,IL0012144510,IL0012144510,True,PI PLUS B2,פאי פלוס אגח ב,פלוס.ק2,Corporate Bonds,2454,PPLS-B2.TA
1214501,GLDP.B3,IL0012145012,IL0012145012,True,GILAD DEPO B3,גלעד פקדון אגחג,גלפק.ק3,Corporate Bonds,1736,GLDP-B3.TA
1214592,AVDP.B2,IL0012145921,IL0012145921,True,AVIAD DEPO B2,אביעד פקדוןאגחב,אבפק.ק2,Corporate Bonds,2446,AVDP-B2.TA
1214626,MYTN.B1,IL0012146267,IL0012146267,True,MY TOWN B1,מיי טאון אגח א,מייט.ק1,Corporate Bonds,2449,MYTN-B1.TA
1214675,MCLL.B2,IL0012146754,IL0012146754,True,MICHLOL FIN B2,מכלול אגח ב,מכלל.ק2,Corporate Bonds,1944,MCLL-B2.TA
1214790,SRAC.B3,IL0012147901,IL0012147901,True,S.R ACCORD B3,אסאר אקורד אגחג,אסאק.ק3,Corporate Bonds,422,SRAC-B3.TA
1214816,GCT.W11,IL0012148164,IL0012148164,True,G CITY W11,ג'י סיטי אופ 11,גיסי.א11,Warrants,126,GCT-W11.TA
1214832,SOLR.B2,IL0012148321,IL0012148321,True,SOLAER B2,סולאיר אגח ב,סלאר.ק2,Corporate Bonds,1848,SOLR-B2.TA
1214865,SMBR.B1,IL0012148651,IL0012148651,True,SHMUEL BR B1,שמואל בר אגח א,שמבר.ק1,Corporate Bonds,2456,SMBR-B1.TA
1214881,YBOX.B6,IL0012148818,IL0012148818,True,YBOX T6,וויי בוקס אגח ו,ובקס.ק6,Corporate Bonds,486,YBOX-B6.TA
1214964,GNRS.C4,IL0012149642,IL0012149642,True,GENERATION C C4,ג'נרישן קפ אגחד,גנרש.ה4,Convertible Bonds,1769,GNRS-C4.TA
1215029,LUM.I3,IL0012150293,IL0012150293,True,LEUMI I3,לאומי אגח 3-רמ,לאמ.3רמ,Corporate Bonds TASE UP,604,LUM-I3.TA
1215037,GLDP.B4,IL0012150376,IL0012150376,True,GILAD DEPO B4,גלעד פקדון אגחד,גלפק.ק4,Corporate Bonds,1736,GLDP-B4.TA
1215078,KSTN.B2,IL0012150780,IL0012150780,True,KEYSTONE B2,קיסטון אינ אגחב,קסטנ.ק2,Corporate Bonds,1904,KSTN-B2.TA
1215094,MSLA.B8,IL0012150947,IL0012150947,True,MASLAVI B8,מצלאוי אגח ח,מצלא.ק8,Corporate Bonds,1484,MSLA-B8.TA
1215110,BLEG.B4,IL0012151101,IL0012151101,True,BLACKEDGE B4,בלאקאדג' אגח ד,בלקג.ק4,Corporate Bonds,1853,BLEG-B4.TA
1215136,ARF.B3,IL0012151366,IL0012151366,True,ASHDOD REFIN B3,בית זיקוק אגח 3,בזא.ק3,Corporate Bonds,1361,ARF-B3.TA
1215193,MFRE.B2I,IL0012151937,IL0012151937,True,MICHLOL RE B2I,מכלול נד אגח2רמ,מכלנ.ק2מ,Corporate Bonds TASE UP,2439,MFRE-B2I.TA
1215219,ESLY.B2,IL0012152190,IL0012152190,True,JORDAN ESHEL B2,אשל הירדן אגח ב,אשלי.ק2,Corporate Bonds,2396,ESLY-B2.TA
1215243,MDG.B9,IL0012152430,IL0012152430,True,MDG REAL EST B9,אמ.די.ג'י אגח ט,אמדג.ק9,Corporate Bonds,1632,MDG-B9.TA
1215268,MSHN.B1I,IL0012152687,IL0012152687,True,MSHN B1I,ממון משהנ אג1רמ,משהנ.ק1מ,Corporate Bonds TASE UP,2460,MSHN-B1I.TA
1215300,SUNL.B1I,IL0012153008,IL0012153008,True,SUN LIGHT B1I,קרן שמש אגחא-רמ,קשמש.ק1מ,Corporate Bonds TASE UP,2462,SUNL-B1I.TA
1215763,ISPR.B2,IL0012157637,IL0012157637,True,ISPRO B2,ישפרו אגח ב,ישפר.ק2,Corporate Bonds,2430,ISPR-B2.TA
1215771,IBI.F183,IL0012157710,IL0012157710,True,I.B.I. SAL (4A) TA-Insurance IL,"אי.בי.אי. סל (4A) ת""א-ביטוח",IBI.ס183,ETF Fund - Equity,1750,IBI-F183.TA
1215862,AMRM.B3,IL0012158627,IL0012158627,True,AMRAM AVRAHM B3,עמרם אברהם אגחג,עמרם.ק3,Corporate Bonds,2385,AMRM-B3.TA
1215896,DUNI.B3,IL0012158965,IL0012158965,True,DUNIEC B3,דוניץ אגח ג,דונץ.ק3,Corporate Bonds,400,DUNI-B3.TA
1215953,DSMN.B17,IL0012159534,IL0012159534,True,DISCONT MAN B17,דיסק מנ אגח יז,דסקמ.ק17,Corporate Bonds,748,DSMN-B17.TA
1215961,SHVL.W1,IL0012159617,IL0012159617,True,SHOVAL ENG W1,שובל הנדסה אפ 1,שובל.א1,Warrants,2441,SHVL-W1.TA
1216027,ALBR.B21,IL0012160276,IL0012160276,True,ALBR B21,אלבר אגח כא,אלבר.ק21,Corporate Bonds,1382,ALBR-B21.TA
1216035,ALBR.B22,IL0012160359,IL0012160359,True,ALBR B22,אלבר אגח כב,אלבר.ק22,Corporate Bonds,1382,ALBR-B22.TA
1216043,NVPT.B7,IL0012160433,IL0012160433,True,NAVITAS PTRO B7,נאוויטס אגח ז,נאפט.ק7,Corporate Bonds,1688,NVPT-B7.TA
1216118,AZRT.B3,IL0012161183,IL0012161183,True,REIT AZORIM B3,ריט אזורים אגחג,אזרט.ק3,Corporate Bonds,1794,AZRT-B3.TA
1216183,PPLS.B3,IL0012161837,IL0012161837,True,PI PLUS B3,פאי פלוס אגח ג,פלוס.ק3,Corporate Bonds,2454,PPLS-B3.TA
1216233,CRSR.B2,IL0012162330,IL0012162330,True,CARASSO RE B2,קרסו נדלן אגח ב,קרסנ.ק2,Corporate Bonds,2384,CRSR-B2.TA
1216241,VYNA.B7,IL0012162413,IL0012162413,True,VITANIA B7,ויתניה אגח ז,ויתנה.ק7,Corporate Bonds,1515,VYNA-B7.TA
1216274,CRDT.B2I,IL0012162744,IL0012162744,True,CREDITO IP B2-1,קרדיטו אגח ב-רמ,קרדט.ק2מ,Corporate Bonds TASE UP,2425,CRDT-B2I.TA
1216282,PIES.W1,IL0012162827,IL0012162827,True,PIE SIAM W1,פאי סיאם אפ 1,פיאס.א1,Warrants,2344,PIES-W1.TA
1216373,MGDO.B1,IL0012163734,IL0012163734,True,MEGIDO B1,מגידו אגח א,מגדו.ק1,Corporate Bonds,2458,MGDO-B1.TA
1216423,LUM.B406,IL0012164237,IL0012164237,True,LEUMI B406,לאומי התח נד406,לאמ.ק406,Corporate Bonds,604,LUM-B406.TA
1216449,YBKB.B5,IL0012164492,IL0012164492,True,YUVALIM B5,יובלים אגח ה,יבקב.ק5,Corporate Bonds,1903,YBKB-B5.TA
1216480,TCH.F181,IL0012164807,IL0012164807,True,Tachlit SAL (00) Kosher Tel Bond 60 CPI-Linked IL,תכלית סל (00) כשרה תל בונד 60 צמודות,תכל.ס181,ETF - Bonds,1734,TCH-F181.TA
1216514,LGTS.B6,IL0012165143,IL0012165143,True,LIGHTSTON B6,לייטסטון אגח ו,לטסט.ק6,Corporate Bonds,1630,LGTS-B6.TA
1216555,PIES.B2,IL0012165556,IL0012165556,True,PIE SIAM B2,פאי סיאם אגח ב,פאיס.ק2,Corporate Bonds,2344,PIES-B2.TA
1216589,GLDP.B6,IL0012165895,IL0012165895,True,GILAD DEPO B6,גלעד פקדון אגחו,גלפק.ק6,Corporate Bonds,1736,GLDP-B6.TA
1216605,MGDO,IL0012166059,IL0012166059,True,MEGIDO,מגידו,מגדו,Shares,2458,MGDO.TA
1216621,MGRT.B7,IL0012166216,IL0012166216,True,MEGURIT B7,מגוריט אגח ז,מגרט.ק7,Corporate Bonds,1668,MGRT-B7.TA
1216647,HGG.B15,IL0012166471,IL0012166471,True,HAGAG B15,חג'ג' אגח טו,חגג.ק15,Corporate Bonds,823,HGG-B15.TA
1216654,HGG.W1,IL0012166547,IL0012166547,True,HAGAG W1,חג'ג' אפ 1,חגג.א1,Warrants,823,HGG-W1.TA
1216662,BLDI.W1,IL0012166620,IL0012166620,True,BALADI W1,בלדי אפ 1,בלדי.א1,Warrants,2450,BLDI-W1.TA
1216720,MNIF.B3,IL0012167206,IL0012167206,True,MENIF B3,מניף אגח ג,מניף.ק3,Corporate Bonds,1828,MNIF-B3.TA
1216746,BRKT.B1,IL0012167461,IL0012167461,True,BAREKET CAP B1,ברקת קפ אגח א,ברקת.ק1,Corporate Bonds,1940,BRKT-B1.TA
1217173,ELDP.B12,IL0012171737,IL0012171737,True,ELLA DEPO B12,אלה פקדון אגחיב,אלפק.ק12,Corporate Bonds,1697,ELDP-B12.TA
1217215,MDIN.B3,IL0012172156,IL0012172156,True,MODIIN B3,מודיעין אגח ג,מדע.ק3,Corporate Bonds,345,MDIN-B3.TA
1217256,MWIN.B4,IL0012172560,IL0012172560,True,M.W. INV B4,מ.ו השקע אגח ד,מוהש.ק4,Corporate Bonds,2398,MWIN-B4.TA
1217280,AILN.W7,IL0012172800,IL0012172800,True,AXILION W7,אקסיליון אפ 7,אילנ.א7,Warrants,383,AILN-W7.TA
1217314,ADRT.B3,IL0012173147,IL0012173147,True,RAM ADERET B3,רם אדרת אגח ג,אדרת.ק3,Corporate Bonds,2418,ADRT-B3.TA
1217355,MNRV.B6,IL0012173550,IL0012173550,True,MINRAV B6,מנרב אגח ו,מנרב.ק6,Corporate Bonds,155,MNRV-B6.TA
1217363,NTGR.B15,IL0012173634,IL0012173634,True,NETANEL B15,נתנאל גרופ אגטו,נתגר.ק15,Corporate Bonds,421,NTGR-B15.TA
1217389,DLKG.B40,IL0012173899,IL0012173899,True,DELEK GRP B40,דלק קב אגח מ,דלקב.ק40,Corporate Bonds,1095,DLKG-B40.TA
1217421,EFFI.B5,IL0012174210,IL0012174210,True,EFFI CAP B5,אפי קפיטל אגח ה,אפקפ.ק5,Corporate Bonds,1979,EFFI-B5.TA
1217488,SHVL.B2,IL0012174889,IL0012174889,True,SHOVAL B2,שובל אגח ב,שובל.ק2,Corporate Bonds,2441,SHVL-B2.TA
1217538,ELLO.B7,IL0012175381,IL0012175381,True,ELLOMAY B7,אלומיי אגח ז,אלומ.ק7,Corporate Bonds,2101,ELLO-B7.TA
1217553,KARE.B6,IL0012175530,IL0012175530,True,KARDAN REAL B6,קרדן נדלן אגח ו,קרנד.ק6,Corporate Bonds,1083,KARE-B6.TA
1217561,MTF.F128,IL0012175613,IL0012175613,True,MTF Sal (4D) iNDEX US Top10 Pure Cyber Security,MTF סל (4D) אינדקס US Top10 Pure Cyber Security,מטפ.ס128,ETF Fund - Equity,1735,MTF-F128.TA
1217611,PRPD.B1,IL0012176116,IL0012176116,True,PROPDO B1,פרופדו אגח א,פרפד.ק1,Corporate Bonds,2389,PRPD-B1.TA
1217660,MSKE.B2,IL0012176603,IL0012176603,True,MESHEK ENRG B2,משק אנרג אגח ב,משקא.ק2,Corporate Bonds,1803,MSKE-B2.TA
1217694,MDTR.B7,IL0012176942,IL0012176942,True,MEDITR TOWER B7,מגדלי תיכוןאגחז,מגתכ.ק7,Corporate Bonds,1614,MDTR-B7.TA
1217702,ELAD,IL0012177023,IL0012177023,True,ELAD SOFTWARE,אלעד תוכנה,אלעד,Shares,2463,ELAD.TA
1217785,IDNT.W4,IL0012177858,IL0012177858,True,IDENTI W4,איידנטי אפ 4,אדנט.א4,Warrants,1921,IDNT-W4.TA
1217835,TCH.F179,IL0012178351,IL0012178351,True,Tachlit SAL (4D) CME CF Bitcoin Reference Rate (BRRNY),תכלית סל (4D)י CME CF Bitcoin Reference Rate (BRRNY),תכל.ס179,ETF - Bonds,1734,TCH-F179.TA
1217843,IBI.F184,IL0012178435,IL0012178435,True,I.B.I. SAL (4A) Index Israeli Mid Cap & Banks IL,אי.בי.אי. סל (4A) אינדקס מיד קאפ ובנקים בישראל,IBI.ס184,ETF Fund - Equity,1750,IBI-F184.TA
1217892,ALMA.B12,IL0012178922,IL0012178922,True,ALMOGIM B12,אלמוגים אגח יב,אלמג.ק12,Corporate Bonds,1553,ALMA-B12.TA
1217918,SOLR.W1,IL0012179185,IL0012179185,True,SOLAER W1,סולאיר אפ 1,סלאר.א1,Warrants,1848,SOLR-W1.TA
1217959,LEVI.B6,IL0012179599,IL0012179599,True,LEVNSTEN ENG B6,לונשטן הנד אגחו,לשטן.ק6,Corporate Bonds,573,LEVI-B6.TA
1217975,PRIM.B3,IL0012179755,IL0012179755,True,PRIME ENERGY B3,פריים אנרג אגחג,פרים.ק3,Corporate Bonds,1871,PRIM-B3.TA
1218007,BONI.B22,IL0012180076,IL0012180076,True,BONI TICHON B22,בוני תכון אגחכב,בנתכ.ק22,Corporate Bonds,531,BONI-B22.TA
1218023,MDG.B10,IL0012180233,IL0012180233,True,MDG REAL ES B10,אמ.די.ג'י אגח י,אמדג.ק10,Corporate Bonds,1632,MDG-B10.TA
1218122,ENLT.B7,IL0012181223,IL0012181223,True,ENLIGHT B7,אנלייט אנר אגחז,אנלט.ק7,Corporate Bonds,720,ENLT-B7.TA
1218130,ENLT.C8,IL0012181306,IL0012181306,True,ENLIGHT C8,אנלייט אנ אג ח,אנלט.ה8,Convertible Bonds,720,ENLT-C8.TA
1218171,CNGL.B1,IL0012181710,IL0012181710,True,CANADA GLOB B1,קנדה גלוב אגח א,קנגל.ק1,Corporate Bonds,106,CNGL-B1.TA
1218189,CNGL.W1,IL0012181892,IL0012181892,True,CANADA GLOB W1,קנדה גלובל אפ 1,קנגל.אפ1,Warrants,106,CNGL-W1.TA
1218205,GLTL.C4,IL0012182056,IL0012182056,True,GILAT TELE C4,גילת טלקום אג ד,גלטל.ה4,Convertible Bonds,1006,GLTL-C4.TA
1218221,RMOT.B4,IL0012182213,IL0012182213,True,RAMOT CITY B4,רמות בעיר אגח ד,רמות.ק4,Corporate Bonds,1724,RMOT-B4.TA
1218635,EXTD.B5,IL0012186354,IL0012186354,True,EXTELL B5,אקסטל אגח ה,אקסטד.ק5,Corporate Bonds,1622,EXTD-B5.TA
1218650,YESD.C2,IL0012186503,IL0012186503,True,YESODOT C2,יסודות אג ב,יסוד.ה2,Convertible Bonds,2386,YESD-C2.TA
1218676,IBID.B1,IL0012186768,IL0012186768,True,IBI DEPO B1,איביאי פק אגח א,אבאפ.ק1,Corporate Bonds,2467,IBID-B1.TA
1218718,PPLS.B4,IL0012187188,IL0012187188,True,PI PLUS B4,פאי פלוס אגח ד,פלוס.ק4,Corporate Bonds,2454,PPLS-B4.TA
1218767,GFI.B6,IL0012187675,IL0012187675,True,GFI B6,ג'י.אף.אי אגח ו,גיאפ.ק6,Corporate Bonds,1639,GFI-B6.TA
1218783,HRIN.B2,IL0012187832,IL0012187832,True,HAREL INT B2,הראל ריב אגח ב,הריב.ק2,Corporate Bonds,2457,HRIN-B2.TA
1218833,HGGE.B5,IL0012188335,IL0012188335,True,HAGAG EURO B5,חגג אירופה אגחה,חגגא.ק5,Corporate Bonds,1722,HGGE-B5.TA
1218841,HGGE.W1,IL0012188418,IL0012188418,True,HAGAG EURO W1,חגג אירופה אפ 1,חגגא.א1,Warrants,1722,HGGE-W1.TA
1218916,ANLT.F1,IL0012189168,IL0012189168,True,ATF ETF (4D) S&P 500,ATF סל (4D)י S&P 500,אנלט.ס1,ETF Fund - Equity,2466,ANLT-F1.TA
1218924,ANLT.F2,IL0012189242,IL0012189242,True,ATF ETF (4A) S&P 500 Currency Hedged,"ATF סל (4A)י S&P 500 מנוטרלת מט""ח",אנלט.ס2,ETF Fund - Equity,2466,ANLT-F2.TA
1218965,NYAX.B1,IL0012189655,IL0012189655,True,NAYAX B1,נאייקס אגח א,ניקס.ק1,Corporate Bonds,1894,NYAX-B1.TA
1218973,RANI.B4,IL0012189739,IL0012189739,True,RANI ZIM B4,רני צים אגח ד,רנצם.ק4,Corporate Bonds,1588,RANI-B4.TA
1218981,NYAX.W1,IL0012189812,IL0012189812,True,NAYAX W1,נאייקס אפ 1,ניקס.א1,Warrants,1894,NYAX-W1.TA
1219039,SPRD.B2,IL0012190398,IL0012190398,True,SAPIR DEPO B2,ספיר פקדון אגחב,ספרפ.ק2,Corporate Bonds,2433,SPRD-B2.TA
1219112,GLDP.B5,IL0012191123,IL0012191123,True,GILAD DEPO B5,גלעד פקדון אגחה,גלפק.ק5,Corporate Bonds,1736,GLDP-B5.TA
1219161,IMED.W1,IL0012191610,IL0012191610,True,IMED W1,אימד אפ 1,אימד.א1,Warrants,1833,IMED-W1.TA
1219286,FTEU.B6,IL0012192865,IL0012192865,True,FATTAL EURO B6,פתאל אירו אגח ו,פתאר.ק6,Corporate Bonds,1661,FTEU-B6.TA
1219294,MTF.F125,IL0012192949,IL0012192949,True,MTF Sal (0D) Index US Gov 10Y Fixed Duration,"MTF סל (0D) אינדקס אג""ח ממשלת ארה""ב - מח""מ 10 קבוע",מטפ.ס125,ETF - Bonds,1735,MTF-F125.TA
1219310,MLRN.B6,IL0012193103,IL0012193103,True,MLRN B6,מלרן אגח ו,מלרן.ק6,Corporate Bonds,1787,MLRN-B6.TA
1219336,YOZM.B1,IL0012193368,IL0012193368,True,YOZMOT B1,יוזמות אגח א,יוזמ.ק1,Corporate Bonds,2464,YOZM-B1.TA
1219369,MNMO.B9,IL0012193699,IL0012193699,True,MNORA MIV HO B9,מנורה הון התח ט,מנמה.ק9,Corporate Bonds,1431,MNMO-B9.TA
1219518,MRPK.B1,IL0012195181,IL0012195181,True,MERAV DEPO B1,מרב פקדון אגח א,מרפק.ק1,Corporate Bonds,2465,MRPK-B1.TA
1220128,DIFI.B7,IL0012201286,IL0012201286,True,DIRECT FINAN B7,מימון ישיר אגחז,מישק.ק7,Corporate Bonds,1675,DIFI-B7.TA
1220151,KSM.F239,IL0012201518,IL0012201518,True,KSM ETF (4A) Israel 100 Profitability Equally Weighted iNDEX IL,קסם ETF י(4A) אינדקס ישראל 100 רווחיות משקל שווה,קסם.ס239,ETF Fund - Equity,1733,KSM-F239.TA
1220193,DORL.B3,IL0012201930,IL0012201930,True,DOREL ENERGY B3,דוראל אגח ג,דורל.ק3,Corporate Bonds,1801,DORL-B3.TA
1220326,SMNR.C1,IL0012203266,IL0012203266,True,SHEMEN C 1,שמן נדלן אג 1,שמנד.ה1,Convertible Bonds,634,SMNR-C1.TA
1220334,PNCP.B16,IL0012203340,IL0012203340,True,PHONIX B16,פניקס הון אגחטז,פנהס.ק16,Corporate Bonds,1527,PNCP-B16.TA
1220342,PNCP.B17,IL0012203423,IL0012203423,True,PHONIX B17,פניקס הון אגחיז,פנהס.ק17,Corporate Bonds,1527,PNCP-B17.TA
1220383,AFPR.B17,IL0012203837,IL0012203837,True,AFI PROP B17,אפי נכסים אגחיז,אפנכ.ק17,Corporate Bonds,1172,AFPR-B17.TA
1220391,HRL.F235,IL0012203910,IL0012203910,True,Harel Sal (4D) CME CF Bitcoin Reference Rate (BRRNY),הראל סל (4D)י (CME CF Bitcoin Reference Rate (BRRNY,הרל.ס235,ETF - Bonds,1747,HRL-F235.TA
1220409,TCH.F182,IL0012204090,IL0012204090,True,Tachlit SAL (4D) CME CF Ethereum Reference Rate (ETHUSDNY),תכלית סל י(4D)י CME CF Ethereum Reference Rate (ETHUSDNY),תכל.ס182,ETF - Bonds,1734,TCH-F182.TA
1220425,ALMY.B1,IL0012204256,IL0012204256,True,AMLA YESODOT B1,עלמא אגח א,עלמא.ק1,Corporate Bonds,1857,ALMY-B1.TA
1220482,ENOP.B3,IL0012204827,IL0012204827,True,ENCORE OPP B3,אנקור הזד אגח ג,אנהז.ק3,Corporate Bonds,2352,ENOP-B3.TA
1220524,CLLC.B14,IL0012205246,IL0012205246,True,CLAL CAP B14,כלל הון אגח יד,כללה.ק14,Corporate Bonds,1324,CLLC-B14.TA
1220540,LSCO.B2,IL0012205402,IL0012205402,True,LESICO B2,לסיכו אגח ב,לסכו.ק2,Corporate Bonds,1680,LSCO-B2.TA
1220607,HRIS.B21,IL0012206079,IL0012206079,True,HAREL ISSUE B21,הראל הנפק נד כא,הרהנ.ק21,Corporate Bonds,1367,HRIS-B21.TA
1220714,MVNE.B26,IL0012207143,IL0012207143,True,MIVNE B26,מבנה אגח כו,מבנה.ק26,Corporate Bonds,226,MVNE-B26.TA
1220722,CPI0431,IL0012207226,IL0012207226,True,ILCPI 2%0431,ממשל צמודה 0431,ממצמ0431,Government Bonds,954,CPI0431.TA
1220755,URBC,IL0012207556,IL0012207556,True,URBANICA,אורבניקה,ארבק,Shares,2381,URBC.TA
1220839,OPAL.B4,IL0012208398,IL0012208398,True,OPAL BALANCE B4,אופל בלאנס אגחד,אופל.ק4,Corporate Bonds,1287,OPAL-B4.TA
1221274,BKFR.B1,IL0012212747,IL0012212747,True,BAIT BAKFAR B1,בית בכפר אגח א,בכפר.ק1,Corporate Bonds,1802,BKFR-B1.TA
1221282,BKFR.W1,IL0012212820,IL0012212820,True,BAIT BAKFAR W1,בית בכפר אפ 1,בכפר.א1,Warrants,1802,BKFR-W1.TA
1221399,AVDP.B3,IL0012213992,IL0012213992,True,AVIAD DEPO B3,אביעד פקדוןאגחג,אבפק.ק3,Corporate Bonds,2446,AVDP-B3.TA
1221589,ELEC.B36,IL0012215898,IL0012215898,True,ELECTRIC B36,חשמל אגח 36,חשמל.ק36,Corporate Bonds,600,ELEC-B36.TA
1221597,ELEC.B37,IL0012215971,IL0012215971,True,ELECTRIC B37,חשמל אגח 37,חשמל.ק37,Corporate Bonds,600,ELEC-B37.TA
1221654,TCH.F183,IL0012216540,IL0012216540,True,Tachlit SAL Leveraged (6D) S&P 500 x3 Monthly,תכלית סל (6D) ממונפת S&P 500 פי 3 חודשי,תכל.ס183,ETF Fund - Equity,1734,TCH-F183.TA
1221662,TCH.F184,IL0012216623,IL0012216623,True,Tachlit SAL Leveraged (6D) NASDAQ 100 x3 Monthly,תכלית סל (6D) ממונפת NASDAQ 100 פי 3 חודשי,תכל.ס184,ETF Fund - Equity,1734,TCH-F184.TA
1221670,MTF.F133,IL0012216706,IL0012216706,True,MTF SAL (4D) Indxx Top 10 US Oil Industry,MTF סל (Indxx Top 10 US Oil Industry (4D,מטפ.ס133,ETF Fund - Equity,1735,MTF-F133.TA
1221720,IBID.B2,IL0012217209,IL0012217209,True,IBI DEPO B2,איביאי פק אגח ב,אבאפ.ק2,Corporate Bonds,2467,IBID-B2.TA
1221761,AMX.B3,IL0012217613,IL0012217613,True,AUTOMAX B3,אוטומקס אגח ג,אמקס.ק3,Corporate Bonds,2280,AMX-B3.TA
1221787,PTCH.B11,IL0012217878,IL0012217878,True,PETROC B11,פטרוכימים אגחיא,פטרו.ק11,Corporate Bonds,756,PTCH-B11.TA
1221902,MRPK.B2,IL0012219023,IL0012219023,True,MERAV DEPO B2,מרב פקדון אגח ב,מרפק.ק2,Corporate Bonds,2465,MRPK-B2.TA
1221928,LUM.B4I,IL0012219288,IL0012219288,True,LEUMI B4-I,לאומי אגח 4-רמ,לאמ.4רמ,Corporate Bonds TASE UP,604,LUM-B4I.TA
1221993,HRIN.B3,IL0012219932,IL0012219932,True,HAREL INT B3,הראל ריב אגח ג,הריב.ק3,Corporate Bonds,2457,HRIN-B3.TA
1222116,NUSA.B1,IL0012221169,IL0012221169,True,NETZ USA B1,נץ יואסאי אגח א,נארב.ק1,Corporate Bonds,2475,NUSA-B1.TA
1222157,DSTN.B1,IL0012221573,IL0012221573,True,DESTINY B1,דסטיני אגח א,דסטנ.ק1,Corporate Bonds,2477,DSTN-B1.TA
1222231,ZPRS.B1,IL0012222316,IL0012222316,True,ZEPHYRUS B1,זפירוס אגח א,זפרס.ק1,Corporate Bonds,2413,ZPRS-B1.TA
1222249,IBI.F185,IL0012222498,IL0012222498,True,I.B.I. SAL (4D) S&P Bitcoin,אי.בי.אי. סל (4D)י S&P Bitcoin,IBI.ס185,ETF - Bonds,1750,IBI-F185.TA
1222306,PIDE.B4,IL0012223066,IL0012223066,True,PAI DEPOS B4,פאי פיקדון אגחד,פאיפ.ק4,Corporate Bonds,2420,PIDE-B4.TA
1222397,SPRD.B3,IL0012223975,IL0012223975,True,SAPIR DEPO B3,ספיר פקדון אגחג,ספרפ.ק3,Corporate Bonds,2433,SPRD-B3.TA
1222439,MTF.F134,IL0012224395,IL0012224395,True,MTF SAL (4D) Indxx Top 10 Europe Defense Euro-Hedged,MTF סל (Indxx Top 10 Europe Defense (4D מנוטרלת אירו,מטפ.ס134,ETF Fund - Equity,1735,MTF-F134.TA
1222462,RPOL,IL0012224627,IL0012224627,True,RP OPTICAL,אר פי אופטיקל,ארפי,Shares,2479,RPOL.TA
1222496,LIAM.B1,IL0012224965,IL0012224965,True,LIAM B1,ליאם אגח א,ליאם.ק1,Corporate Bonds,2474,LIAM-B1.TA
1222587,GVYM.B12,IL0012225871,IL0012225871,True,GAV YAM B12,גב ים אגח יב,גבים.ק12,Corporate Bonds,759,GVYM-B12.TA
1223031,AGRD.C1,IL0012230319,IL0012230319,True,AUTONOMOUS C1,אוטונומוס אג 1,אגרד.ה1,Convertible Bonds,1082,AGRD-C1.TA
1223155,VILR.B11,IL0012231556,IL0012231556,True,VILLAR B11,וילאר אגח יא,ולאר.ק11,Corporate Bonds,416,VILR-B11.TA
1223171,NMCO.B6,IL0012231713,IL0012231713,True,NMCO B6,נמקו אגח ו,נמקו.ק6,Corporate Bonds,1665,NMCO-B6.TA
1223197,RSDR.B1,IL0012231978,IL0012231978,True,REISDOR B1,רייסדור אגח א,רסדר.ק1,Corporate Bonds,2478,RSDR-B1.TA
1223239,AGLN.B1,IL0012232398,IL0012232398,True,AGELLAN B1,אג'לן אגח א,אגלן.ק1,Corporate Bonds,2482,AGLN-B1.TA
1223296,AURA.B19,IL0012232968,IL0012232968,True,AURA B19,אאורה אגח יט,אארה.ק19,Corporate Bonds,373,AURA-B19.TA
1223320,ALMC.B1,IL0012233206,IL0012233206,True,ALMOG B1,אלמוג אגח א,אלמכ.ק1,Corporate Bonds,2481,ALMC-B1.TA
1223353,ISPR.B3,IL0012233537,IL0012233537,True,ISPRO B3,ישפרו אגח ג,ישפר.ק3,Corporate Bonds,2430,ISPR-B3.TA
1223411,PRSK.B16,IL0012234113,IL0012234113,True,PRASHKOVSKY B16,פרשקובסקי אגחטז,פרשק.ק16,Corporate Bonds,1330,PRSK-B16.TA
1223452,POL.B102,IL0012234527,IL0012234527,True,POALIM B102,פועלים אגח 102,פעל.ק102,Corporate Bonds,662,POL-B102.TA
1223486,AZRM.B16,IL0012234865,IL0012234865,True,AZORIM B16,אזורים אגח 16,אזרם.ק16,Corporate Bonds,715,AZRM-B16.TA
1223536,MTM.B2I,IL0012235367,IL0012235367,True,MTM B2I,"מת""ם אגח ב-רמ",מתם.ק2מ,Corporate Bonds TASE UP,1666,MTM-B2I.TA
1223585,NSTR.B14,IL0012235854,IL0012235854,True,NORSTAR B14,נורסטאר אגח יד,נסטר.ק14,Corporate Bonds,723,NSTR-B14.TA
1223692,IBID.B3,IL0012236928,IL0012236928,True,IBI DEPO B3,איביאי פק אגח ג,אבאפ.ק3,Corporate Bonds,2467,IBID-B3.TA
1223718,MSKE.B3,IL0012237181,IL0012237181,True,MESHEK ENRG B3,משק אנרג אגח ג,משקא.ק3,Corporate Bonds,1803,MSKE-B3.TA
1223734,STRW.B2,IL0012237348,IL0012237348,True,STBRY INC B2,סטרברי אנ אגח ב,סטרו.ק2,Corporate Bonds,2438,STRW-B2.TA
1223809,MUTG.B1,IL0012238098,IL0012238098,True,URBAN BRAND B1,מותג עירוניאגחא,מותג.ק1,Corporate Bonds,2486,MUTG-B1.TA
1223841,GMA.B4,IL0012238411,IL0012238411,True,GAMA B4,גמא אגח ד,גמא.ק4,Corporate Bonds,1510,GMA-B4.TA
1223858,MUTG,IL0012238585,IL0012238585,True,URBAN BRAND,מותג עירוני,מותג,Shares,2486,MUTG.TA
1223908,OFEK.B1,IL0012239088,IL0012239088,True,OFEK B1,אופק השק אגח א,אופק.ק1,Corporate Bonds,2488,OFEK-B1.TA
1223940,MRPK.B3,IL0012239401,IL0012239401,True,MERAV DEPO B3,מרב פקדון אגח ג,מרפק.ק3,Corporate Bonds,2465,MRPK-B3.TA
1223965,PRTC.B2,IL0012239658,IL0012239658,True,PRIORTECH B2,פריורטק אגח ב,פרטק.ק2,Corporate Bonds,328,PRTC-B2.TA
1223999,PEN.B4,IL0012239997,IL0012239997,True,PENINSULA B4,פנינסולה אגח ד,פננס.ק4,Corporate Bonds,333,PEN-B4.TA
1224013,GABY.B1,IL0012240136,IL0012240136,True,GABAY G B1,גבאי קב אגח א,קגבא.ק1,Corporate Bonds,2483,GABY-B1.TA
1224070,CPLN.B5,IL0012240706,IL0012240706,True,COPPERLINE B5,קופרליין אגח ה,קפלן.ק5,Corporate Bonds,1648,CPLN-B5.TA
1224096,RIT1.B8,IL0012240961,IL0012240961,True,REIT 1 B8,ריט 1 אגח ח,ריט1.ק8,Corporate Bonds,1357,RIT1-B8.TA
1224112,SPNR.B7,IL0012241126,IL0012241126,True,SPENCER B7,ספנסר אגח ז,ספנר.ק7,Corporate Bonds,1628,SPNR-B7.TA
1224617,MIA.C1,IL0012246174,IL0012246174,True,MIA DYNAMICS C1,מיה דינמיקס אג1,מיה.ה1,Convertible Bonds,494,MIA-C1.TA
1224633,DNDP.B1,IL0012246331,IL0012246331,True,DANIEL DEPO B1,דניאל פק אגח א,דנפק.ק1,Corporate Bonds,2496,DNDP-B1.TA
1224641,GABY,IL0012246414,IL0012246414,True,GABAY GROUP,גבאי קבוצה,קגבא,Shares,2483,GABY.TA
1224666,ZUR.B13,IL0012246661,IL0012246661,True,ZUR B13,צור אגח יג,צור.ק13,Corporate Bonds,730,ZUR-B13.TA
1224690,EXPO.B2,IL0012246901,IL0012246901,True,EXPORT INV B2,יצוא אגח ב,יצוא.ק2,Corporate Bonds,704,EXPO-B2.TA
1224781,NTNB.B1,IL0012247818,IL0012247818,True,NETANEL MEN B1,נתנאל מניב אגחא,נתנב.ק1,Corporate Bonds,2412,NTNB-B1.TA
1224815,HRL.B2-I,IL0012248154,IL0012248154,True,HAREL IN B2-I,הראלבט אגח ב-רמ,הרב.ק2רמ,Corporate Bonds TASE UP,1175,HRL-B2-I.TA
1224849,GTRE.B1,IL0012248493,IL0012248493,True,GT REAL EST B1,ג'יטי נדלן אגחא,גיטי.ק1,Corporate Bonds,2480,GTRE-B1.TA
1224864,CASL.B1,IL0012248642,IL0012248642,True,CASTELLAN B1,קסטלן אגח א,קסטל.ק1,Corporate Bonds,2484,CASL-B1.TA
1224880,CASL.B2,IL0012248808,IL0012248808,True,CASTELLAN B2,קסטלן אגח ב,קסטל.ק2,Corporate Bonds,2484,CASL-B2.TA
1224948,BIG.B22,IL0012249483,IL0012249483,True,BIG B22,ביג אגח כב,ביג.ק22,Corporate Bonds,1327,BIG-B22.TA
1224955,BIG.B23,IL0012249558,IL0012249558,True,BIG B23,ביג אגח כג,ביג.ק23,Corporate Bonds,1327,BIG-B23.TA
1224971,ARPR.B1,IL0012249715,IL0012249715,True,PRASH GR B1,פרש גרופ אגח א,ארפר.ק1,Corporate Bonds,2487,ARPR-B1.TA
1224989,BVGG.B1,IL0012249897,IL0012249897,True,BAIT VEGAG B1,בית וגג אגח א,ביגג.ק1,Corporate Bonds,2371,BVGG-B1.TA
1225010,MAX.B6-I,IL0012250101,IL0012250101,True,MAX B6-I,מקס איט הת ו-רמ,מקס.ק6רמ,Corporate Bonds TASE UP,1763,MAX-B6-I.TA
1225036,AMOT.W12,IL0012250366,IL0012250366,True,AMOT W12,אמות אפ 12,אמות.א12,Warrants,1328,AMOT-W12.TA
1225143,MAX.B5,IL0012251430,IL0012251430,True,MAX B5,מקס איט אגח ה,מקס.ק5,Corporate Bonds,1763,MAX-B5.TA
1225176,PNRG.W2,IL0012251760,IL0012251760,True,PHINERGY W2,פינרג'י אפ 2,פנרג.א2,Warrants,1843,PNRG-W2.TA
1225184,MGDO.W1,IL0012251844,IL0012251844,True,MEGIDO W1,מגידו אפ 1,מגדו.א1,Warrants,2458,MGDO-W1.TA
1225200,AMPA,IL0012252008,IL0012252008,True,AMPA,אמפא,אמפא,Shares,2471,AMPA.TA
1225283,ELDT.B10,IL0012252834,IL0012252834,True,ELDAN TRANS B10,אלדן תחבו אגח י,אלדת.ק10,Corporate Bonds,1636,ELDT-B10.TA
1225291,ELDT.B11,IL0012252917,IL0012252917,True,ELDAN TRANS B11,אלדן תחבו אגחיא,אלדת.ק11,Corporate Bonds,1636,ELDT-B11.TA
1225317,ESLY.B3,IL0012253170,IL0012253170,True,JORDAN ESHEL B3,אשל הירדן אגח ג,אשלי.ק3,Corporate Bonds,2396,ESLY-B3.TA
1225366,MFRE.B3I,IL0012253667,IL0012253667,True,MICHLOL RE B3I,מכלול נד אגח3רמ,מכלנ.ק3מ,Corporate Bonds TASE UP,2439,MFRE-B3I.TA
1225648,NAWI.B7,IL0012256488,IL0012256488,True,NAWI B7,נאוי אגח ז,נאוי.ק7,Corporate Bonds,208,NAWI-B7.TA
1225689,AZRL.B10,IL0012256892,IL0012256892,True,AZRIELI B10,עזריאלי אגח י,עזרל.ק10,Corporate Bonds,1420,AZRL-B10.TA
1225739,UMH.B2,IL0012257395,IL0012257395,True,UMH PROP B2,יו.אמ.איץ' אגחב,יואמ.ק2,Corporate Bonds,2356,UMH-B2.TA
1225770,MYDS.C2,IL0012257700,IL0012257700,True,MYDAS C2,מידאס אג 2,מדאס.ה2,Convertible Bonds,544,MYDS-C2.TA
1225788,MRM2.B1I,IL0012257882,IL0012257882,True,MIMUN MR2 B1-I,ממון מש2 אג א-מ,מיה2.ק1מ,Corporate Bonds TASE UP,2499,MRM2-B1I.TA
1225796,MRM2.B2I,IL0012257965,IL0012257965,True,MIMUN MR2 B2-I,ממון מש2 אג ב-מ,מיה2.ק2מ,Corporate Bonds TASE UP,2499,MRM2-B2I.TA
1225838,AFHL.B5,IL0012258385,IL0012258385,True,AFCON HOLD B5,אפקון החז אגח ה,אפהח.ק5,Corporate Bonds,578,AFHL-B5.TA
1225846,AFHL.W1,IL0012258468,IL0012258468,True,AFCON HOLD W1,אפקון החז אפ 1,אפהח.א1,Warrants,578,AFHL-W1.TA
1225887,AEPL.B1,IL0012258872,IL0012258872,True,AMERICAN EQU B1,אמריקן אק אגח א,אאפל.ק1,Corporate Bonds,2468,AEPL-B1.TA
1225929,AVGD.B4,IL0012259292,IL0012259292,True,AVGAD B4,אב-גד אגח ד,אבגד.ק4,Corporate Bonds,1829,AVGD-B4.TA
1225937,AVGD.W2,IL0012259375,IL0012259375,True,AVGAD W2,אב-גד אופ 2,אבגד.א2,Warrants,1829,AVGD-W2.TA
1225994,IBI.F186,IL0012259946,IL0012259946,True,I.B.I. SAL (4A) TA-35 IL,"אי.בי.אי. סל (4A) ת""א-35",IBI.ס186,ETF Fund - Equity,1750,IBI-F186.TA
1226018,GMAI.B3,IL0012260183,IL0012260183,True,GILAD MAY B3,גלעד מאי אגח ג,גמאי.ק3,Corporate Bonds,1905,GMAI-B3.TA
1226059,ACRO.B2,IL0012260597,IL0012260597,True,ACRO B2,אקרו אגח ב,אקרו.ק2,Corporate Bonds,2360,ACRO-B2.TA
1226117,GSED.B3,IL0012261173,IL0012261173,True,GSE B3,ג'י.אס.אי אגח ג,גסאפ.ק3,Corporate Bonds,2427,GSED-B3.TA
1226133,SPRD.B4,IL0012261330,IL0012261330,True,SAPIR DEPO B4,ספיר פקדון אגחד,ספרפ.ק4,Corporate Bonds,2433,SPRD-B4.TA
1226224,CRSM.B6,IL0012262247,IL0012262247,True,CARASSO MOT B6,קרסו מוט' אגח ו,קרסמ.ק6,Corporate Bonds,1585,CRSM-B6.TA
1226240,GOI0728,IL0012262403,IL0012262403,True,ILGOV 0728,ממשל שקלית 0728,ממשק0728,Government Bonds,926,GOI0728.TA
1226273,SONR.B1,IL0012262734,IL0012262734,True,SONOL RE B1,סונול נד אגח א,סונד.ק1,Corporate Bonds,2393,SONR-B1.TA
1226299,LEOF.B5,IL0012262999,IL0012262999,True,LEVINSKI B5,לוינסקי אגח ה,ליעפ.ק5,Corporate Bonds,200,LEOF-B5.TA
1226307,LEOF.W2,IL0012263070,IL0012263070,True,LEVINSKY W2,לוינסקי אפ 2,ליעפ.א2,Warrants,200,LEOF-W2.TA
1226331,SPEN.B4,IL0012263310,IL0012263310,True,SHAPIR ENG B4,שפיר הנדס אגח ד,שפהנ.ק4,Corporate Bonds,1633,SPEN-B4.TA
1226844,ENCR.B5,IL0012268442,IL0012268442,True,ENCORE PROP B5,אנקור פרופ אגחה,אקרפ.ק5,Corporate Bonds,1683,ENCR-B5.TA
1226877,SONR,IL0012268772,IL0012268772,True,SONOL,סונול נדלן,סונד,Shares,2393,SONR.TA
1226885,RGAS,IL0012268855,IL0012268855,True,RGA SERVICES,רגא שרותים,רגאש,Shares,2489,RGAS.TA
1226893,RGAS.W1,IL0012268939,IL0012268939,True,RGA SERVICES W1,רגא שרותים אפ 1,רגאש.א1,Warrants,2489,RGAS-W1.TA
1226901,RGAS.W2,IL0012269010,IL0012269010,True,RGA SERVICES W2,רגא שרותים אפ 2,רגאש.א2,Warrants,2489,RGAS-W2.TA
1226927,HRL.F236,IL0012269275,IL0012269275,True,Harel Sal (4A) TA-Oil & Gas IL,"הראל סל (4A) ת""א-נפט וגז",הרל.ס236,ETF Fund - Equity,1747,HRL-F236.TA
1226968,ELRL.B10,IL0012269689,IL0012269689,True,ELBIT RST B10,אלביט נד אגח י,אלנל.ק10,Corporate Bonds,1039,ELRL-B10.TA
1226984,RAYK.B2,IL0012269846,IL0012269846,True,RAYK ASPEN B2,רייק אספן אגח ב,רייק.ק2,Corporate Bonds,2392,RAYK-B2.TA
1226992,LUDT,IL0012269929,IL0012269929,True,LUDAN-TECH,לודן-טק,לודט,Shares,2491,LUDT.TA
1227032,BIG.B24,IL0012270323,IL0012270323,True,BIG B24,ביג אגח כד,ביג.ק24,Corporate Bonds,1327,BIG-B24.TA
1227057,MGRT.B8,IL0012270570,IL0012270570,True,MEGURIT B8,מגוריט אגח ח,מגרט.ק8,Corporate Bonds,1668,MGRT-B8.TA
1227073,PENT.B1,IL0012270737,IL0012270737,True,PENTHOUSE B1,פנטהאוז אגח א,פנטה.ק1,Corporate Bonds,2497,PENT-B1.TA
1227206,DNDP.B2,IL0012272063,IL0012272063,True,DANIEL DEPO B2,דניאל פק אגח ב,דנפק.ק2,Corporate Bonds,2496,DNDP-B2.TA
1227305,GSHM.B2,IL0012273053,IL0012273053,True,GEHSEM B2,גשם למשתכן אגחב,גשממ.ק2,Corporate Bonds,2440,GSHM-B2.TA
1227321,YAAZ,IL0012273210,IL0012273210,True,YAAZ,יעז יזמות,יעזי,Shares,2490,YAAZ.TA
1227354,UNTC.W2,IL0012273541,IL0012273541,True,UNIC-TECH W2,יוניק-טק אפ 2,ינטק.א2,Warrants,1881,UNTC-W2.TA
1227438,POL.B14,IL0012274382,IL0012274382,True,POALIM B14,פועלים הת נד יד,פעל.ק14,Corporate Bonds,662,POL-B14.TA
1227446,POL.B15,IL0012274465,IL0012274465,True,POALIM B15,פועלים הת נד טו,פעל.ק15,Corporate Bonds,662,POL-B15.TA
1227453,POL.B204,IL0012274531,IL0012274531,True,POALIM B204,פועלים אגח 204,פעל.ק204,Corporate Bonds,662,POL-B204.TA
1227545,POLI.B2I,IL0012275454,IL0012275454,True,POALIM B2-I,פועלים אגח 2-רמ,פעל.ק2רמ,Corporate Bonds TASE UP,662,POLI-B2I.TA
1227552,AXN,IL0012275520,IL0012275520,True,AXON VISION,אקסון ויז'ן,אקסנ,Shares,2501,AXN.TA
1227560,AXN.W1,IL0012275603,IL0012275603,True,AXSON VIS W1,אקסון ויזן אפ1,אקסנ.א1,Warrants,2501,AXN-W1.TA
1227628,LNTR.B1,IL0012276288,IL0012276288,True,LANTERRA B1,לנטרה קנדה אגחא,לנטר.ק1,Corporate Bonds,2503,LNTR-B1.TA
1227719,IBID.B4,IL0012277195,IL0012277195,True,IBI DEPO B4,איביאי פק אגח ד,אבאפ.ק4,Corporate Bonds,2467,IBID-B4.TA
1227750,DSMN.B11,IL0012277500,IL0012277500,True,DISCOUNT MN B11,דיסקנט מנ נד יא,דסמנ.ק11,Corporate Bonds,748,DSMN-B11.TA
1227784,GOI1035,IL0012277849,IL0012277849,True,ILGOV 1035,ממשל שקלית 1035,ממשק1035,Government Bonds,926,GOI1035.TA
1228329,AVDP.B4,IL0012283292,IL0012283292,True,AVIAD DEPO B4,אביעד פקדוןאגחד,אבפק.ק4,Corporate Bonds,2446,AVDP-B4.TA
1228337,ISCD.B3I,IL0012283375,IL0012283375,True,ISRACARD B3-I,ישראכרט אגחג-רמ,ישכט.ק3מ,Corporate Bonds TASE UP,1773,ISCD-B3I.TA
1228345,HRIS.B22,IL0012283458,IL0012283458,True,HAREL ISSUE B22,הראל הנפ אגח כב,הרהנ.ק22,Corporate Bonds,1367,HRIS-B22.TA
1228352,HRIS.B23,IL0012283524,IL0012283524,True,HAREL ISSUE B23,הראל הנפ אגח כג,הרהנ.ק23,Corporate Bonds,1367,HRIS-B23.TA
1228410,MGDF.B15,IL0012284100,IL0012284100,True,MIGDAL FUND B15,מגדל הון אגח טו,מגדה.ק15,Corporate Bonds,1597,MGDF-B15.TA
1228428,MGDF.T16,IL0012284282,IL0012284282,True,MIGDAL FUND B16,מגדל הון אגח טז,מגדה.ק16,Corporate Bonds,1597,MGDF-T16.TA
1228469,INIS.B13,IL0012284696,IL0012284696,True,INTERN ISSU B13,בינל הנפק אגחיג,בנהנ.ק13,Corporate Bonds,1153,INIS-B13.TA
1228477,INIS.P1,IL0012284779,IL0012284779,True,INTERN ISSU P1,בינל הנפ מסחרי1,בנהנ.נ1,Corporate Bonds,1153,INIS-P1.TA
1228535,PKHL.B1,IL0012285354,IL0012285354,True,PEAKHILL B1,פיקהיל אגח א,פקהל.ק1,Corporate Bonds,2505,PKHL-B1.TA
1228584,HRIN.B4,IL0012285842,IL0012285842,True,HAREL INT B4,הראל ריב אגח ד,הריב.ק4,Corporate Bonds,2457,HRIN-B4.TA
1228618,DLKG.B41,IL0012286188,IL0012286188,True,DELEK GRP B41,דלק קב אגח מא,דלקב.ק41,Corporate Bonds,1095,DLKG-B41.TA
1228659,LUM.B187,IL0012286592,IL0012286592,True,LEUMI B187,לאומי אגח 187,לאמ.ק187,Corporate Bonds,604,LUM-B187.TA
1228667,LUM.B188,IL0012286675,IL0012286675,True,LEUMI B188,לאומי אגח 188,לאמ.ק188,Corporate Bonds,604,LUM-B188.TA
1228675,LUM.P9,IL0012286758,IL0012286758,True,LEUMI P9,לאומי מסחרי 9,לאמ.נ9,Corporate Bonds,604,LUM-P9.TA
1228766,SKBN.B11,IL0012287665,IL0012287665,True,SHIKUN BIN B11,שכון ובי אגח 11,שוב.ק11,Corporate Bonds,1068,SKBN-B11.TA
1228782,BLEG.B5,IL0012287822,IL0012287822,True,BLACKEDGE B5,בלאקאדג' אגח ה,בלקג.ק5,Corporate Bonds,1853,BLEG-B5.TA
1228808,GAD,IL0012288085,IL0012288085,True,GAD DAIRIES,מחלבות גד,גד,Shares,2509,GAD.TA
1228824,NVPT.W6,IL0012288242,IL0012288242,True,NAVITAS PTRO W6,נאוויטס פט אפ 6,נאפט.א6,Warrants,1688,NVPT-W6.TA
1228915,PIIN.B1,IL0012289158,IL0012289158,True,PI INT B1,פאי ריבית אגח א,פירי.ק1,Corporate Bonds,2500,PIIN-B1.TA
1228931,ADGR.W9,IL0012289315,IL0012289315,True,ADGAR W9,אדגר אפ 9,אדגר.א9,Warrants,182,ADGR-W9.TA
1228972,SMT.B14,IL0012289729,IL0012289729,True,SUMMIT B14,סאמיט אגח יד,סמט.ק14,Corporate Bonds,1060,SMT-B14.TA
1229004,MNMO.10,IL0012290040,IL0012290040,True,MNORA MI HO B10,מנורה הון התח י,מנמה.ק10,Corporate Bonds,1431,MNMO-10.TA
1229046,SBEN.B2,IL0012290461,IL0012290461,True,SHKN & BI EN B2,שוב אנרגיה אגחב,שובא.ק2,Corporate Bonds,1930,SBEN-B2.TA
1229129,AMTR.B1,IL0012291295,IL0012291295,True,AMTRUST B1,אמטראסט אגח א,אמטר.ק1,Corporate Bonds,2507,AMTR-B1.TA
1229160,ASGR.B10,IL0012291600,IL0012291600,True,ASPEN GROUP B10,אספן גרופ אגח י,אסגר.ק10,Corporate Bonds,313,ASGR-B10.TA
1229202,HRIN.B5,IL0012292020,IL0012292020,True,HAREL INT B5,הראל ריב אגח ה,הריב.ק5,Corporate Bonds,2457,HRIN-B5.TA
1229228,WESR.B1,IL0012292285,IL0012292285,True,WESURE B1,ווישור אגח א,וושר.ק1,Corporate Bonds,1865,WESR-B1.TA
1229244,ISRA.B4,IL0012292442,IL0012292442,True,ISRAMCO B4,ישראמקו אגח ד,ישרמק.ק4,Corporate Bonds,232,ISRA-B4.TA
1229251,WESR.W1,IL0012292517,IL0012292517,True,WESURE W1,ווישור אפ 1,וושר.א1,Warrants,1865,WESR-W1.TA
1229285,AMPA.B1,IL0012292855,IL0012292855,True,AMPA B1,אמפא אגח א,אמפא.ק1,Corporate Bonds,2471,AMPA-B1.TA
1229327,BOLT.W10,IL0012293275,IL0012293275,True,BIOLIGHT W10,ביולייט אפ 10,בולט.א10,Warrants,1293,BOLT-W10.TA
1229335,MCPL,IL0012293358,IL0012293358,True,MICHPAL TECH,מכפל טכנולוגיות,מכפל,Shares,2511,MCPL.TA
1229350,UDII.B7,IL0012293507,IL0012293507,True,IDI ISSUES B7,איידיאייהנ הת ז,אדאה.ק7,Corporate Bonds,1566,UDII-B7.TA
1229384,ALHE.B16,IL0012293846,IL0012293846,True,ALONY HETS B16,אלוני חץ אגח טז,אלחץ.ק16,Corporate Bonds,390,ALHE-B16.TA
1229392,ALHE.B17,IL0012293929,IL0012293929,True,ALONY HETS B17,אלוני חץ אגח יז,אלחץ.ק17,Corporate Bonds,390,ALHE-B17.TA
1229418,BSRE.B1,IL0012294182,IL0012294182,True,B.S.R ENGIN B1,בסר הנדסה אגח א,בסרה.ק1,Corporate Bonds,1490,BSRE-B1.TA
1229434,SCC.B19,IL0012294349,IL0012294349,True,SPACE COM B19,חלל תקש אגח יט,חלל.ק19,Corporate Bonds,1132,SCC-B19.TA
1229442,SCC.B20,IL0012294422,IL0012294422,True,SPACE COM B20,חלל תקש אגח כ,חלל.ק20,Corporate Bonds,1132,SCC-B20.TA
1229525,DRSL.B1,IL0012295254,IL0012295254,True,DORSEL B1,דורסל אגח א,דרסל.ק1,Corporate Bonds,2397,DRSL-B1.TA
1230051,LIVI.B1,IL0012300518,IL0012300518,True,LIVIING STON B1,ליוינג סטן אגחא,ליוי.ק1,Corporate Bonds,2506,LIVI-B1.TA
1230184,PIIN.B2,IL0012301847,IL0012301847,True,PI INT B2,פאי ריבית אגח ב,פירי.ק2,Corporate Bonds,2500,PIIN-B2.TA
1230226,IBID.B5,IL0012302266,IL0012302266,True,IBI DEPO B5,איביאי פק אגח ה,אבאפ.ק5,Corporate Bonds,2467,IBID-B5.TA
1230267,RANI.W2,IL0012302670,IL0012302670,True,RANI ZIM W2,רני צים אפ 2,רנצם.א2,Warrants,1588,RANI-W2.TA
1230275,RANI.B5,IL0012302753,IL0012302753,True,RANI ZIM B5,רני צים אגח ה,רנצם.ק5,Corporate Bonds,1588,RANI-B5.TA
1230283,PNCP.B18,IL0012302837,IL0012302837,True,PHONIX B18,פניקס הון אגחיח,פנהס.ק18,Corporate Bonds,1527,PNCP-B18.TA
1230309,CLLC.B15,IL0012303090,IL0012303090,True,CLAL CAP B15,כלל הון אגח טו,כללה.ק15,Corporate Bonds,1324,CLLC-B15.TA
1230325,MRPK.B4,IL0012303256,IL0012303256,True,MERAV DEPO B4,מרב פקדון אגח ד,מרפק.ק4,Corporate Bonds,2465,MRPK-B4.TA
1230416,HILA.B4,IL0012304163,IL0012304163,True,HILLA B4,הילה אגח ד,הילה.ק4,Corporate Bonds,1830,HILA-B4.TA
1230432,DNDP.B3,IL0012304320,IL0012304320,True,DANIEL DEPO B3,דניאל פק אגח ג,דנפק.ק3,Corporate Bonds,2496,DNDP-B3.TA
1230473,KSM.F240,IL0012304734,IL0012304734,True,KSM ETF (4D) MSCI China,קסם ETF י(4D)י MSCI China,קסם.ס240,ETF Fund - Equity,1733,KSM-F240.TA
1230580,MRIN.B2,IL0012305806,IL0012305806,True,MORE INVEST B2,מור השקעות אגחב,מרהש.ק2,Corporate Bonds,1692,MRIN-B2.TA
1230598,MRIN.W2,IL0012305988,IL0012305988,True,MORE INVEST W2,מור השקעות אפ 2,מרהש.א2,Warrants,1692,MRIN-W2.TA
1230614,INRM.B1,IL0012306143,IL0012306143,True,INROM B1,אינרום אגח א,אנרם.ק1,Corporate Bonds,1616,INRM-B1.TA
1230655,PSEC,US74348T1025,IL0012306556,False,PROSPECT,פרוספקט,פרפק,Shares,2514,PSEC.TA
1230671,PSEC.B1,IL0012306713,IL0012306713,True,PROSPECT B1,פרוספקט אגח א,פרפק.ק1,Corporate Bonds,2514,PSEC-B1.TA
1230705,ARGO.C1,IL0012307059,IL0012307059,True,ARGO PROP C1,ארגו פרופ אג 1,ארגו.ה1,Convertible Bonds,1884,ARGO-C1.TA
1230713,CPI0456,IL0012307133,IL0012307133,True,ILCPI 2%0456,ממשל צמודה 0456,ממצמ0456,Government Bonds,954,CPI0456.TA
1230739,MDPR.B3,IL0012307398,IL0012307398,True,MEDIPOWER B3,מדיפאואר אגח ג,מדפר.ק3,Corporate Bonds,1433,MDPR-B3.TA
1230762,ROTS.B14,IL0012307620,IL0012307620,True,ROTSHTEIN B14,רוטשטיין אגח יד,רשטן.ק14,Corporate Bonds,539,ROTS-B14.TA
1231232,CPPL.B2,IL0012312323,IL0012312323,True,CITY PEOPLE B2,אנשי העיר אגח ב,אנשי.ק2,Corporate Bonds,2417,CPPL-B2.TA
1231307,MGRT.B9,IL0012313073,IL0012313073,True,MEGURIT B9,מגוריט אגח ט,מגרט.ק9,Corporate Bonds,1668,MGRT-B9.TA
1231315,MGRT.B10,IL0012313156,IL0012313156,True,MEGURIT B10,מגוריט אגח י,מגרט.ק10,Corporate Bonds,1668,MGRT-B10.TA
1231331,POSA.B3,IL0012313313,IL0012313313,True,POWERGEN B3,פאוורג'ן אגח ג,פאסא.ק3,Corporate Bonds,1405,POSA-B3.TA
1231406,AVDP.B5,IL0012314063,IL0012314063,True,AVIAV DEPO B5,אביעד פקדוןאגחה,אבפק.ק5,Corporate Bonds,2446,AVDP-B5.TA
1231422,DRSL.B2,IL0012314220,IL0012314220,True,DORSEL B2,דורסל אגח ב,דרסל.ק2,Corporate Bonds,2397,DRSL-B2.TA
1231448,RENT.B2,IL0012314485,IL0012314485,True,RENT IT B2,רנט איט אגח ב,רנטא.ק2,Corporate Bonds,2423,RENT-B2.TA
1231463,YBOX.C7,IL0012314634,IL0012314634,True,YBOX C7,וויי בוקס אג ז,ובקס.ה7,Convertible Bonds,486,YBOX-C7.TA
1231505,SPRD.B5,IL0012315052,IL0012315052,True,SAPIR DEPO B5,ספיר פקדון אגחה,ספרפ.ק5,Corporate Bonds,2433,SPRD-B5.TA
1231687,ABOU.B1,IL0012316878,IL0012316878,True,ABOU RESIDEN B1,אבו מגורים אגחא,אבו.ק1,Corporate Bonds,1863,ABOU-B1.TA
1231737,MRPK.B5,IL0012317371,IL0012317371,True,MERAV DEPO B5,מרב פקדון אגח ה,מרפק.ק5,Corporate Bonds,2465,MRPK-B5.TA
1231828,NVPT.B8,IL0012318288,IL0012318288,True,NAVITAS PTRO B8,נאוויטס אגח ח,נאפט.ק8,Corporate Bonds,1688,NVPT-B8.TA
1231851,DSMN.P7,IL0012318510,IL0012318510,True,DISCOUNT MAN P7,דיסק מנ מסחרי 7,דסקמ.נ7,Corporate Bonds,748,DSMN-P7.TA
1231919,HRL.F237,IL0012319195,IL0012319195,True,Harel Sal (00) Tel Gov-Non Linked IL,הראל סל (00) תל גוב-לא צמודות,הרל.ס237,ETF - Bonds,1747,HRL-F237.TA
1231927,MFRE.B4I,IL0012319278,IL0012319278,True,MICHLOL RE B4I,מכלול נד אגח4רמ,מכלנ.ק4מ,Corporate Bonds TASE UP,2439,MFRE-B4I.TA
1231943,AMTR.B2,IL0012319435,IL0012319435,True,AMTRUST B2,אמטראסט אגח ב,אמטר.ק2,Corporate Bonds,2507,AMTR-B2.TA
1231968,PAZ.P2,IL0012319682,IL0012319682,True,PAZ ENERGY P2,פז אנרג מסחרי 2,פז.נ2,Corporate Bonds,1363,PAZ-P2.TA
1231976,ISCD.P5,IL0012319765,IL0012319765,True,ISRACARD P5,ישראכרט מסחרי 5,ישכט.נ5,Corporate Bonds,1773,ISCD-P5.TA
1232008,AMAL,IL0012320086,IL0012320086,True,AMAL HOLDINGS,עמל הולדינגס,עמל,Shares,2516,AMAL.TA
1232099,INIS.P2,IL0012320995,IL0012320995,True,INTERN ISSU P2,בינל הנפ מסחרי2,בנהנ.נ2,Corporate Bonds,1153,INIS-P2.TA
1232115,MPP.W1,IL0012321159,IL0012321159,True,MORE PENSION W1,מור גמל פנ אפ 1,מרגפ.א1,Warrants,2358,MPP-W1.TA
1232123,MPP.B1,IL0012321233,IL0012321233,True,MPP PENSION B1,מור גמל פנ אגחא,מרגפ.ק1,Corporate Bonds,2358,MPP-B1.TA
1232727,JRIS.B20,IL0012327271,IL0012327271,True,JERUSALEM I B20,ירושליםהנ אגח כ,ירשה.ק20,Corporate Bonds,1248,JRIS-B20.TA
1232750,ORNP,IL0012327503,IL0012327503,True,ORION,אוריון,ארנמ,Shares,2518,ORNP.TA
1232768,ORNP.B1,IL0012327685,IL0012327685,True,ORION B1,אוריון נכס אגחא,ארנמ.ק1,Corporate Bonds,2518,ORNP-B1.TA
1232776,ORNP.B2,IL0012327768,IL0012327768,True,ORION B2,אוריון נכס אגחב,ארנמ.ק2,Corporate Bonds,2518,ORNP-B2.TA
1232834,ARPT.B13,IL0012328345,IL0012328345,True,AIRPORT B31,ארפורט אגח יג,ארפט.ק13,Corporate Bonds,1300,ARPT-B13.TA
1232842,ARPT.B14,IL0012328428,IL0012328428,True,AIRPORT B14,ארפורט אגח יד,ארפט.ק14,Corporate Bonds,1300,ARPT-B14.TA
1232867,ISTS.B1,IL0012328675,IL0012328675,True,ISTA AST B1,איסתא נכס אגח א,איסנ.ק1,Corporate Bonds,2520,ISTS-B1.TA
1232875,SIMD.B1,IL0012328758,IL0012328758,True,SIMAD HOLD B1,סימד הולד אגח א,סימד.ק1,Corporate Bonds,2515,SIMD-B1.TA
1232941,ILDC.B27,IL0012329418,IL0012329418,True,LAND DV B27,הכשרת ישוב אג27,הכשר.ק27,Corporate Bonds,612,ILDC-B27.TA
1232974,ISPR.B4,IL0012329749,IL0012329749,True,ISPRO B4,ישפרו אגח ד,ישפר.ק4,Corporate Bonds,2430,ISPR-B4.TA
1233006,APLP.W9,IL0012330069,IL0012330069,True,APOLLO POWER W9,אפולו פאוור אפ9,אפלפ.א9,Warrants,1074,APLP-W9.TA
1233014,SUGT,IL0012330143,IL0012330143,True,SUGAT,סוגת,סוגת,Shares,308,SUGT.TA
1233097,WSDL.B4,IL0012330978,IL0012330978,True,WESTDALE B4,ווסטדייל אגח ד,וסטד.ק4,Corporate Bonds,1772,WSDL-B4.TA
1233113,MGDF.B17,IL0012331133,IL0012331133,True,MIGDAL FUND B17,מגדל הון אגח יז,מגדה.ק17,Corporate Bonds,1597,MGDF-B17.TA
1233139,MGDF.B18,IL0012331398,IL0012331398,True,MIGDAL FUND B18,מגדל הון אגח יח,מגדה.ק18,Corporate Bonds,1597,MGDF-B18.TA
1233162,LEVI.B9,IL0012331620,IL0012331620,True,LEVI B9,לוי אגח ט,לוי.ק9,Corporate Bonds,719,LEVI-B9.TA
1233170,HRL.F238,IL0012331703,IL0012331703,True,Harel Sal (4A) TA Securities IL,"הראל סל (4A) ת""א בטחוניות",הרל.ס238,ETF Fund - Equity,1747,HRL-F238.TA
1233238,MLSR.B22,IL0012332388,IL0012332388,True,MELISRON B22,מליסרון אגח כב,מלסר.ק22,Corporate Bonds,323,MLSR-B22.TA
1233311,DLIA.B3,IL0012333113,IL0012333113,True,DALIA B3,דליה אגח ג,דלה.ק3,Corporate Bonds,1840,DLIA-B3.TA
1233352,SATL.B1,IL0012333527,IL0012333527,True,SATELLE B1,סאטל אגח א,סאטל.ק1,Corporate Bonds,2498,SATL-B1.TA
1233386,KATA.B1,IL0012333865,IL0012333865,True,KATA GROUP B1,קטה גרופ אגח א,קטהג.ק1,Corporate Bonds,2521,KATA-B1.TA
1233410,DIFI.P5,IL0012334103,IL0012334103,True,DIRECT FINAN P5,מימון יש מסחרי5,מישק.נ5,Corporate Bonds,1675,DIFI-P5.TA
1233493,OMCN,IL0012334939,IL0012334939,True,OMER CONS,עומר הנדסה,עמהנ,Shares,2522,OMCN.TA
1233550,YAAZ.B1,IL0012335506,IL0012335506,True,YAAZ B1,יעז יזמות אגח א,יעזי.ק1,Corporate Bonds,2490,YAAZ-B1.TA
1233576,POL.B103,IL0012335761,IL0012335761,True,POALIM B103,פועלים אגח 103,פעל.ק103,Corporate Bonds,662,POL-B103.TA
1233584,RESF,IL0012335845,IL0012335845,True,RESHEF,רשף,רשפט,Shares TASE UP,2525,RESF.TA
1233634,GABY.B2,IL0012336348,IL0012336348,True,GABAY GR B2,גבאי קב אגח ב,קגבא.ק2,Corporate Bonds,2483,GABY-B2.TA
1233691,BONI.B23,IL0012336918,IL0012336918,True,BONI TICHON B23,בוני תכון אגחכג,בנתכ.ק23,Corporate Bonds,531,BONI-B23.TA
1233717,ENRG.W4,IL0012337171,IL0012337171,True,ENERGIX W4,אנרג'יקס אפ 4,אנרג.א4,Warrants,1581,ENRG-W4.TA
1233758,YOZM.B2,IL0012337585,IL0012337585,True,YOZMOT B2,יוזמות אגח ב,יוזמ.ק2,Corporate Bonds,2464,YOZM-B2.TA
1233782,GOI0731,IL0012337825,IL0012337825,True,ILGOV 0731,ממשל שקלית 0731,ממשק0731,Government Bonds,926,GOI0731.TA
1233808,MZT.3-I,IL0012338088,IL0012338088,True,MIZRAHI TE 3I,מזרחיטפ $ 2036ר,מזט.3-רמ,Corporate Bonds TASE UP,695,MZT-3-I.TA
1233816,POL.33$I,IL0012338161,IL0012338161,True,POALIM 2033$-I,פועלים $ 2033-ר,פעל.33מ$,Corporate Bonds TASE UP,662,POL-33$I.TA
1233832,TURG.B1,IL0012338328,IL0012338328,True,TURGEMAN B1,תורג'מן אגח א,תורג.ק1,Corporate Bonds,2519,TURG-B1.TA
1234327,MDG.B11,IL0012343278,IL0012343278,True,MDG REAL ES B11,אמ.די.ג'י אגחיא,אמדג.ק11,Corporate Bonds,1632,MDG-B11.TA
1234335,LUM.IE31,IL0012343351,IL0012343351,True,LEUMI I-EUR2031,לאומי2031Eמג רמ,לאמ31ירמ,Corporate Bonds TASE UP,604,LUM-IE31.TA
1234376,MGRT.B11,IL0012343765,IL0012343765,True,MEGURIT B11,מגוריט אגח יא,מגרט.ק11,Corporate Bonds,1668,MGRT-B11.TA
1234384,POL.29$I,IL0012343849,IL0012343849,True,POALIM 2029$-I,פועלים $ 2029-ר,פעל.29מ$,Corporate Bonds TASE UP,662,POL-29$I.TA
1234418,DSMN.P8,IL0012344185,IL0012344185,True,DISCOUNT MN P8,דיסק מנ מסחרי 8,דסקמ.נ8,Corporate Bonds,748,DSMN-P8.TA
1234426,DSMN.B19,IL0012344268,IL0012344268,True,DISCOUNT MN B19,דיסקנט מנ נד יט,דסקמ.ק19,Corporate Bonds,748,DSMN-B19.TA
1234434,DSMN.B18,IL0012344342,IL0012344342,True,DISCOUNT MN B18,דיסק מנ אגח יח,דסקמ.ק18,Corporate Bonds,748,DSMN-B18.TA
1234459,NMCO.B7,IL0012344599,IL0012344599,True,NAMCO B7,נמקו אגח ז,נמקו.ק7,Corporate Bonds,1665,NMCO-B7.TA
1234491,AZRT.B4,IL0012344912,IL0012344912,True,REIT AZORIM B4,ריט אזורים אגחד,אזרט.ק4,Corporate Bonds,1794,AZRT-B4.TA
1234525,PNRG.W4,IL0012345257,IL0012345257,True,PHINERGY W4,פינרג'י אפ 4,פנרג.א4,Warrants,1843,PNRG-W4.TA
1234574,ISAH.B1,IL0012345745,IL0012345745,True,ISA HOLD B1,אי.אס.איי אגח א,יסאא.ק1,Corporate Bonds,2524,ISAH-B1.TA
1234590,MGDO.B2,IL0012345901,IL0012345901,True,MEGIDO B2,מגידו אגח ב,מגדו.ק2,Corporate Bonds,2458,MGDO-B2.TA
1234632,PHOE.C7,IL0012346321,IL0012346321,True,PHOENIX C7,הפניקס אגח 7,פנקס.ה7,Convertible Bonds,767,PHOE-C7.TA
1234673,ECCL.B1,IL0012346735,IL0012346735,True,ACCEL B1,אקסל אגח א,אקסל.ק1,Corporate Bonds,770,ECCL-B1.TA
1234699,ACCL.W11,IL0012346990,IL0012346990,True,ECCEL W11,אקסל אפ 11,אקסל.א11,Warrants,770,ACCL-W11.TA
1234798,SRFT.B14,IL0012347980,IL0012347980,True,SARFATI B14,צרפתי אגח יד,צרפת.ק14,Corporate Bonds,425,SRFT-B14.TA
1234814,AEPL.B2,IL0012348145,IL0012348145,True,AMERICAN EQU B2,אמריקן אק אגח ב,אאפל.ק2,Corporate Bonds,2468,AEPL-B2.TA
1234848,MZT.B2$I,IL0012348483,IL0012348483,True,MIZRAHI TE B2$I,מזרחיטפ אגב$ -ר,מזט.ק2מ$,Corporate Bonds TASE UP,695,MZT-B2$I.TA
1234889,ORIN.B3,IL0012348897,IL0012348897,True,ORIAN B3,אוריין אגח ג,אורן.ק3,Corporate Bonds,1425,ORIN-B3.TA
1234897,ORIN.W1,IL0012348970,IL0012348970,True,ORIAN W1,אוריין אפ 1,אורן.א1,Warrants,1425,ORIN-W1.TA
1234913,ABOU.W1,IL0012349135,IL0012349135,True,ABOU RESIDEN W1,אבו מגורים אפ 1,אבו.א1,Warrants,1863,ABOU-W1.TA
1234921,ABOU.W2,IL0012349218,IL0012349218,True,ABOU RESIDEN W1,אבו מגורים אפ 2,אבו.א2,Warrants,1863,ABOU-W2.TA
1234947,MNIF.B4,IL0012349473,IL0012349473,True,MENIF B4,מניף אגח ד,מניף.ק4,Corporate Bonds,1828,MNIF-B4.TA
1234988,EL.38$-I,IL0012349887,IL0012349887,True,EL 2038$-I,חשמל דולר2038רמ,חש.$ 38רמ,Corporate Bonds TASE UP,600,EL-38$-I.TA
1235001,RLRE,IL0012350018,IL0012350018,True,RAMI LEVI RE,"רמי לוי נדל""ן",רלנד,Shares,2508,RLRE.TA
1235019,RLRE.W1,IL0012350190,IL0012350190,True,RAMI LEVI RE W1,"רמי נדל""ן אפ 1",רלנד.א1,Warrants,2508,RLRE-W1.TA
1235035,LUM.P10,IL0012350356,IL0012350356,True,LEUMI P10,לאומי מסחרי 10,לאמ.נ10,Corporate Bonds,604,LUM-P10.TA
1235050,MUTG.W1,IL0012350505,IL0012350505,True,URBAN BRAND W1,מותג עירוני אפ1,מותג.א1,Warrants,2486,MUTG-W1.TA
1235068,MUTG.W2,IL0012350687,IL0012350687,True,URBAN BRAND W2,מותג עירוני אפ2,מותג.א2,Warrants,2486,MUTG-W2.TA
1235084,ICHO.B1,IL0012350844,IL0012350844,True,IC HOTELS B1,יש קנ מלו אגח א,יקנמ.ק1,Corporate Bonds,1435,ICHO-B1.TA
1235175,PIES.B3,IL0012351750,IL0012351750,True,PIE SIAM B3,פאי סיאם אגח ג,פיאס.ק3,Corporate Bonds,2344,PIES-B3.TA
1235191,SBEN.W1,IL0012351917,IL0012351917,True,SHIKUN&BN EN W1,שוב אנרגיה אפ 1,שובא.א1,Warrants,1930,SBEN-W1.TA
1235233,ECNR.B3,IL0012352337,IL0012352337,True,ECONERGY B3,אקונרג'י אגח ג,אקנר.ק3,Corporate Bonds,1891,ECNR-B3.TA
1235274,TDRN.W1,IL0012352741,IL0012352741,True,TADIRAN GR W1,תדיראן גרופ אפ1,תדראן.א1,Warrants,258,TDRN-W1.TA
1235282,TDRN.B5,IL0012352824,IL0012352824,True,TADIRAN GR B5,תדיראן גרו אגח5,תדראן.ק5,Corporate Bonds,258,TDRN-B5.TA
1235779,ALBI.B1,IL0012357799,IL0012357799,True,ALBEN PRO B1,אלבן השק אגח א,אלבן.ק1,Corporate Bonds,491,ALBI-B1.TA
1235803,HRL.F239,IL0012358037,IL0012358037,True,Harel Sal (4A) TA Infrastructure IL,"הראל סל (4A) ת""א תשתיות",הרל.ס239,ETF Fund - Equity,1747,HRL-F239.TA
1235852,ASGR.B11,IL0012358524,IL0012358524,True,ASPEN GROUP B11,אספן גרופ אגחיא,אסגר.ק11,Corporate Bonds,313,ASGR-B11.TA
1235878,AFRE.B6,IL0012358789,IL0012358789,True,AFRICA RESID B6,אפריקה מג אגח ו,אפמג.ק6,Corporate Bonds,1338,AFRE-B6.TA
1235894,IBID.B6,IL0012358946,IL0012358946,True,IBI DEPO B6,איביאי פק אגח ו,אבאפ.ק6,Corporate Bonds,2467,IBID-B6.TA
1235944,HRPK.B5,IL0012359449,IL0012359449,True,HAREL EXCHA B5,הראל פיקד אגח ה,הרפק.ק5,Corporate Bonds,1781,HRPK-B5.TA
1235969,MTRX.C2,IL0012359696,IL0012359696,True,MATRIX C2,מטריקס אג 2,מטרקס.ה2,Convertible Bonds,445,MTRX-C2.TA
1235985,TCH.F185,IL0012359852,IL0012359852,True,Tachlit SAL (4A) Index Israeli Defense Industries IL,תכלית סל (4A) אינדקס תעשיות ביטחוניות ישראל,תכל.ס185,ETF Fund - Equity,1734,TCH-F185.TA
1236009,UNMI.P2,IL0012360090,IL0012360090,True,UNIVERSAL P2,יוניברסל מסחרי2,יוני.נ2,Corporate Bonds,2072,UNMI-P2.TA
1236132,MGRT.W1,IL0012361320,IL0012361320,True,MEGURIT W1,מגוריט אפ 1,מגרט.א1,Warrants,1668,MGRT-W1.TA
1236181,BIG.B25,IL0012361817,IL0012361817,True,BIG B25,ביג אגח כה,ביג.ק25,Corporate Bonds,1327,BIG-B25.TA
1236207,IPO,CA45780T4046,IL0012362070,False,INPLAY,אינפליי,איפו,Shares,2530,IPO.TA
1236249,IPO.B1,IL0012362492,IL0012362492,True,INPLAY B1,אינפליי אגח א,איפו.ק1,Corporate Bonds,2530,IPO-B1.TA
1236256,AVDP.B6,IL0012362567,IL0012362567,True,AVIAD DEPO B6,אביעד פקדוןאגחו,אבפק.ק6,Corporate Bonds,2446,AVDP-B6.TA
1236264,MIFT.W2,IL0012362641,IL0012362641,True,MILLENNIUM F 2W,מילניום פוד אפ2,מיפט.א2,Warrants,1806,MIFT-W2.TA
1236280,AYA.B1,IL0012362807,IL0012362807,True,AYA NEW YORK B1,איה ניורק אגח א,איה.ק1,Corporate Bonds,2527,AYA-B1.TA
1236314,ELRL.B11,IL0012363144,IL0012363144,True,ELBIT RST B11,אלביט נד אגח יא,אלנל.ק11,Corporate Bonds,1039,ELRL-B11.TA
1236330,RGAS.W3,IL0012363300,IL0012363300,True,RGA SERVICES W3,רגא שרותים אפ 3,רגאש.א3,Warrants,2489,RGAS-W3.TA
1236413,MEDN.B2,IL0012364134,IL0012364134,True,MEHADRIN B2,מהדרין אגח ב,מהדרן.ק2,Corporate Bonds,686,MEDN-B2.TA
1236470,VILR.B12,IL0012364704,IL0012364704,True,VILLAR B12,וילאר אגח יב,ולאר.ק12,Corporate Bonds,416,VILR-B12.TA
1236538,PRSK.B17,IL0012365388,IL0012365388,True,PRASHKOVSKY B17,פרשקובסקי אגחיז,פרשק.ק17,Corporate Bonds,1330,PRSK-B17.TA
1236553,LGTS.B7,IL0012365537,IL0012365537,True,LIGHTSTON B7,לייטסטון אגח ז,לטסט.ק7,Corporate Bonds,1630,LGTS-B7.TA
1236678,CRSM.B7,IL0012366782,IL0012366782,True,CARASSO MOT B7,קרסו מוט אגח ז,קרסמ.ק7,Corporate Bonds,1585,CRSM-B7.TA
1236694,PRIM.B4,IL0012366949,IL0012366949,True,PRIME ENERGY B4,פריים אנרג אגחד,פרים.ק4,Corporate Bonds,1871,PRIM-B4.TA
1236736,CYBR,US6974351057,IL0012367368,False,PALO ALTO,פאלו אלטו,סיבר,Shares,2538,CYBR.TA
1236744,MTF.F136,IL0012367442,IL0012367442,True,"IL י( 3,451.81) MTF Sal (6A) Short TA-Construction","MTF סל (6A) חסר ת""א - בנייה (3,451.81)",מטפ.ס136,ETF Fund - Equity,1735,MTF-F136.TA
1236751,MTF.F137,IL0012367517,IL0012367517,True,MTF SAL (4A) Indxx Israel Defense IL,MTF סל (4A)י Indxx ביטחוניות ישראל,מטפ.ס137,ETF Fund - Equity,1735,MTF-F137.TA
1236801,MRM3.B1I,IL0012368010,IL0012368010,True,MIMUN MR3 B1-I,ממון מש3 אג א-מ,מיה3.ק1מ,Corporate Bonds TASE UP,2539,MRM3-B1I.TA
1236819,MRM3.B2I,IL0012368192,IL0012368192,True,MIMUN MR3 B2-I,ממון מש3 אג ב-מ,מיה3.ק2מ,Corporate Bonds TASE UP,2539,MRM3-B2I.TA
1236827,STRG.W10,IL0012368275,IL0012368275,True,STORAGE W10,סטורג' אפ 10,סטרג.א10,Warrants,1562,STRG-W10.TA
1236884,SPRD.B6,IL0012368846,IL0012368846,True,SAPIR DEPO B6,ספיר פקדון אגחו,ספרפ.ק6,Corporate Bonds,2433,SPRD-B6.TA
1236900,SFRN.B3,IL0012369000,IL0012369000,True,SUFRIN B3,סופרין אגח ג,ספרן.ק3,Corporate Bonds,1974,SFRN-B3.TA
1236918,SFRN.W1,IL0012369182,IL0012369182,True,SUFRIN W1,סופרין אפ 1,ספרן.א1,Warrants,1974,SFRN-W1.TA
1236934,DRAL.B9,IL0012369349,IL0012369349,True,DOR ALON B9,דור אלון אגח ט,דראל.ק9,Corporate Bonds,1072,DRAL-B9.TA
1236959,DNDP.B4,IL0012369596,IL0012369596,True,DANIEL DEPO B4,דניאל פק אגח ד,דנפק.ק4,Corporate Bonds,2496,DNDP-B4.TA
1236967,ALL,IL0012369679,IL0012369679,True,ALLTRADE,אולטרייד,אול,Shares,2535,ALL.TA
1237031,PRDM,IL0012370313,IL0012370313,True,PRODALIM INVEST,פרודלים השקעות,פרדם,Shares,2534,PRDM.TA
1237064,KSM.F243,IL0012370644,IL0012370644,True,KSM ETF (0A) iBoxx $ Treasuries 10Y+ Currency Hedged,"קסם ETF י(0A)י +iBoxx $ Treasuries 10Y מנוטרלת מט""ח",קסם.ס243,ETF - Bonds,1733,KSM-F243.TA
1237171,ELUS.B1,IL0012371717,IL0012371717,True,ELAD US B1,אלעד יואס אגח א,אליס.ק1,Corporate Bonds,2533,ELUS-B1.TA
1237197,ADRT.B4,IL0012371972,IL0012371972,True,RAM ADERET B4,רם אדרת אגח ד,אדרת.ק4,Corporate Bonds,2418,ADRT-B4.TA
1237205,CPI0837,IL0012372053,IL0012372053,True,ILCPI 1.85%0837,ממשל צמודה 0837,ממצמ0837,Government Bonds,954,CPI0837.TA
1237239,PTBL.B12,IL0012372392,IL0012372392,True,PROPE BU B12,נכסים בנ אגח יב,נכבנ.ק12,Corporate Bonds,699,PTBL-B12.TA
1237247,PTBL.B13,IL0012372475,IL0012372475,True,PROPE BU B13,נכסים בנ אגח יג,נכבנ.ק13,Corporate Bonds,699,PTBL-B13.TA
1237734,RSDR.B2,IL0012377342,IL0012377342,True,REISDOR B2,רייסדור אגח ב,רסדר.ק2,Corporate Bonds,2478,RSDR-B2.TA
1237742,SMSH,IL0012377425,IL0012377425,True,SMART SHOOTER,סמארט שוטר,סמאש,Shares,2536,SMSH.TA
1237809,LUM.B5I,IL0012378092,IL0012378092,True,LEUMI B5-I,לאומי אגח 5-רמ,לאמ.5רמ,Corporate Bonds TASE UP,604,LUM-B5I.TA
1237874,KOHN.B1,IL0012378746,IL0012378746,True,KOHAN B1,קוהאן אגח א,קהאן.ק1,Corporate Bonds,2532,KOHN-B1.TA
1237916,MTF.F138,IL0012379165,IL0012379165,True,MTF Sal (4D) Indxx Us industrial Electrification Ecosystem,MTF סל (4D) י Indxx US Industrial Electrification Ecosystem,מטפ.ס138,ETF Fund - Equity,1735,MTF-F138.TA
1238013,DSIT,IL0012380130,IL0012380130,True,DSIT,דיאסאייטי,דסיט,Shares,2528,DSIT.TA
1238062,POL.B104,IL0012380627,IL0012380627,True,POALIM B104,פועלים אגח 104,פעל.ק104,Corporate Bonds,662,POL-B104.TA
1238104,ANLT.F4,IL0012381047,IL0012381047,True,ATF ETF (4A) TA 200 IL,"ATF סל (4A) ת""א 200",אנלט.ס4,ETF Fund - Equity,2466,ANLT-F4.TA
1238179,LUM.P11,IL0012381799,IL0012381799,True,LEUMI P11,לאומי מסחרי 11,לאמ.נ11,Corporate Bonds,604,LUM-P11.TA
1238187,HMGS.W1,IL0012381872,IL0012381872,True,HOME BIOGAS W1,הום ביוגז אפ 1,המגז.א1,Warrants,1845,HMGS-W1.TA
1238195,LUM.B407,IL0012381955,IL0012381955,True,LEUMI B407,לאומי התח נד407,לאמ.ק407,Corporate Bonds,604,LUM-B407.TA
1238203,ANLT.F3,IL0012382037,IL0012382037,True,ATF ETF (4A) TA 125 IL,"ATF סל (4A) ת""א 125",אנלט.ס3,ETF Fund - Equity,2466,ANLT-F3.TA
1238237,INIS.B14,IL0012382375,IL0012382375,True,INTERN ISSU B14,בינל הנפק אגחיד,בנהנ.ק14,Corporate Bonds,1153,INIS-B14.TA
1238245,INIS.P3,IL0012382458,IL0012382458,True,INTERN ISSU P3,בינל הנפ מסחרי3,בנהנ.נ3,Corporate Bonds,1153,INIS-P3.TA
1238294,SCDX.W2,IL0012382946,IL0012382946,True,SCODIX W2,סקודיקס אפ 2,סקדס.א2,Warrants,1887,SCDX-W2.TA
1238336,MNRT.B5,IL0012383365,IL0012383365,True,MENIVIM REIT B5,מניבים ריט אגחה,מנרט.ק5,Corporate Bonds,1679,MNRT-B5.TA
1238344,MNRT.W5,IL0012383449,IL0012383449,True,MENIVIM REIT W5,מניבים ריט אפ 5,מנרט.א5,Warrants,1679,MNRT-W5.TA
1238427,MNRV,IL0012384272,IL0012384272,True,MINRAV GROUP,מנרב,מנרב,Shares,155,MNRV.TA
1238476,MAX.P6,IL0012384769,IL0012384769,True,MAX IT P6,מקס איט מסחרי 6,מקס.נ6,Corporate Bonds,1763,MAX-P6.TA
1238500,NOFR.B5,IL0012385006,IL0012385006,True,NOFAR ENRG B5,נופר אנרג אגח ה,נופר.ק5,Corporate Bonds,1831,NOFR-B5.TA
1238518,ALUM.C1,IL0012385188,IL0012385188,True,ALUMA C1,אלומה אג 1,אלום.ה1,Convertible Bonds,1978,ALUM-C1.TA
1238559,KSM.F244,IL0012385592,IL0012385592,True,KSM ETF (4A) TA-Technology IL,"קסם ETFי (4A) ת""א -טכנולוגיה",קסם.ס244,ETF Fund - Equity,1733,KSM-F244.TA
1238567,KSM.F245,IL0012385675,IL0012385675,True,KSM ETF (4A) Israeli Energy iNDEX IL,קסם ETF י(4A)י אינדקס אנרגיה ישראלית,קסם.ס245,ETF Fund - Equity,1733,KSM-F245.TA
1238583,SADE.B1,IL0012385832,IL0012385832,True,SADE RE B1,שדה נדלן אגח א,שדהנ.ק1,Corporate Bonds,341,SADE-B1.TA
1238617,MLRN.B7,IL0012386178,IL0012386178,True,MLRN B7,מלרן אגח ז,מלרן.ק7,Corporate Bonds,1787,MLRN-B7.TA
1238633,DLKG.B42,IL0012386335,IL0012386335,True,DLK GRP B42,דלק קב אגח מב,דלקב.ק42,Corporate Bonds,1095,DLKG-B42.TA
1239185,ODYS,US81063V2043,IL0012391855,False,ODYSIGHT,אודיסייט,אודס,Shares,2543,ODYS.TA
1239326,POL.P3,IL0012393265,IL0012393265,True,POALIM P3,פועלים מסחרי 3,פעל.נ3,Corporate Bonds,662,POL-P3.TA
1239334,CLIS.B4,IL0012393349,IL0012393349,True,CLAL INSU B4,כלל ביטוח אגח ד,כללבט.ק4,Corporate Bonds,224,CLIS-B4.TA
1239383,DSMN.P9,IL0012393836,IL0012393836,True,DISCOUNT MN P9,דיסק מנ מסחרי 9,דסקמ.נ9,Corporate Bonds,748,DSMN-P9.TA
1239409,PIIN.B3,IL0012394099,IL0012394099,True,PI INT B3,פאי ריבית אגח ג,פירי.ק3,Corporate Bonds,2500,PIIN-B3.TA
1239458,IBID.B7,IL0012394586,IL0012394586,True,IBI DEPO B7,איביאי פק אגח ז,אבאפ.ק7,Corporate Bonds,2467,IBID-B7.TA
1239474,NAWI.P12,IL0012394743,IL0012394743,True,NAWI P12,נאוי מסחרי 12,נאוי.נ12,Corporate Bonds,208,NAWI-P12.TA
1239524,LUM.P12,IL0012395245,IL0012395245,True,LEUMI P12,לאומי מסחרי 12,לאמ.נ12,Corporate Bonds,604,LUM-P12.TA
1239540,MGDF.B19,IL0012395401,IL0012395401,True,MIGDAL FUND B19,מגדל הון אגח יט,מגדה.ק19,Corporate Bonds,1597,MGDF-B19.TA
1239623,MWIN.B5,IL0012396235,IL0012396235,True,M.W. INV B5,מ.ו השקע אגח ה,מוהש.ק5,Corporate Bonds,2398,MWIN-B5.TA
1239656,ELEC.B38,IL0012396565,IL0012396565,True,ELECTRIC B38,חשמל אגח 38,חשמל.ק38,Corporate Bonds,600,ELEC-B38.TA
1239664,ELEC.B39,IL0012396649,IL0012396649,True,ELECTRIC B39,חשמל אגח 39,חשמל.ק39,Corporate Bonds,600,ELEC-B39.TA
1239680,DIFI.P6,IL0012396805,IL0012396805,True,DIRECT FINAN P6,מימון יש מסחרי6,מישק.נ6,Corporate Bonds,1675,DIFI-P6.TA
1239698,KSM.F246,IL0012396987,IL0012396987,True,KSM ETF (4A) MarketVector Israel Defense Industries Index IL,קסם ETF י(4A)י MarketVector תעשיות בטחוניות ישראליות,קסם.ס246,ETF Fund - Equity,1733,KSM-F246.TA
1239722,MOIN.B1,IL0012397225,IL0012397225,True,MOINIAN B1,מויניאן אגח א,מוינ.ק1,Corporate Bonds,2540,MOIN-B1.TA
1239862,HRL.F240,IL0012398629,IL0012398629,True,Harel Sal (4A) MSCI Emerging Markets Dollar-Hedged,הראל סל (4A)י MSCI Emerging Markets מנוטרלת דולר,הרל.ס240,ETF Fund - Equity,1747,HRL-F240.TA
1239920,DNDP.B6,IL0012399205,IL0012399205,True,DANIEL DEPO B6,דניאל פק אגח ו,דנפק.ק6,Corporate Bonds,2496,DNDP-B6.TA
1239946,SPRD.B7,IL0012399460,IL0012399460,True,SAPIR DEPO B7,ספיר פקדון אגחז,ספרפ.ק7,Corporate Bonds,2433,SPRD-B7.TA
1240589,ENCR.B6,IL0012405895,IL0012405895,True,ENCORE PROP B6,אנקור פרופ אגחו,אקרפ.ק6,Corporate Bonds,1683,ENCR-B6.TA
1240605,AVDP.B7,IL0012406059,IL0012406059,True,AVIAD DEPO B7,אביעד פקדוןאגחז,אבפק.ק7,Corporate Bonds,2446,AVDP-B7.TA
1240613,MRPK.B6,IL0012406133,IL0012406133,True,MERAV DEPO B6,מרב פקדון אגח ו,מרפק.ק6,Corporate Bonds,2465,MRPK-B6.TA
1240704,PIIN.B4,IL0012407040,IL0012407040,True,PI INT B4,פאי ריבית אגח ד,פירי.ק4,Corporate Bonds,2500,PIIN-B4.TA
1240761,HRIN.B6,IL0012407610,IL0012407610,True,HAREL INT B6,הראל ריב אגח ו,הריב.ק6,Corporate Bonds,2457,HRIN-B6.TA
1240811,FOX.B2,IL0012408113,IL0012408113,True,FOX B2,פוקס אגח ב,פוקס.ק2,Corporate Bonds,1140,FOX-B2.TA
1240845,AMRM.B4,IL0012408451,IL0012408451,True,AMRAM AVRAHM B4,עמרם אברהם אגחד,עמרם.ק4,Corporate Bonds,2385,AMRM-B4.TA
1240860,MGRT.B12,IL0012408600,IL0012408600,True,MEGURIT B12,מגוריט אגח יב,מגרט.ק12,Corporate Bonds,1668,MGRT-B12.TA
1241058,ISCN.B9,IL0012410580,IL0012410580,True,ISRAEL CANAD B9,ישראל קנדה אגחט,ישקנ.ק9,Corporate Bonds,434,ISCN-B9.TA
1241066,BRND.B3,IL0012410663,IL0012410663,True,BRAND B3,ברנד אגח ג,ברנד.ק3,Corporate Bonds,536,BRND-B3.TA
1241132,GVIM.P4,IL0012411323,IL0012411323,True,GAV YAM P4,גב ים מסחרי 4,גבים.נ4,Corporate Bonds,759,GVIM-P4.TA
1241173,PIDE.B5,IL0012411737,IL0012411737,True,PAI DEPOS B5,פאי פיקדון אגחה,פאיפ.ק5,Corporate Bonds,2420,PIDE-B5.TA
1241231,HGGE.B6,IL0012412313,IL0012412313,True,HAGAG EURO B6,חגג אירופה אגחו,חגגא.ק6,Corporate Bonds,1722,HGGE-B6.TA
1241355,STRW.B3,IL0012413550,IL0012413550,True,STBRY INC B3,סטרברי אנ אגח ג,סטרו.ק3,Corporate Bonds,2438,STRW-B3.TA
1241363,STRW.W1,IL0012413634,IL0012413634,True,STBRY INC W1,סטרוברי אנ אפ 1,סטרו.א1,Warrants,2438,STRW-W1.TA
1241660,INIS.P4,IL0012416603,IL0012416603,True,INTERN ISSU P4,בינל הנפ מסחרי4,בנהנ.נ4,Corporate Bonds,1153,INIS-P4.TA
1241678,LUM.I-36,IL0012416785,IL0012416785,True,LEUMI I-$2036,לאומי 2036 $203,לאמ.36רמ,Corporate Bonds TASE UP,604,LUM-I-36.TA
1241801,MLSR.P6,IL0012418013,IL0012418013,True,MELISRON P6,מליסרון מסחרי 6,מלסר.נ6,Corporate Bonds,323,MLSR-P6.TA
1241900,ISRS.B20,IL0012419003,IL0012419003,True,ISRAS B20,ישרס אגח כ,ישרס.ק20,Corporate Bonds,613,ISRS-B20.TA
1241926,AFPR.P6,IL0012419268,IL0012419268,True,AFI PROP P6,אפי נכס מסחרי 6,אפנכ.נ6,Corporate Bonds,1172,AFPR-P6.TA
1241942,MIDP.B1,IL0012419425,IL0012419425,True,MICHAL DEPO B1,מיכל פק אגח א,מיפק.ק1,Corporate Bonds,2551,MIDP-B1.TA
1241967,AFPR.B18,IL0012419672,IL0012419672,True,AFI PROP B18,אפי נכסים אגחיח,אפנכ.ק18,Corporate Bonds,1172,AFPR-B18.TA
1241991,GOI0530,IL0012419912,IL0012419912,True,ILGOV 0530,ממשל שקלית 0530,ממשק0530,Government Bonds,926,GOI0530.TA
1242437,MRR.B3,IL0012424375,IL0012424375,True,MRR B3,אמ אר אר אגח ג,אמרר.ק3,Corporate Bonds,1756,MRR-B3.TA
1242452,IBID.B8,IL0012424524,IL0012424524,True,IBI DEPO B8,איביאי פק אגח ח,אבאפ.ק8,Corporate Bonds,2467,IBID-B8.TA
1242502,STR.W3,IL0012425026,IL0012425026,True,STARK POW W3,סטארק פאו אפ3,סטר.א3,Warrants,1823,STR-W3.TA
1242510,STR.W4,IL0012425109,IL0012425109,True,STARK POW W4,סטארק פאו אפ4,סטר.א4,Warrants,1823,STR-W4.TA
1242528,TDHR,IL0012425281,IL0012425281,True,TIDHAR,קבוצת תדהר,תדהר,Shares,2557,TDHR.TA
1242585,BZN.B17,IL0012425851,IL0012425851,True,BAZAN B17,בזן אגח יז,בזן.ק17,Corporate Bonds,259,BZN-B17.TA
1242593,HRIS.B24,IL0012425935,IL0012425935,True,HAREL ISSUE B24,הראל הנפק נד כד,הרהנ.ק24,Corporate Bonds,1367,HRIS-B24.TA
1242601,DIFI.B8,IL0012426016,IL0012426016,True,DIRECT FINAN B8,מימון ישיר אגחח,מישק.ק8,Corporate Bonds,1675,DIFI-B8.TA
1242650,BSTG,IL0012426503,IL0012426503,True,BST GROUP,בסט קבוצה,בסטק,Shares,2559,BSTG.TA
1242700,AYAL.B6,IL0012427006,IL0012427006,True,AYALON HOLD B6,איילון התח נד ו,אלן.ק6,Corporate Bonds,209,AYAL-B6.TA
1242726,RSTC,IL0012427261,IL0012427261,True,RUSTIC BAKERY,רוסטיק בייקרי,רסטק,Shares,2563,RSTC.TA
1242791,TIGI.W2,IL0012427915,IL0012427915,True,TIGI W2,תיגי אופ 2,תיגי.א2,Warrants,1876,TIGI-W2.TA
1242825,GMA.B5,IL0012428251,IL0012428251,True,GAMA B5,גמא אגח ה,גמא.ק5,Corporate Bonds,1510,GMA-B5.TA
1242882,BGRA,IL0012428822,IL0012428822,True,BAGIRA,בגירה,בגרה,Shares,2547,BGRA.TA
1242932,YLST.B1,IL0012429325,IL0012429325,True,YELLOWSTONE B1,יילוסטון אגח א,ילסט.ק1,Corporate Bonds,2571,YLST-B1.TA
1242940,KSM.F247,IL0012429408,IL0012429408,True,(KSM ETF (4D) Composite TA-125 (50% S&P 500 (50%) Monthly,"קסם ETF י(4D)י משולבת ת""א 125 (50%) S&P 500 י(50%) חודשי",קסם.ס247,ETF Fund - Equity,1733,KSM-F247.TA
1242981,AZMZ.B1,IL0012429812,IL0012429812,True,AZORIM MIR B1,אזורים מיר אגחא,אזמז.ק1,Corporate Bonds,2549,AZMZ-B1.TA
1243013,TANM,IL0012430133,IL0012430133,True,T&M GROUP,טי אנד אם,טיאם,Shares,2558,TANM.TA
1243088,MZIS.B72,IL0012430885,IL0012430885,True,MIZ TF ISSU B72,מז טפ הנ אגח 72,מזהנ.ק72,Corporate Bonds,231,MZIS-B72.TA
1243096,MZIS.B73,IL0012430968,IL0012430968,True,MIZ TF ISSU B73,מז טפ הנפ נד 73,מזהנ.ק73,Corporate Bonds,231,MZIS-B73.TA
1243104,MZIS.P6,IL0012431040,IL0012431040,True,MIZ TF ISSU P6,מז טפ הנפמסחרי6,מזהנ.נ6,Corporate Bonds,231,MZIS-P6.TA
1243112,GLAM,IL0012431123,IL0012431123,True,GALAM,גלעם,גלעם,Shares,2568,GLAM.TA
1243153,ORNP.W1,IL0012431537,IL0012431537,True,ORION W1,אוריון אפ 1,ארנמ.א1,Warrants,2518,ORNP-W1.TA
1243161,ORNP.W2,IL0012431610,IL0012431610,True,ORION W2,אוריון אפ 2,ארנמ.א2,Warrants,2518,ORNP-W2.TA
1243179,ICL.B8-I,IL0012431792,IL0012431792,True,ICL B8-I,אייסיאל אגחח-רמ,איס.ק8רמ,Corporate Bonds TASE UP,281,ICL-B8-I.TA
1243211,GNRS.W2,IL0012432113,IL0012432113,True,GNRATION CAP W2,ג'נריישן קפ אפ2,גנרש.א2,Warrants,1769,GNRS-W2.TA
1243229,GNRS.W3,IL0012432295,IL0012432295,True,GNRATION CAP W3,ג'נריישן קפ אפ3,גנרש.א3,Warrants,1769,GNRS-W3.TA
1243245,ALRE,IL0012432451,IL0012432451,True,ALMADEV REAL,עלמדב ריל,עלמר,Shares,2548,ALRE.TA
1243252,ALRE.W1,IL0012432527,IL0012432527,True,ALMADEV REAL W1,עלמדב ריל אפ 1,עלמר.א1,Warrants,2548,ALRE-W1.TA
1243302,PIIN.B5,IL0012433020,IL0012433020,True,PI INT B5,פאי ריבית אגח ה,פירי.ק5,Corporate Bonds,2500,PIIN-B5.TA
1243328,AZRL.B11,IL0012433285,IL0012433285,True,AZRIELI B11,עזריאלי אגח יא,עזרל.ק11,Corporate Bonds,1420,AZRL-B11.TA
1243336,CLL.B17I,IL0012433368,IL0012433368,True,CLAL IND B17-I,כלל תעשאג יז-רמ,כת.ק17רמ,Corporate Bonds TASE UP,608,CLL-B17I.TA
1243351,MIDP.B2,IL0012433517,IL0012433517,True,MICHAL DEPO B2,מיכל פק אגח ב,מיפק.ק2,Corporate Bonds,2551,MIDP-B2.TA
1243377,LUM.I-29,IL0012433772,IL0012433772,True,LEUMI I-$2029,לאומי$ 2029בכ ר,לאמ.29רמ,Corporate Bonds TASE UP,604,LUM-I-29.TA
1243385,LUM.33-I,IL0012433855,IL0012433855,True,LEUMI I-$2033,לאומי$ 2033בכ ר,לאמ.33-מ,Corporate Bonds TASE UP,604,LUM-33-I.TA
1243401,MVNE.B27,IL0012434010,IL0012434010,True,MIVNE.B27,מבנה אגח כז,מבנה.ק27,Corporate Bonds,226,MVNE-B27.TA
1243450,KSM.F248,IL0012434507,IL0012434507,True,KSM ETF (4D) Poland 50 iNDEX,קסם ETF י(4D)י Poland 50 iNDEX,קסם.ס248,ETF Fund - Equity,1733,KSM-F248.TA
1243468,RMA.B1,IL0012434689,IL0012434689,True,RAM MOGR ARD B1,רם מוג אר אגח א,רמא.ק1,Corporate Bonds,2567,RMA-B1.TA
1243591,FTAL.B6,IL0012435918,IL0012435918,True,FATTAL HOLD B6,פתאל החז אגח ו,פתאל.ק6,Corporate Bonds,1621,FTAL-B6.TA
1243617,TSG.B1,IL0012436171,IL0012436171,True,TSG B1,טיאסג'י אגח א,טסגי.ק1,Corporate Bonds,2444,TSG-B1.TA
1243625,TSG.W1,IL0012436254,IL0012436254,True,TSG W1,טיאסג'י אפ 1,טסגי.א1,Warrants,2444,TSG-W1.TA
1243732,AVGR.B1,IL0012437328,IL0012437328,True,AVIV GROUP B1,אביב קב אגח א,אבקב.ק1,Corporate Bonds,1969,AVGR-B1.TA
1243757,DLAS,IL0012437575,IL0012437575,True,DELEK PROPERTY,דלק ייזום,דליז,Shares,2576,DLAS.TA
1243781,MRM4.B1I,IL0012437815,IL0012437815,True,MIMUN MR4 B1-I,ממון מש4 אג א-מ,מיה4.ק1מ,Corporate Bonds TASE UP,2579,MRM4-B1I.TA
1243799,MRM4.B2I,IL0012437997,IL0012437997,True,MIMUN MR4 B2-I,ממון מש4 אג ב-מ,מיה4.ק2מ,Corporate Bonds TASE UP,2579,MRM4-B2I.TA
1243823,PPIL.W1,IL0012438235,IL0012438235,True,PALSTOFIL W1,פלסטופיל אפ 1,פפיל.א1,Warrants,1240,PPIL-W1.TA
1243831,DNYA.P1,IL0012438318,IL0012438318,True,DANYA CEBUS P1,דניה סיבוס נעמ1,דניה.נ1,Corporate Bonds,1096,DNYA-P1.TA
1243864,FEAT.W1,IL0012438649,IL0012438649,True,FEAT INV W1,פיט השקעות אפ 1,פיט.א1,Warrants,1850,FEAT-W1.TA
1243898,INIS.P5,IL0012438987,IL0012438987,True,INTERN ISSU P5,בינל הנפ מסחרי5,בנהנ.נ5,Corporate Bonds,1153,INIS-P5.TA
1243948,SMIT.P4,IL0012439480,IL0012439480,True,SUMMIT P4,סאמיט מסחרי 4,סמיט.נ4,Corporate Bonds,1060,SMIT-P4.TA
1243997,MTF.F140,IL0012439977,IL0012439977,True,MTF SAL (0A) Index US Gov 10Y Fixed Duration Currency-Hedged,"MTF סל (0A) אינדקס אג""ח ממשלת ארה""ב - מח""מ 10 קבוע מנוטרלת מט""ח",מטפ.ס140,ETF - Bonds,1735,MTF-F140.TA
1244474,BRAN.B4,IL0012444746,IL0012444746,True,BARAN B4,ברן אגח ד,ברן.ק4,Corporate Bonds,286,BRAN-B4.TA
1244490,AVGM.B1,IL0012444902,IL0012444902,True,AVIGAM B1,אביגם אגח א,אבגם.ק1,Corporate Bonds,2555,AVGM-B1.TA
1244524,POL.B105,IL0012445248,IL0012445248,True,POALIM B105,פועלים אגח 105,פעל.ק105,Corporate Bonds,662,POL-B105.TA
1244532,POL.B106,IL0012445321,IL0012445321,True,POALIM B106,פועלים אגח 106,פעל.ק106,Corporate Bonds,662,POL-B106.TA
1244557,HRL.F241,IL0012445578,IL0012445578,True,Harel Sal (4A) TA - Israel Energy IL,"הראל סל (4A) ת""א - אנרגיה ישראל",הרל.ס241,ETF Fund - Equity,1747,HRL-F241.TA
1244581,CNDO,IL0012445818,IL0012445818,True,CANDO DRONES,קאנדו דרונס,קנדו,Shares,2578,CNDO.TA
1244599,CNDO.W1,IL0012445990,IL0012445990,True,CANDO DRONES W1,קאנדו דרונס אפ1,קנדו.א1,Warrants,2578,CNDO-W1.TA
1244631,SOLA,IL0012446311,IL0012446311,True,SOLA ENERGIES,סולה אנרגיות,סולה,Shares,2550,SOLA.TA
1244649,SOLA.W1,IL0012446493,IL0012446493,True,SOLA ENERG W1,סולה אנרג אפ 1,סולה.א1,Warrants,2550,SOLA-W1.TA
1244680,AMIM.B1,IL0012446808,IL0012446808,True,AMIM B1,עמים יזמות אגחא,עמים.ק1,Corporate Bonds,2574,AMIM-B1.TA
1244730,RPCE,IL0012447301,IL0012447301,True,RAPAC ENERGY,רפק אנרג'י,רפקא,Shares,2556,RPCE.TA
1244789,APLP.W10,IL0012447897,IL0012447897,True,APOLLO POWR W10,אפולו פאור אפ10,אפלפ.א10,Warrants,1074,APLP-W10.TA
1244821,DNDP.B5,IL0012448218,IL0012448218,True,DANIEL DEPO B5,דניאל פק אגח ה,דנפק.ק5,Corporate Bonds,2496,DNDP-B5.TA
1244847,ISHI.B1,IL0012448473,IL0012448473,True,ISRAEL SHIP B1,מספנות ישר אגחא,מספנ.ק1,Corporate Bonds,1810,ISHI-B1.TA
1244862,ECNR.B4,IL0012448622,IL0012448622,True,ECONERGY B4,אקונרג'י אגח ד,אקנר.ק4,Corporate Bonds,1891,ECNR-B4.TA
1244888,RAFA,IL0012448887,IL0012448887,True,RAFA LABORATOR,מעבדות רפא,רפא,Shares,2561,RAFA.TA
1244896,RAFA.O1,IL0012448960,IL0012448960,True,RAFA LABORAT O1,מעבדות רפא אר 1,רפא.אר1,Purchase Warrant,2561,RAFA-O1.TA
1244938,MIDP.B3,IL0012449380,IL0012449380,True,MICHAL DEPO B3,מיכל פק אגח ג,מיפק.ק3,Corporate Bonds,2551,MIDP-B3.TA
1244946,RYT.W1,IL0012449463,IL0012449463,True,RAY TLV W1,ריי טי אל אפ1,רטל.א1,Warrants,673,RYT-W1.TA
1244979,GIVO.W34,IL0012449794,IL0012449794,True,GIVOT W34,גבעות אפ 34,גבעת.א34,Warrants,506,GIVO-W34.TA
1245000,LUM.P13,IL0012450008,IL0012450008,True,LEUMI P13,לאומי מסחרי 13,לאמ.נ13,Corporate Bonds,604,LUM-P13.TA
1245026,ALMA.B13,IL0012450263,IL0012450263,True,ALMOGIM B13,אלמוגים אגח יג,אלמג.ק13,Corporate Bonds,1553,ALMA-B13.TA
1245042,SNFL.B5,IL0012450420,IL0012450420,True,SUNFLOWER B5,סאנפלאואר אגח ה,סנפל.ק5,Corporate Bonds,1062,SNFL-B5.TA
1245067,SPRD.B8,IL0012450677,IL0012450677,True,SAPIR DEPO B8,ספיר פקדון אגחח,ספרפ.ק8,Corporate Bonds,2433,SPRD-B8.TA
1245091,LEOS.B1,IL0012450917,IL0012450917,True,SY LEONARDO B1,סי לאונרדו אגחא,לאוס.ק1,Corporate Bonds,2570,LEOS-B1.TA
1245125,IBII.B1,IL0012451253,IL0012451253,True,IBI INT B1,איביאי רב אגח א,אבאר.ק1,Corporate Bonds,2580,IBII-B1.TA
1245158,FOX.P1,IL0012451584,IL0012451584,True,FOX P1,פוקס מסחרי 1,פוקס.נ1,Corporate Bonds,1140,FOX-P1.TA
1245190,ARIN.W2,IL0012451907,IL0012451907,True,ARI REAL ES W2,ארי נדלן אפ 2,ארינ.א2,Warrants,366,ARIN-W2.TA
1245273,AVDP.B8,IL0012452731,IL0012452731,True,AVIAD DEPO B8,אביעד פקדוןאגחח,אבפק.ק8,Corporate Bonds,2446,AVDP-B8.TA
1245323,AMPA.P3,IL0012453234,IL0012453234,True,AMPA P3,אמפא מסחרי 3,אמפא.נ3,Corporate Bonds,2471,AMPA-P3.TA
1245356,NGVG.B1,IL0012453564,IL0012453564,True,NEGEV GR B1,נגב קב אגח א,נגבק.ק1,Corporate Bonds,211,NGVG-B1.TA
1245414,SMBR.B2,IL0012454141,IL0012454141,True,SHMUEL BR B2,שמואל בר אגח ב,שמבר.ק2,Corporate Bonds,2456,SMBR-B2.TA
1245851,AVSR,IL0012458514,IL0012458514,True,AVISROR,אביסרור,אביס,Shares,2573,AVSR.TA
1245869,AVSR.W1,IL0012458696,IL0012458696,True,AVISROR W1,אביסרור אפ 1,אביס.א1,Warrants,2573,AVSR-W1.TA
1245927,PRPD.B2,IL0012459272,IL0012459272,True,PROPDO B2,פרופדו אגח ב,פרפד.ק2,Corporate Bonds,2389,PRPD-B2.TA
1246057,RTEN.W10,IL0012460577,IL0012460577,True,ROTEM ENRG W10,רותם אנרג אפ 10,רתאנ.א10,Warrants,1693,RTEN-W10.TA
1246164,LUM.P14,IL0012461641,IL0012461641,True,LEUMI P14,לאומי מסחרי 14,לאמ.נ14,Corporate Bonds,604,LUM-P14.TA
1246214,OPCE.B5,IL0012462144,IL0012462144,True,OPC ENERGY B5,או.פי.סי אגח ה,אפסא.ק5,Corporate Bonds,1682,OPCE-B5.TA
126011,GCT,IL0001260111,IL0001260111,True,G CITY,ג'י סיטי,גיסי,Shares,126,GCT.TA
1260603,GCT.B12,IL0012606039,IL0012606039,True,G CITY B12,ג'י סיטי אגח יב,גיסי.ק12,Corporate Bonds,126,GCT-B12.TA
1260652,GCT.B13,IL0012606526,IL0012606526,True,G CITY B13,ג'י סיטי אגח יג,גיסי.ק13,Corporate Bonds,126,GCT-B13.TA
1260736,GCT.B14,IL0012607367,IL0012607367,True,G CITY B14,ג'י סיטי אגח יד,גיסי.ק14,Corporate Bonds,126,GCT-B14.TA
1260769,GCT.B15,IL0012607698,IL0012607698,True,G CITY B15,ג'י סיטי אגח טו,גיסי.ק15,Corporate Bonds,126,GCT-B15.TA
1260785,GCT.B16,IL0012607854,IL0012607854,True,G CITY B16,ג'י סיטי אגח טז,גיסי.ק16,Corporate Bonds,126,GCT-B16.TA
127019,MISH,IL0001270193,IL0001270193,True,MIVTACH SHAMIR,מבטח שמיר,מבשמ,Shares,127,MISH.TA
130013,ZNKL,IL0001300131,IL0001300131,True,ZANLAKOL,זנלכל,זנכל,Shares,130,ZNKL.TA
136010,LAHAV,IL0001360101,IL0001360101,True,LAHAV,להב,להב,Shares,136,LAHAV.TA
1380047,ARZM.B2,IL0013800474,IL0013800474,True,ARAZIM B2,ארזים אגח 2,ארזם.ק2,Corporate Bonds,138,ARZM-B2.TA
1380104,ARZM.B4,IL0013801043,IL0013801043,True,ARAZIM B4,ארזים אגח 4,ארזם.ק4,Corporate Bonds,138,ARZM-B4.TA
142018,TEDE,IL0001420186,IL0001420186,True,TEDEA,תדאה,תדאה,Shares,142,TEDE.TA
149013,GOLD,IL0001490130,IL0001490130,True,GOLD,גולד,גולד,Shares,149,GOLD.TA
150011,HRON,IL0001500110,IL0001500110,True,HIRON,חירון,חרון,Shares,150,HRON.TA
1550169,MNRV.B4,IL0015501690,IL0015501690,True,MINRAV B4,מנרב אגח ד,מנרב.ק4,Corporate Bonds,155,MNRV-B4.TA
161018,ONE,IL0001610182,IL0001610182,True,ONE TECHNOLOGI,וואן טכנולוגיות,וואן,Shares,161,ONE.TA
168013,NTO,IL0001680136,IL0001680136,True,NETO,נטו אחזקות,נטו,Shares,168,NTO.TA
169011,SOLT-M,IL0001690119,IL0001690119,True,SOLTERRA-M,סולטרה אנרגיה-ש,סולט-ש,Shares,169,SOLT-M.TA
174011,INTR,IL0001740112,IL0001740112,True,INTERGAMA,אינטרגאמא,אנטר,Shares,174,INTR.TA
175018,IBI,IL0001750186,IL0001750186,True,IBI INV HOUSE,איביאי בית השק,אבא,Shares,175,IBI.TA
180018,ANGL,IL0001800189,IL0001800189,True,ANGEL SALOMON,אנגל שלמה,אנגלש,Shares,180,ANGL.TA
1820083,ADGR,IL0018200837,IL0018200837,True,ADGAR INV.,אדגר,אדגר,Shares,182,ADGR.TA
1820208,ADGR.B10,IL0018202080,IL0018202080,True,ADGAR B10,אדגר אגח י,אדגר.ק10,Corporate Bonds,182,ADGR-B10.TA
1820281,ADGR.B11,IL0018202817,IL0018202817,True,ADGAR B11,אדגר אגח יא,אדגר.ק11,Corporate Bonds,182,ADGR-B11.TA
1820331,ADGR.B12,IL0018203310,IL0018203310,True,ADGAR B12,אדגר אגח יב,אדגר.ק12,Corporate Bonds,182,ADGR-B12.TA
199018,FRSX,IL0001990188,IL0001990188,True,FORESIGHT,פורסייט,פרסט,Shares,199,FRSX.TA
200014,LEOF,IL0002000144,IL0002000144,True,LEVINSKI OFER,לוינסקי עופר,ליעפ,Shares,200,LEOF.TA
2000206,LEOF.B4,IL0020002064,IL0020002064,True,LEVINSKI B4,לוינסקי אגח ד,ליעפ.ק4,Corporate Bonds,200,LEOF-B4.TA
208017,NAWI,IL0002080179,IL0002080179,True,NAWI,נאוי,נאוי,Shares,208,NAWI.TA
209015,AYAL,IL0002090152,IL0002090152,True,AYALON HOLD.,איילון,אילון,Shares,209,AYAL.TA
216010,TECT,IL0002160104,IL0002160104,True,TECTONA,טקטונה,טקטנ,Shares,216,TECT.TA
224014,CLIS,IL0002240146,IL0002240146,True,CLAL INSURANCE,כלל עסקי ביטוח,כללבט,Shares,224,CLIS.TA
226019,MVNE,IL0002260193,IL0002260193,True,MIVNE,מבנה,מבנה,Shares,226,MVNE.TA
2260438,MVNE.B16,IL0022604388,IL0022604388,True,MIVNE B16,מבנה אגח טז,מבנה.ק16,Corporate Bonds,226,MVNE-B16.TA
2260446,MVNE.B17,IL0022604461,IL0022604461,True,MIVNE B17,מבנה אגח יז,מבנה.ק17,Corporate Bonds,226,MVNE-B17.TA
2260487,MVNE.B19,IL0022604875,IL0022604875,True,MIVNE B19,מבנה אגח יט,מבנה.ק19,Corporate Bonds,226,MVNE-B19.TA
2260495,MVNE.B20,IL0022604958,IL0022604958,True,MIVNE B20,מבנה אגח כ,מבנה.ק20,Corporate Bonds,226,MVNE-B20.TA
2260545,MVNE.B23,IL0022605450,IL0022605450,True,MIVNE B23,מבנה אגח כג,מבנה.ק23,Corporate Bonds,226,MVNE-B23.TA
2260552,MVNE.B24,IL0022605526,IL0022605526,True,MIVNE B24,מבנה אגח כד,מבנה.ק24,Corporate Bonds,226,MVNE-B24.TA
2260636,MVNE.B25,IL0022606367,IL0022606367,True,MIVNE B25,מבנה אגח כה,מבנה.ק25,Corporate Bonds,226,MVNE-B25.TA
230011,BEZQ,IL0002300114,IL0002300114,True,BEZEQ,בזק,בזק,Shares,230,BEZQ.TA
2300234,BEZQ.B11,IL0023002343,IL0023002343,True,BEZEQ B11,בזק אגח 11,בזק.ק11,Corporate Bonds,230,BEZQ-B11.TA
2300242,BEZQ.B12,IL0023002426,IL0023002426,True,BEZEQ B12,בזק אגח 12,בזק.ק12,Corporate Bonds,230,BEZQ-B12.TA
2300309,BEZQ.B13,IL0023003093,IL0023003093,True,BEZEQ B13,בזק אגח 13,בזק.ק13,Corporate Bonds,230,BEZQ-B13.TA
2300317,BEZQ.B14,IL0023003176,IL0023003176,True,BEZEQ B14,בזק אגח 14,בזק.ק14,Corporate Bonds,230,BEZQ-B14.TA
2310183,MZIS.B42,IL0023101830,IL0023101830,True,MIZ TF ISSU B42,מז טפ הנפק 42,מזהנ.ק42,Corporate Bonds,231,MZIS-B42.TA
2310225,MZIS.B46,IL0023102259,IL0023102259,True,MIZ TF ISSU B46,מז טפ הנפק 46,מזהנ.ק46,Corporate Bonds,231,MZIS-B46.TA
2310381,MZIS.B52,IL0023103810,IL0023103810,True,MIZ TF ISSU B52,מז טפ הנפק 52,מזהנ.ק52,Corporate Bonds,231,MZIS-B52.TA
2310464,MZIS.B61,IL0023104644,IL0023104644,True,MIZ TF ISSU B61,מז טפ הנפ אגח61,מזהנ.ק61,Corporate Bonds,231,MZIS-B61.TA
2310498,MZIS.B62,IL0023104982,IL0023104982,True,MIZ TF ISSU B62,מז טפ הנ אגח 62,מזהנ.ק62,Corporate Bonds,231,MZIS-B62.TA
2310548,MZIS.B63,IL0023105484,IL0023105484,True,MIZ TF ISSU B63,מז טפ הנ אגח 63,מזהנ.ק63,Corporate Bonds,231,MZIS-B63.TA
2310555,MZIS.B64,IL0023105559,IL0023105559,True,MIZ TF ISSU B64,מז טפ הנ אגח 64,מזהנ.ק64,Corporate Bonds,231,MZIS-B64.TA
232017,ISRA,IL0002320179,IL0002320179,True,ISRAMCO PU,ישראמקו יהש,ישרמק,Participating unit ,232,ISRA.TA
2320224,ISRA.B2,IL0023202240,IL0023202240,True,ISRAMCO B2,ישראמקו אגח ב,ישרמק.ק2,Corporate Bonds,232,ISRA-B2.TA
2320232,ISRA.B3,IL0023202323,IL0023202323,True,ISRAMCO B3,ישראמקו אגח ג,ישרמק.ק3,Corporate Bonds,232,ISRA-B3.TA
235010,GOHO,IL0002350101,IL0002350101,True,GOLDEN HOUSE,בית הזהב,בזהב,Shares,235,GOHO.TA
2350130,GOHO.B4,IL0023501302,IL0023501302,True,GOLDEN HOUSE B4,בית הזהב אגח ד,בזהב.ק4,Corporate Bonds,235,GOHO-B4.TA
2380053,MMAN.B3,IL0023800530,IL0023800530,True,MAMAN B3,ממן אגח ג,ממן.ק3,Corporate Bonds,238,MMAN-B3.TA
249011,SEMG,IL0002490113,IL0002490113,True,SEACH MEDICAL,שיח מדיקל,שיח,Shares,249,SEMG.TA
2510170,ASPR.B9,IL0025101705,IL0025101705,True,ASHTROM PR B9,אשטרום נכ אגח 9,אשנכ.ק9,Corporate Bonds,251,ASPR-B9.TA
2510204,ASPR.B10,IL0025102042,IL0025102042,True,ASHTROM PR B10,אשטרום נכ אגח10,אשנכ.ק10,Corporate Bonds,251,ASPR-B10.TA
2510238,ASPR.B11,IL0025102380,IL0025102380,True,ASHTROM PR B11,אשטרום נכ אגח11,אשנכ.ק11,Corporate Bonds,251,ASPR-B11.TA
2510279,ASPR.B12,IL0025102794,IL0025102794,True,ASHTROM PRO B12,אשטרום נכ אגח12,אשנכ.ק12,Corporate Bonds,251,ASPR-B12.TA
2510303,ASPR.B13,IL0025103032,IL0025103032,True,ASHTROM PRO B13,אשטרום נכ אגח13,אשנכ.ק13,Corporate Bonds,251,ASPR-B13.TA
256016,FORTY,IL0002560162,IL0002560162,True,FORMULA,פורמולה מערכות,פרמלה,Shares,256,FORTY.TA
2560209,FORTY.B3,IL0025602090,IL0025602090,True,FORMULA B3,פורמולה אגח ג,פרמלה.ק3,Corporate Bonds,256,FORTY-B3.TA
257014,MRHL,IL0002570146,IL0002570146,True,MERCHAVIA HOLD,מרחביה אחזקות,מראח,Shares,257,MRHL.TA
258012,TDRN,IL0002580129,IL0002580129,True,TADIRAN GROUP,תדיראן גרופ,תדראן,Shares,258,TDRN.TA
2580132,TDRN.B3,IL0025801320,IL0025801320,True,TADIRAN GROU B3,תדיראן גרו אגח3,תדראן.ק3,Corporate Bonds,258,TDRN-B3.TA
2590248,ORL,IL0025902482,IL0025902482,True,BAZAN,בזן,בזן,Shares,259,ORL.TA
2590511,BAZN.B10,IL0025905113,IL0025905113,True,BAZAN B10,בזן אגח י,בזן.ק10,Corporate Bonds,259,BAZN-B10.TA
2590578,BZN.B12,IL0025905782,IL0025905782,True,BAZAN B12,בזן אגח יב,בזן.ק12,Corporate Bonds,259,BZN-B12.TA
266015,ROBO,IL0002660152,IL0002660152,True,ROBOGROUP,רובוגרופ,רבגפ,Shares,266,ROBO.TA
273011,NICE,IL0002730112,IL0002730112,True,NICE,נייס,נייס,Shares,273,NICE.TA
278010,WILK,IL0002780109,IL0002780109,True,WILK,וילק,וילק,Shares,278,WILK.TA
280016,CAST,IL0002800162,IL0002800162,True,CASTRO,קסטרו,קסטרו,Shares,280,CAST.TA
281014,ICL,IL0002810146,IL0002810146,True,ICL,איי.סי.אל,איסל,Shares,281,ICL.TA
2810331,ICL.B6-I,IL0028103310,IL0028103310,True,ICL B6-I,אייסיאל אגחו-רמ,איס.ק6רמ,Corporate Bonds TASE UP,281,ICL-B6-I.TA
2810372,ICL.B7,IL0028103724,IL0028103724,True,ICL B7,אייסיאל אגח ז,איסל.ק7,Corporate Bonds,281,ICL-B7.TA
282012,IMCO,IL0002820129,IL0002820129,True,IMCO,אימקו,אמקו,Shares,282,IMCO.TA
286013,BRAN,IL0002860133,IL0002860133,True,BARAN,ברן,ברן,Shares,286,BRAN.TA
288019,SCOP,IL0002880198,IL0002880198,True,SCOPE,סקופ,סקופ,Shares,288,SCOP.TA
290023,TUZA,IL0002900236,IL0002900236,True,TEUZA,תעוזה,תעוזה,Shares,290,TUZA.TA
297010,AVRT,IL0002970106,IL0002970106,True,AVROT,אברות,אברות,Shares,297,AVRT.TA
299016,RSEL,IL0002990161,IL0002990161,True,RSL,אראסאל,רסל,Shares,299,RSEL.TA
312017,ASHO,IL0003120172,IL0003120172,True,ASHOT,עשות,עשות,Shares,312,ASHO.TA
313015,ASGR,IL0003130155,IL0003130155,True,ASPEN GROUP,אספן גרופ,אסגר,Shares,313,ASGR.TA
3130390,ASGR.B8,IL0031303907,IL0031303907,True,ASPEN GROUP B8,אספן גרופ אגח ח,אסגר.ק8,Corporate Bonds,313,ASGR-B8.TA
3130424,ASGR.B9,IL0031304244,IL0031304244,True,ASPEN GROUP B9,אספן גרופ אגח ט,אסגר.ק9,Corporate Bonds,313,ASGR-B9.TA
314013,DANE,IL0003140139,IL0003140139,True,DANEL,דנאל,דנאל,Shares,314,DANE.TA
315010,FBRT,IL0003150104,IL0003150104,True,FMS,פמס,פמס,Shares,315,FBRT.TA
3180361,LDR.B8-I,IL0031803617,IL0031803617,True,LEADER B8-I,לידר אגח ח- רמ,ליד.ק8רמ,Corporate Bonds TASE UP,318,LDR-B8-I.TA
323014,MLSR,IL0003230146,IL0003230146,True,MELISRON,מליסרון,מלסרן,Shares,323,MLSR.TA
3230265,MLSR.B16,IL0032302650,IL0032302650,True,MELIRON B16,מליסרון אגח טז,מלסר.ק16,Corporate Bonds,323,MLSR-B16.TA
3230273,MLSR.B17,IL0032302734,IL0032302734,True,MELISRON B17,מליסרון אגח יז,מלסר.ק17,Corporate Bonds,323,MLSR-B17.TA
3230372,MLSR.B18,IL0032303724,IL0032303724,True,MELISRON B18,מליסרון אגח יח,מלסר.ק18,Corporate Bonds,323,MLSR-B18.TA
3230398,MLSR.B19,IL0032303989,IL0032303989,True,MELISRON B19,מליסרון אגח יט,מלסר.ק19,Corporate Bonds,323,MLSR-B19.TA
3230422,MLSR.B20,IL0032304227,IL0032304227,True,MELISRON B20,מליסרון אגח כ,מלסר.ק20,Corporate Bonds,323,MLSR-B20.TA
328013,PRTC,IL0003280133,IL0003280133,True,PRIORTECH,פריורטק,פרטק,Shares,328,PRTC.TA
338012,CMER,IL0003380123,IL0003380123,True,MER,מר,מר,Shares,338,CMER.TA
341016,SADE,IL0003410169,IL0003410169,True,SADE REAL ESTAT,"שדה נדל""ן",שדהנ,Shares,341,SADE.TA
345017,MDIN,IL0003450173,IL0003450173,True,MODIIN PU,מודיעין יהש,מדע,Participating unit ,345,MDIN.TA
350017,VISN,IL0003500175,IL0003500175,True,VISION SIGMA,ויז'ן סיגמא,ויזן,Shares,350,VISN.TA
351015,HOD,IL0003510158,IL0003510158,True,HOD,חד,חד,Shares,351,HOD.TA
354019,TLSY,IL0003540197,IL0003540197,True,TELSYS,טלסיס,טלסיס,Shares,354,TLSY.TA
363010,ARDM,IL0003630105,IL0003630105,True,AERODROME GROUP,אירודרום קבוצה,ארדמ,Shares,363,ARDM.TA
366013,ARIN,IL0003660136,IL0003660136,True,ARI RAEL ESTATE,ארי נדלן,ארינ,Shares,366,ARIN.TA
3660156,ARIN.B1,IL0036601560,IL0036601560,True,ARI REAL ES B1,ארי נדלן אגח א,ארינ.ק1,Corporate Bonds,366,ARIN-B1.TA
368019,ELWS,IL0003680191,IL0003680191,True,ELECTREON,אלקטריאון,אלוס,Shares,368,ELWS.TA
371013,WLFD,IL0003710139,IL0003710139,True,WILLY FOOD,וילי פוד,ולפוד,Shares,371,WLFD.TA
373019,AURA,IL0003730194,IL0003730194,True,AURA,אאורה,אארה,Shares,373,AURA.TA
3730579,AURA.B16,IL0037305799,IL0037305799,True,AURA B16,אאורה אגח טז,אארה.ק16,Corporate Bonds,373,AURA-B16.TA
382010,PEAX,IL0003820102,IL0003820102,True,PEAX SOLUTIONS,פיקס סולושנז,פקסו,Shares,382,PEAX.TA
383018,AILN,IL0003830184,IL0003830184,True,AXILION,אקסיליון,אילנ,Shares,383,AILN.TA
384016,HAMAT,IL0003840167,IL0003840167,True,HAMAT,חמת,חמת,Shares,384,HAMAT.TA
386011,QNCO,IL0003860116,IL0003860116,True,QUEENCO,קווינקו,קנקו,Shares,386,QNCO.TA
3870169,ALRP.B5,IL0038701699,IL0038701699,True,ALROV PRO B5,אלרוב נדלן אגחה,אלרנ.ק5,Corporate Bonds,387,ALRP-B5.TA
3870185,ALRP.B6,IL0038701855,IL0038701855,True,ALROV PRO B6,אלרוב נדלן אגחו,אלרנ.ק6,Corporate Bonds,387,ALRP-B6.TA
387019,ALRPR,IL0003870198,IL0003870198,True,ALROV PROPERT,אלרוב נדלן,אלרנד,Shares,387,ALRPR.TA
390013,ALHE,IL0003900136,IL0003900136,True,ALONY HETZ,אלוני חץ,אלחץ,Shares,390,ALHE.TA
3900354,ALHE.B9,IL0039003541,IL0039003541,True,ALONY HETS B9,אלוני חץ אגח ט,אלחץ.ק9,Corporate Bonds,390,ALHE-B9.TA
3900362,ALHE.B10,IL0039003624,IL0039003624,True,ALONY HETS B10,אלוני חץ אגח י,אלחץ.ק10,Corporate Bonds,390,ALHE-B10.TA
3900487,ALHE.B11,IL0039004879,IL0039004879,True,ALONY HETS B11,אלוני חץ אגח יא,אלחץ.ק11,Corporate Bonds,390,ALHE-B11.TA
3900495,ALHE.B12,IL0039004952,IL0039004952,True,ALONY HETS B12,אלוני חץ אגח יב,אלחץ.ק12,Corporate Bonds,390,ALHE-B12.TA
393017,RLCO,IL0003930174,IL0003930174,True,RALCO,ראלקו,רלקו,Shares,393,RLCO.TA
394015,RATI,IL0003940157,IL0003940157,True,RATIO PU,רציו יהש,רצו,Participating unit ,394,RATI.TA
397018,THES,IL0003970188,IL0003970188,True,THIRDEYE,עין שלישית,עינש,Shares,397,THES.TA
399014,BRIL,IL0003990145,IL0003990145,True,BRILL,בריל,בריל,Shares,399,BRIL.TA
400010,DUNI,IL0004000100,IL0004000100,True,DUNIEC,דוניץ,דונץ,Shares,400,DUNI.TA
412015,PAYT,IL0004120155,IL0004120155,True,PAYTON,פייטון,פטון,Shares,412,PAYT.TA
413013,AVIA,IL0004130139,IL0004130139,True,AVIATION LINKS,קשרי תעופה,קשרתע,Shares,413,AVIA.TA
416016,VILR,IL0004160169,IL0004160169,True,VILLAR,וילאר,ולאר,Shares,416,VILR.TA
4160164,VILR.B9,IL0041601647,IL0041601647,True,VILLAR B9,וילאר אגח ט,ולאר.ק9,Corporate Bonds,416,VILR-B9.TA
421016,NTGR,IL0004210162,IL0004210162,True,NETANEL GROUP,נתנאל גרופ,נתגר,Shares,421,NTGR.TA
422014,SRAC,IL0004220146,IL0004220146,True,S.R ACCORD,אסאר אקורד,אסאק,Shares,422,SRAC.TA
4220372,SRAC.B2,IL0042203724,IL0042203724,True,S.R ACCORD B2,אסאר אקורד אגחב,אסאק.ק2,Corporate Bonds,422,SRAC-B2.TA
424010,BLITZ,IL0004240102,IL0004240102,True,BLITZ,בליץ,בליץ,Shares,424,BLITZ.TA
425017,SRFT,IL0004250176,IL0004250176,True,SARFATI,צרפתי,צרפת,Shares,425,SRFT.TA
4250270,SRFT.B12,IL0042502703,IL0042502703,True,SARFATI B12,צרפתי אגח יב,צרפת.ק12,Corporate Bonds,425,SRFT-B12.TA
431015,IES,IL0004310152,IL0004310152,True,IES,אייאיאס,איאס,Shares,431,IES.TA
433011,NXTG,IL0004330119,IL0004330119,True,NEXTAGE,נקסטייג',נקטג,Shares,433,NXTG.TA
434019,ISCN,IL0004340191,IL0004340191,True,ISRAEL CANADA,ישראל קנדה,ישקנ,Shares,434,ISCN.TA
4340212,ISCN.B7,IL0043402127,IL0043402127,True,ISRAEL CANAD B7,ישראל קנדה אגחז,ישקנ.ק7,Corporate Bonds,434,ISCN-B7.TA
440016,CRMT,IL0004400169,IL0004400169,True,CARMIT,כרמית,כרמת,Shares,440,CRMT.TA
442012,CISY,IL0004420126,IL0004420126,True,C I SYSTEMS,סיאי,סיאי,Shares,442,CISY.TA
444018,AVIV,IL0004440181,IL0004440181,True,AVIV,אביב בניה,אביב,Shares,444,AVIV.TA
445015,MTRX,IL0004450156,IL0004450156,True,MATRIX,מטריקס,מטרקס,Shares,445,MTRX.TA
448019,GIBUI,IL0004480195,IL0004480195,True,GIBUI HOLDING,גיבוי אחזקות,גיבו,Shares,448,GIBUI.TA
454017,GAGR,IL0004540170,IL0004540170,True,GAON GROUP,גאון קבוצה,גנקב,Shares,454,GAGR.TA
456012,UPSL,IL0004560129,IL0004560129,True,UPSELLON BRANDS,אפסלון ברנדס,אפסל,Shares,456,UPSL.TA
462010,TGTR,IL0004620105,IL0004620105,True,TOGETHER,טוגדר,טגדר,Shares,462,TGTR.TA
473017,LUZN,IL0004730177,IL0004730177,True,LUZON GROUP,לוזון קבוצה,לוזנ,Shares,473,LUZN.TA
4730180,LUZN.C9,IL0047301804,IL0047301804,True,LUZON GROUP C9,לוזון קב אג ט,לוזנ.ה9,Convertible Bonds,473,LUZN-C9.TA
475020,NWMD,IL0004750209,IL0004750209,True,NEWMED ENERG PU,ניו-מד אנרג יהש,נומד,Participating unit ,475,NWMD.TA
485011,BONS,IL0004850116,IL0004850116,True,BONUS BIOGROUP,בונוס ביוגרופ,בונס,Shares,485,BONS.TA
486027,YBOX,IL0004860271,IL0004860271,True,YBOX,וויי בוקס,ובקס,Shares,486,YBOX.TA
494013,MIA,IL0004940131,IL0004940131,True,MIA DYNAMICS,מיה דיינמיקס,מיה,Shares,494,MIA.TA
5010129,ECP,IL0050101299,IL0050101299,True,ELECTRA CO PR,אלקטרה צריכה,אמצ,Shares,501,ECP.TA
5010335,EFP.B1,IL0050103352,IL0050103352,True,ELECTRA CO B1,אלקטרה צר אגח א,אמצ.ק1,Corporate Bonds,501,EFP-B1.TA
506022,GIVO,IL0005060228,IL0005060228,True,GIVOT PU,גבעות יהש,גבעות,Participating unit ,506,GIVO.TA
507012,CMDR,IL0005070128,IL0005070128,True,COMPUTER DIRECT,מיחשוב ישר קב,מחשר,Shares,507,CMDR.TA
522011,KAFR,IL0005220111,IL0005220111,True,KAFRIT,כפרית,כפרת,Shares,522,KAFR.TA
526012,RAVD,IL0005260125,IL0005260125,True,RAVAD,רבד,רבד,Shares,526,RAVD.TA
530014,BIRM,IL0005300145,IL0005300145,True,BIRMAN,בירמן,ברמן,Shares,530,BIRM.TA
531012,BOTI,IL0005310128,IL0005310128,True,BONEI TICHON,בוני תיכון,בנתכ,Shares,531,BOTI.TA
532010,GSFI,IL0005320101,IL0005320101,True,GAN SHMUEL,גן שמואל,גנשמ,Shares,532,GSFI.TA
536011,BRND,IL0005360115,IL0005360115,True,BRAND,ברנד,ברנד,Shares,536,BRND.TA
539015,ROTS,IL0005390153,IL0005390153,True,ROTSHTEIN,רוטשטיין,רשטן,Shares,539,ROTS.TA
5390273,ROTS.B10,IL0053902735,IL0053902735,True,ROTSHTEIN B10,רוטשטיין אגח י,רשטן.ק10,Corporate Bonds,539,ROTS-B10.TA
543017,KNFM,IL0005430173,IL0005430173,True,KNAFAIM,כנפיים,כנפים,Shares,543,KNFM.TA
544015,MYDS,IL0005440156,IL0005440156,True,MYDAS,מידאס,מדאס,Shares,544,MYDS.TA
5440284,MYDS.B4,IL0054402842,IL0054402842,True,MYDAS B4,מידאס אגח ד,מדאס.ק4,Corporate Bonds,544,MYDS-B4.TA
550012,STG,IL0005500124,IL0005500124,True,STG,אסטיגי,סטג,Shares,550,STG.TA
5660063,MMHD.B3,IL0056600633,IL0056600633,True,MENORA MIV B3,מנורה מב אגח ג,ממהח.ק3,Corporate Bonds,566,MMHD-B3.TA
566018,MMHD,IL0005660183,IL0005660183,True,MENORA MIV HLD,מנורה מב החז,ממהח,Shares,566,MMHD.TA
573014,LEVI,IL0005730143,IL0005730143,True,LEVINSTEIN ENG,לוינשטין הנדסה,לשטן,Shares,573,LEVI.TA
576017,ILCO,IL0005760173,IL0005760173,True,ISRAEL CORP,חברה לישראל,חל,Shares,576,ILCO.TA
5760251,ILC.B12,IL0057602513,IL0057602513,True,ISRAEL COR B12,חברהלישראלאגח12,חל.ק12,Corporate Bonds,576,ILC-B12.TA
5760269,ILC.B13,IL0057602695,IL0057602695,True,ISRAEL COR B13,חברהלישראלאגח13,חל.ק13,Corporate Bonds,576,ILC-B13.TA
5760301,ILC.B14,IL0057603016,IL0057603016,True,ISRAEL COR B14,חברהלישראלאגח14,חל.ק14,Corporate Bonds,576,ILC-B14.TA
5760327,ILC.B15,IL0057603271,IL0057603271,True,ISRAEL COR B15,חברהלישראלאגח15,חל.ק15,Corporate Bonds,576,ILC-B15.TA
578013,AFHL,IL0005780130,IL0005780130,True,AFCON HOLD,אפקון החזקות,אפהח,Shares,578,AFHL.TA
5780168,AFHL.B4,IL0057801685,IL0057801685,True,AFCON HOLD B4,אפקון החז אגח ד,אפהח.ק4,Corporate Bonds,578,AFHL-B4.TA
584011,LBTL,IL0005840116,IL0005840116,True,LIBENTAL,ליבנטל,לבטל,Shares,584,LBTL.TA
5850110,HARL.B1,IL0058501102,IL0058501102,True,HAREL INVST B1,הראל השק אגח א,הראל.ק1,Corporate Bonds,585,HARL-B1.TA
585018,HARL,IL0005850180,IL0005850180,True,HAREL,הראל השקעות,הראל,Shares,585,HARL.TA
587014,ARYT,IL0005870147,IL0005870147,True,ARYT,ארית תעשיות,ארית,Shares,587,ARYT.TA
589010,EMDV,IL0005890103,IL0005890103,True,EMILIA DEVEL,אמיליה פיתוח,אמפת,Shares,589,EMDV.TA
593038,FIBI,IL0005930388,IL0005930388,True,FIBI BANK,בינלאומי,בנלמ,Shares,593,FIBI.TA
6000186,EL.L29-I,IL0060001869,IL0060001869,True,LINKED 2029-I,חשמל צמוד2029רמ,חש29צ.רמ,Corporate Bonds TASE UP,600,EL-L29-I.TA
6000210,ELEC.B27,IL0060002107,IL0060002107,True,ELECTRIC CO B27,חשמל אגח 27,חשמל.ק27,Corporate Bonds,600,ELEC-B27.TA
6000244,EL.D28-I,IL0060002446,IL0060002446,True,EL DOLAR2028-I,חשמל דולר2028רמ,חש28ד.רמ,Corporate Bonds TASE UP,600,EL-D28-I.TA
6000285,ELEC.B31,IL0060002859,IL0060002859,True,ELECTRIC CO B31,חשמל אגח 31,חשמל.ק31,Corporate Bonds,600,ELEC-B31.TA
6000384,ELEC.B32,IL0060003840,IL0060003840,True,ELECTRIC CO B32,חשמל אגח 32,חשמל.ק32,Corporate Bonds,600,ELEC-B32.TA
6000392,ELEC.B33,IL0060003923,IL0060003923,True,ELECTRIC CO B33,חשמל אגח 33,חשמל.ק33,Corporate Bonds,600,ELEC-B33.TA
6000400,EL.D32-I,IL0060004004,IL0060004004,True,EL DOLAR 2032-I,חשמל דולר2032רמ,חש32ד.רמ,Corporate Bonds TASE UP,600,EL-D32-I.TA
6040398,LUM.B402,IL0060403982,IL0060403982,True,LEUMI B 402,לאומי התח נד402,לאמ.ק402,Corporate Bonds,604,LUM-B402.TA
6040539,LUM.B182,IL0060405391,IL0060405391,True,LEUMI B182,לאומי אגח 182,לאמ.ק182,Corporate Bonds,604,LUM-B182.TA
6040547,LUM.B183,IL0060405474,IL0060405474,True,LEUMI B183,לאומי אגח 183,לאמ.ק183,Corporate Bonds,604,LUM-B183.TA
6040604,LUM.B184,IL0060406043,IL0060406043,True,LEUMI B184,לאומי אגח 184,לאמ.ק184,Corporate Bonds,604,LUM-B184.TA
6040620,LUM.B405,IL0060406209,IL0060406209,True,LEUMI B405,לאומי התח נד405,לאמ.ק405,Corporate Bonds,604,LUM-B405.TA
6040679,LUM.I-33,IL0060406795,IL0060406795,True,LEUMI I-$2033,לאומי 2033 $203,לאמ.33רמ,Corporate Bonds TASE UP,604,LUM-I-33.TA
6040687,LUM.I-27,IL0060406878,IL0060406878,True,LEUMI I-$2027,לאומי$ 2027בכ ר,לאמ.27רמ,Corporate Bonds TASE UP,604,LUM-I-27.TA
604611,LUMI,IL0006046119,IL0006046119,True,LEUMI,לאומי,לאומי,Shares,604,LUMI.TA
612010,ILDC,IL0006120104,IL0006120104,True,LAND DEV,הכשרת הישוב,הכשרה,Shares,612,ILDC.TA
6120224,ILDC.B21,IL0061202243,IL0061202243,True,LAND DEV B21,הכשרת ישוב אג21,הכשר.ק21,Corporate Bonds,612,ILDC-B21.TA
6120240,ILDC.B22,IL0061202409,IL0061202409,True,LAND DEV B22,הכשרת ישוב אג22,הכשר.ק22,Corporate Bonds,612,ILDC-B22.TA
6120323,ILDC.B23,IL0061203233,IL0061203233,True,LAND DEV B23,הכשרת ישוב אג23,הכשר.ק23,Corporate Bonds,612,ILDC-B23.TA
6130199,ISRS.B14,IL0061301995,IL0061301995,True,ISRAS B14,ישרס אגח יד,ישרס.ק14,Corporate Bonds,613,ISRS-B14.TA
6130207,ISRS.B15,IL0061302076,IL0061302076,True,ISRAS B15,ישרס אגח טו,ישרס.ק15,Corporate Bonds,613,ISRS-B15.TA
6130223,ISRS.B16,IL0061302233,IL0061302233,True,ISRAS B16,ישרס אגח טז,ישרס.ק16,Corporate Bonds,613,ISRS-B16.TA
6130280,ISRS.B18,IL0061302803,IL0061302803,True,ISRAS B18,ישרס אגח יח,ישרס.ק18,Corporate Bonds,613,ISRS-B18.TA
613034,ISRS,IL0006130343,IL0006130343,True,ISRAS,ישרס,ישרס,Shares,613,ISRS.TA
6130348,IRS.B19,IL0061303488,IL0061303488,True,ISRAS B19,ישרס אגח יט,ישרס.ק19,Corporate Bonds,613,IRS-B19.TA
621011,KRUR,IL0006210111,IL0006210111,True,KERUR,קרור,קרור,Shares,621,KRUR.TA
625012,ALBA,IL0006250125,IL0006250125,True,ALBAAD,עלבד,עלבד,Shares,625,ALBA.TA
6270144,DELG.B1,IL0062701441,IL0062701441,True,DELTA GALIL B1,דלתא גליל אגח א,דלתג.ק1,Corporate Bonds,627,DELG-B1.TA
6270193,DELG.B6,IL0062701938,IL0062701938,True,DELTA GALIL B6,דלתא גליל אגח ו,דלתג.ק6,Corporate Bonds,627,DELG-B6.TA
627034,DELG,IL0006270347,IL0006270347,True,DELTA GALIL,דלתא גליל,דלתג,Shares,627,DELG.TA
629014,TEVA,IL0006290147,IL0006290147,True,TEVA,טבע,טבע,Shares,629,TEVA.TA
634030,SMNR,IL0006340306,IL0006340306,True,SHEMEN ESTATE,שמן נדלן,שמנד,Shares,634,SMNR.TA
639013,DISI,IL0006390137,IL0006390137,True,DISCOUNT INV,דיסקונט השקעות,דסקש,Shares,639,DISI.TA
6390348,DISI.B10,IL0063903483,IL0063903483,True,DISCOUNT IN B10,דיסק השק אגח י,דסקש.ק10,Corporate Bonds,639,DISI-B10.TA
6390405,DISI.B11,IL0063904051,IL0063904051,True,DISCOUNT IN B11,דיסק השק אגח יא,דסקש.ק11,Corporate Bonds,639,DISI-B11.TA
642017,LAPD,IL0006420173,IL0006420173,True,LAPIDOTH CAP.,לפידות קפיטל,לפדת,Shares,642,LAPD.TA
643015,NFTA,IL0006430156,IL0006430156,True,NAPHTHA,נפטא,נפטא,Shares,643,NFTA.TA
644013,PLRM,IL0006440130,IL0006440130,True,PALRAM,פלרם,פלרם,Shares,644,PLRM.TA
654012,AMAN,IL0006540129,IL0006540129,True,AMANET,אמנת,אמנת,Shares,654,AMAN.TA
660019,NISA,IL0006600196,IL0006600196,True,NISSAN,ניסן,ניסן,Shares,660,NISA.TA
6620470,POL.I1,IL0066204707,IL0066204707,True,POALIM $ 1-I,פועלים 1COCOרמ$,פעל.1רמ,Corporate Bonds TASE UP,662,POL-I1.TA
6620488,PLI.B100,IL0066204889,IL0066204889,True,POALIM B100,פועלים אגח 100,פעל.ק100,Corporate Bonds,662,PLI-B100.TA
6620496,PLI.B200,IL0066204962,IL0066204962,True,POALIM B200,פועלים אגח 200,פעל.ק200,Corporate Bonds,662,PLI-B200.TA
6620553,POLI.B6,IL0066205530,IL0066205530,True,POALIM B6,פועלים התח נד ו,פעלים.ק6,Corporate Bonds,662,POLI-B6.TA
662577,POLI,IL0006625771,IL0006625771,True,POALIM,פועלים,פעלים,Shares,662,POLI.TA
666016,LUZC,IL0006660166,IL0006660166,True,LUZON CREDIT,לוזון אשראי,לוזא,Shares,666,LUZC.TA
673012,RAYG,IL0006730126,IL0006730126,True,RAY TLV GROUP,ריי טי אל וי,רטאל,Shares,673,RAYG.TA
675017,AVER,IL0006750173,IL0006750173,True,AVERBUCH,אברבוך,אברבך,Shares,675,AVER.TA
686014,MEDN,IL0006860147,IL0006860147,True,MEHADRIN,מהדרין,מהדרן,Shares,686,MEDN.TA
691212,DSCT,IL0006912120,IL0006912120,True,DISCOUNT,דיסקונט א,דסקנט,Shares,691,DSCT.TA
6940233,ELCO.B13,IL0069402332,IL0069402332,True,ELCO B13,אלקו אגח יג,אלקו.ק13,Corporate Bonds,694,ELCO-B13.TA
694034,ELCO,IL0006940345,IL0006940345,True,ELCO,אלקו,אלקו,Shares,694,ELCO.TA
695437,MZTF,IL0006954379,IL0006954379,True,MIZRAHI TEFAHOT,מזרחי טפחות,מזטפ,Shares,695,MZTF.TA
699017,PTBL,IL0006990175,IL0006990175,True,PROPERT & BUIL,נכסים ובנין,נכסבנ,Shares,699,PTBL.TA
704015,EXPO,IL0007040152,IL0007040152,True,EXPORT INV,יצוא,יצוא,Shares,704,EXPO.TA
715011,AZRM,IL0007150118,IL0007150118,True,AZORIM,אזורים,אזרם,Shares,715,AZRM.TA
7150410,AZRM.B13,IL0071504109,IL0071504109,True,AZORIM B13,אזורים אגח 13,אזרם.ק13,Corporate Bonds,715,AZRM-B13.TA
7150444,AZRM.B14,IL0071504448,IL0071504448,True,AZORIM B14,אזורים אגח 14,אזרם.ק14,Corporate Bonds,715,AZRM-B14.TA
7150451,AZRM.B15,IL0071504513,IL0071504513,True,AZORIM B15,אזורים אגח 15,אזרם.ק15,Corporate Bonds,715,AZRM-B15.TA
716019,CTPL1,IL0007160190,IL0007160190,True,CITRUS PLANT1,מטעי הדר 1,מטעי1,Shares,716,CTPL1.TA
716035,CTPL5,IL0007160356,IL0007160356,True,CITRUS PLANT 5,מטעי הדר 5,מטעי5,Shares,716,CTPL5.TA
7190242,LEV.B8,IL0071902428,IL0071902428,True,LEVI B8,לוי אגח ח,לוי.ק8,Corporate Bonds,719,LEV-B8.TA
720011,ENLT,IL0007200111,IL0007200111,True,ENLIGHT ENERGY,אנלייט אנרגיה,אנלט,Shares,720,ENLT.TA
7200173,ENLT.B6,IL0072001733,IL0072001733,True,ENLIGHT B6,אנלייט אנר אגחו,אנלט.ק6,Corporate Bonds,720,ENLT-B6.TA
7200249,ENLT.C3,IL0072002491,IL0072002491,True,ENLIGHT C3,אנלייט אנר אג ג,אנלט.ה3,Convertible Bonds,720,ENLT-C3.TA
7200256,ENLT.B4,IL0072002566,IL0072002566,True,ENLIGHT B4,אנלייט אנ אגח ד,אנלט.ק4,Corporate Bonds,720,ENLT-B4.TA
723007,NSTR,PAL0605071A3,IL0007230076,False,NORSTAR,נורסטאר,נסטר,Shares,723,NSTR.TA
726018,JBNK,IL0007260180,IL0007260180,True,JERUSALEM,ירושלים,ירשם,Shares,726,JBNK.TA
727016,PLCR,IL0007270163,IL0007270163,True,PLASTO CARGAL,פלסטו קרגל,פלקר,Shares,727,PLCR.TA
730010,ZUR,IL0007300101,IL0007300101,True,ZUR,צור,צור,Shares,730,ZUR.TA
7300171,ZUR.B10,IL0073001716,IL0073001716,True,ZUR B10,צור אגח י,צור.ק10,Corporate Bonds,730,ZUR-B10.TA
7300247,ZUR.B11,IL0073002474,IL0073002474,True,ZUR B 11,צור אגח יא,צור.ק11,Corporate Bonds,730,ZUR-B11.TA
731018,MLTH,IL0007310183,IL0007310183,True,MALAM-TEAM HOLD,מלם-תים אחזקות,מלתא,Shares,731,MLTH.TA
7390222,ELTR.B5,IL0073902228,IL0073902228,True,ELECTRA B5,אלקטרה אגח ה,אלקטה.ק5,Corporate Bonds,739,ELTR-B5.TA
7390263,ELTR.B6,IL0073902632,IL0073902632,True,ELECTRA B6,אלקטרה אגח ו,אלקטה.ק6,Corporate Bonds,739,ELTR-B6.TA
739037,ELTR,IL0007390375,IL0007390375,True,ELECTRA,אלקטרה,אלקטה,Shares,739,ELTR.TA
744011,GIX,IL0007440113,IL0007440113,True,GIX,גיקס,גיקס,Shares,744,GIX.TA
745018,POLY,IL0007450187,IL0007450187,True,POLYGON,פוליגון,פלגן,Shares,745,POLY.TA
746016,STRS,IL0007460160,IL0007460160,True,STRAUSS GROUP,שטראוס,שטרס,Shares,746,STRS.TA
7460389,STRS.B5,IL0074603890,IL0074603890,True,STRAUS GROUP B5,שטראוס אגח ה,שטרס.ק5,Corporate Bonds,746,STRS-B5.TA
7460421,STRS.B6,IL0074604211,IL0074604211,True,STRAUS GROUP B6,שטראוס אגח ו,שטרס.ק6,Corporate Bonds,746,STRS-B6.TA
7480163,DSMN.B14,IL0074801635,IL0074801635,True,DISCONT MAN B14,דיסק מנ אגח יד,דסקמ.ק14,Corporate Bonds,748,DSMN-B14.TA
7480304,DSMN.B15,IL0074803045,IL0074803045,True,DISCONT MAN B15,דיסק מנ אגח טו,דסקמ.ק15,Corporate Bonds,748,DSMN-B15.TA
7480312,DSMN.B8,IL0074803128,IL0074803128,True,DISCOUNT MAN B8,דיסקונט מנ נד ח,דסקמנ.ק8,Corporate Bonds,748,DSMN-B8.TA
749077,ELRN,IL0007490779,IL0007490779,True,ELRON,אלרון,אלרון,Shares,749,ELRN.TA
753012,LODZ,IL0007530129,IL0007530129,True,LODZIA,לודזיה,לודז,Shares,753,LODZ.TA
7550148,EQTL.B3,IL0075501481,IL0075501481,True,EQUITAL B3,אקויטל אגח 3,אקטל.ק3,Corporate Bonds,755,EQTL-B3.TA
755017,EQTL,IL0007550176,IL0007550176,True,EQUITAL,אקויטל,אקטל,Shares,755,EQTL.TA
756015,PTCH,IL0007560159,IL0007560159,True,PETROCHEMICAL,פטרוכימיים,פטרו,Shares,756,PTCH.TA
7590151,GVYM.B8,IL0075901517,IL0075901517,True,GAV YAM B8,גב ים אגח ח,גבים.ק8,Corporate Bonds,759,GVYM-B8.TA
759019,GVYM,IL0007590198,IL0007590198,True,GAV YAM,גב ים,גבים,Shares,759,GVYM.TA
7590219,GVYM.B9,IL0075902192,IL0075902192,True,GAV YAM B9,גב ים אגח ט,גבים.ק9,Corporate Bonds,759,GVYM-B9.TA
7590284,GVYM.B10,IL0075902846,IL0075902846,True,GAV YAM B10,גב ים אגח י,גבים.ק10,Corporate Bonds,759,GVYM-B10.TA
763011,FIBIH,IL0007630119,IL0007630119,True,FIBI HOLDINGS,פיבי,פיבי,Shares,763,FIBIH.TA
765016,PPBT,IL0007650166,IL0007650166,True,PURPLE BIOTECH,פרפל ביוטק,פפבט,Shares,765,PPBT.TA
767012,PHOE,IL0007670123,IL0007670123,True,PHOENIX,הפניקס,פנקס,Shares,767,PHOE.TA
7670250,PHOE.B4,IL0076702500,IL0076702500,True,PHOENIX B4,הפניקס אגח 4,פנקס.ק4,Corporate Bonds,767,PHOE-B4.TA
7670284,PHOE.B5,IL0076702849,IL0076702849,True,PHOENIX B5,הפניקס אגח 5,פנקס.ק5,Corporate Bonds,767,PHOE-B5.TA
7670334,PHOE.B6,IL0076703342,IL0076703342,True,PHOENIX B6,הפניקס אגח 6,פנקס.ק6,Corporate Bonds,767,PHOE-B6.TA
769026,RPAC,IL0007690261,IL0007690261,True,RAPAC,רפק,רפק,Shares,769,RPAC.TA
770016,ACCL,IL0007700169,IL0007700169,True,ACCEL,אקסל,אקסל,Shares,770,ACCL.TA
7710262,GBPR.B12,IL0077102627,IL0077102627,True,GABAY PROP B12,גבאי מניבאגח יב,גבמנ.ק12,Corporate Bonds,771,GBPR-B12.TA
7710296,GBPR.B13,IL0077102965,IL0077102965,True,GABAY PROP B13,גבאי מניבאגח יג,גבמנ.ק13,Corporate Bonds,771,GBPR-B13.TA
7770191,SAE.B4,IL0077701915,IL0077701915,True,SHUFERSAL B4,שופרסל אגח ד,שפרסל.ק4,Corporate Bonds,777,SAE-B4.TA
7770209,SAE.B5,IL0077702095,IL0077702095,True,SHUFERSAL B5,שופרסל אגח ה,שפרסל.ק5,Corporate Bonds,777,SAE-B5.TA
7770217,SAE.B6,IL0077702178,IL0077702178,True,SHUFERSAL B6,שופרסל אגח ו,שפרסל.ק6,Corporate Bonds,777,SAE-B6.TA
7770258,SAE.B7,IL0077702582,IL0077702582,True,SHUFERSAL B7,שופרסל אגח ז,שפרסל.ק7,Corporate Bonds,777,SAE-B7.TA
777037,SAE,IL0007770378,IL0007770378,True,SHUFERSAL,שופרסל,שפרסל,Shares,777,SAE.TA
796011,TAYA,IL0007960110,IL0007960110,True,TAYA INV,תיא השקעות,תאהש,Shares,796,TAYA.TA
797035,KLIL,IL0007970358,IL0007970358,True,KLIL,קליל,קליל,Shares,797,KLIL.TA
810010,CDEV,IL0008100104,IL0008100104,True,COHEN DEV,כהן פיתוח,כהנפת,Shares,810,CDEV.TA
813014,SANO1,IL0008130143,IL0008130143,True,SANO,סנו,סנו,Shares,813,SANO1.TA
822015,DANH,IL0008220159,IL0008220159,True,DAN HOTELS,דן מלונות,דן,Shares,822,DANH.TA
823013,HGG,IL0008230133,IL0008230133,True,HAGAG,חג'ג',חגג,Shares,823,HGG.TA
8230328,HGG.B11,IL0082303285,IL0082303285,True,HAGAG B11,חג'ג' אגח יא,חגג.ק11,Corporate Bonds,823,HGG-B11.TA
8230377,HGG.B12,IL0082303772,IL0082303772,True,HAGAG B12,חג'ג' אגח יב,חגג.ק12,Corporate Bonds,823,HGG-B12.TA
826016,LHIS,IL0008260163,IL0008260163,True,LACHISH,לכיש,לכיש,Shares,826,LHIS.TA
8260911,TR916,IL0082609111,IL0082609111,True,TREASR BND 916,מ.ק.מ. 916,מקמ916,Treasury Bill,891,TR916.TA
8261018,TR1016,IL0082610184,IL0082610184,True,TREASR BND 1016,מ.ק.מ. 1016,מקמ1016,Treasury Bill,891,TR1016.TA
8261117,TR1116,IL0082611174,IL0082611174,True,TREASR BND 1116,מ.ק.מ. 1116,מקמ1116,Treasury Bill,891,TR1116.TA
8261216,TR1216,IL0082612164,IL0082612164,True,TREASR BND 1216,מ.ק.מ. 1216,מקמ1216,Treasury Bill,891,TR1216.TA
8270118,TR117,IL0082701181,IL0082701181,True,TREASR BND 117,מ.ק.מ. 117,מקמ117,Treasury Bill,891,TR117.TA
8270217,TR217,IL0082702171,IL0082702171,True,TREASR BND 217,מ.ק.מ 217,מקמ217,Treasury Bill,891,TR217.TA
8270316,TR317,IL0082703161,IL0082703161,True,TREASR BND 317,מ.ק.מ 317,מקמ317,Treasury Bill,891,TR317.TA
8270415,TR417,IL0082704151,IL0082704151,True,TREASR BND 417,מ.ק.מ. 417,מקמ417,Treasury Bill,891,TR417.TA
8270514,TR517,IL0082705141,IL0082705141,True,TREASR BND 517,מ.ק.מ. 517,מקמ517,Treasury Bill,891,TR517.TA
8270613,TR617,IL0082706131,IL0082706131,True,TREASR BND 617,מ.ק.מ. 617,מקמ617,Treasury Bill,891,TR617.TA
8270712,TR717,IL0082707121,IL0082707121,True,TREASR BND 717,מ.ק.מ 717,מקמ717,Treasury Bill,891,TR717.TA
8270811,TR817,IL0082708111,IL0082708111,True,TREASR BND 817,מ.ק.מ. 817,מקמ817,Treasury Bill,891,TR817.TA
829010,DLEA,IL0008290103,IL0008290103,True,DELEK AUTOMOTIV,דלק רכב,דלקרכ,Shares,829,DLEA.TA
